{"stats":{"minecraft:custom":{"minecraft:time_since_rest":8721,"minecraft:sprint_one_cm":61588,"minecraft:damage_taken":2260,"minecraft:walk_one_cm":42357,"minecraft:mob_kills":1,"minecraft:drop":1,"minecraft:damage_dealt":133,"minecraft:swim_one_cm":23748,"minecraft:interact_with_crafting_table":3,"minecraft:fly_one_cm":196944,"minecraft:crouch_one_cm":1922,"minecraft:play_time":23978,"minecraft:deaths":7,"minecraft:sneak_time":445,"minecraft:walk_under_water_one_cm":2999,"minecraft:jump":717,"minecraft:damage_dealt_resisted":0,"minecraft:leave_game":2,"minecraft:walk_on_water_one_cm":4554,"minecraft:time_since_death":8676,"minecraft:total_world_time":23978,"minecraft:fall_one_cm":27900},"minecraft:killed_by":{"undead_revamp2:the_moonflower":2},"minecraft:mined":{"minecraft:seagrass":2,"minecraft:white_terracotta":16,"minecraft:acacia_leaves":1,"minecraft:black_terracotta":1,"minecraft:light_gray_terracotta":14,"minecraft:grass":6,"minecraft:acacia_log":10,"minecraft:grass_block":11,"minecraft:oak_log":1,"minecraft:vine":1,"minecraft:jungle_log":6,"minecraft:dead_bush":19,"minecraft:sand":27,"minecraft:dirt":2,"minecraft:brown_terracotta":14,"minecraft:stone":25,"minecraft:moss_block":2,"minecraft:oak_leaves":2},"minecraft:dropped":{"mvw:stone_dagger":1},"minecraft:used":{"minecraft:bread":4,"minecraft:stone_pickaxe":12,"minecraft:wooden_pickaxe":60,"minecraft:sandstone":1,"minecraft:sand":3,"minecraft:crafting_table":1,"minecraft:light_gray_terracotta":3,"alexsmobs:animal_dictionary":1,"minecraft:iron_leggings":1},"minecraft:crafted":{"minecraft:oak_planks":4,"minecraft:crafting_table":2,"mvw:stone_dagger":1,"minecraft:wooden_pickaxe":1,"minecraft:stone_pickaxe":1,"minecraft:wooden_axe":1,"minecraft:sandstone":1,"minecraft:acacia_planks":36,"minecraft:stone_axe":1,"minecraft:jungle_planks":24},"minecraft:broken":{"minecraft:wooden_pickaxe":1},"minecraft:picked_up":{"minecraft:stick":17,"minecraft:black_terracotta":1,"minecraft:jungle_log":6,"minecraft:brown_terracotta":14,"minecraft:acacia_log":9,"minecraft:sand":27,"minecraft:oak_log":1,"minecraft:dirt":13,"minecraft:light_gray_terracotta":14,"minecraft:iron_leggings":1,"minecraft:acacia_planks":1,"minecraft:wheat_seeds":1,"mvw:stone_dagger":1,"minecraft:bread":13,"minecraft:white_terracotta":16,"minecraft:iron_sword":1,"minecraft:cobblestone":25}},"DataVersion":3465}