{"stats":{"minecraft:crafted":{"minecraft:oak_planks":92,"minecraft:wooden_shovel":1,"extraarmor:mangrove_wood_chestplate":1,"minecraft:crafting_table":4,"minecraft:wooden_pickaxe":1,"minecraft:iron_sword":1,"minecraft:furnace":1,"minecraft:mangrove_planks":24,"minecraft:stone_axe":1,"minecraft:air":0,"minecraft:acacia_boat":2,"minecraft:bread":34,"quark:acacia_chest":1,"minecraft:charcoal":1,"minecraft:shield":1,"minecraft:iron_axe":1,"minecraft:stick":28,"quark:oak_chest":1,"minecraft:iron_pickaxe":1,"minecraft:stone_pickaxe":1,"minecraft:wooden_axe":3,"minecraft:white_bed":1,"extraarmor:acacia_wood_helmet":1,"minecraft:acacia_planks":60,"minecraft:torch":12,"minecraft:wheat":117},"minecraft:picked_up":{"minecraft:crafting_table":1,"minecraft:leather_chestplate":4,"minecraft:wheat":8,"fight_or_die:springer_fragment":4,"minecraft:lilac":9,"minecraft:leather_leggings":4,"minecraft:oak_log":30,"minecraft:gunpowder":2,"minecraft:cornflower":1,"minecraft:string":2,"minecraft:dirt":60,"minecraft:lantern":1,"minecraft:white_banner":2,"minecraft:purple_carpet":4,"minecraft:item_frame":5,"minecraft:white_carpet":3,"minecraft:iron_shovel":1,"minecraft:bone":1,"minecraft:stone_bricks":2,"minecraft:bow":1,"minecraft:wheat_seeds":44,"minecraft:iron_ingot":66,"minecraft:rose_bush":1,"quark:black_shard":7,"minecraft:black_terracotta":3,"minecraft:oak_planks":4,"minecraft:mangrove_log":6,"minecraft:spruce_trapdoor":2,"minecraft:scaffolding":14,"fight_or_die:ripping_flesh":1,"minecraft:stick":2,"minecraft:raw_iron":1,"apotheosis:gem":4,"patchouli:guide_book":1,"minecraft:brown_terracotta":4,"minecraft:torch":1,"minecraft:acacia_log":15,"minecraft:dandelion":4,"minecraft:spruce_stairs":2,"minecraft:spruce_fence":2,"minecraft:stone_button":2,"minecraft:white_bed":1,"minecraft:carrot":1,"alexsmobs:animal_dictionary":1,"minecraft:leather_helmet":2,"minecraft:light_gray_terracotta":62,"minecraft:stone_sword":1,"minecraft:rotten_flesh":4,"minecraft:white_concrete_powder":7,"minecraft:peony":10,"minecraft:diamond_boots":2,"minecraft:hay_block":13,"minecraft:mangrove_roots":1,"minecraft:gold_ingot":2,"minecraft:bread":5,"minecraft:white_terracotta":35,"minecraft:coal":14,"minecraft:cobblestone":69,"minecraft:white_wool":3,"minecraft:oxeye_daisy":2},"minecraft:custom":{"spartanshields:shield_bash_hits":1,"minecraft:interact_with_furnace":17,"minecraft:interact_with_anvil":1,"minecraft:mob_kills":16,"minecraft:interact_with_crafting_table":25,"minecraft:damage_dealt_resisted":33,"minecraft:interact_with_grindstone":1,"minecraft:leave_game":1,"minecraft:time_since_death":29119,"minecraft:sleep_in_bed":1,"minecraft:climb_one_cm":2229,"minecraft:time_since_rest":800,"minecraft:sprint_one_cm":134969,"minecraft:damage_taken":4240,"minecraft:walk_one_cm":225762,"minecraft:damage_blocked_by_shield":105,"minecraft:drop":6,"minecraft:damage_dealt":3108,"minecraft:damage_dealt_absorbed":49,"minecraft:swim_one_cm":86355,"minecraft:player_kills":1,"minecraft:fly_one_cm":199406,"minecraft:open_chest":25,"minecraft:crouch_one_cm":1627,"minecraft:play_time":75331,"minecraft:sneak_time":576,"minecraft:deaths":12,"minecraft:walk_under_water_one_cm":21459,"minecraft:boat_one_cm":7040,"minecraft:jump":1148,"minecraft:walk_on_water_one_cm":28966,"minecraft:total_world_time":75331,"minecraft:fall_one_cm":35203},"minecraft:mined":{"minecraft:scaffolding":4,"minecraft:white_bed":1,"minecraft:mangrove_roots":1,"minecraft:crafting_table":1,"minecraft:light_gray_terracotta":61,"minecraft:acacia_log":17,"minecraft:grass_block":8,"minecraft:tall_grass":13,"minecraft:oak_planks":4,"minecraft:wall_torch":1,"minecraft:white_concrete_powder":10,"minecraft:white_terracotta":33,"minecraft:black_stained_glass":2,"minecraft:spruce_stairs":1,"minecraft:hay_block":13,"minecraft:iron_ore":1,"minecraft:wheat":7,"minecraft:lilac":1,"minecraft:mangrove_leaves":22,"minecraft:peony":12,"minecraft:grass":22,"minecraft:oak_log":18,"minecraft:coal_ore":14,"minecraft:vine":1,"minecraft:dirt_path":2,"minecraft:dirt":29,"minecraft:mangrove_log":6,"minecraft:brown_terracotta":5,"minecraft:stone":71,"minecraft:white_wool":3,"minecraft:oak_leaves":3},"minecraft:dropped":{"minecraft:iron_ingot":57,"minecraft:white_carpet":3,"minecraft:leather_chestplate":1,"minecraft:wooden_axe":2,"minecraft:leather_leggings":1},"minecraft:broken":{"minecraft:stone_pickaxe":1},"minecraft:killed":{"fight_or_die:springer":9,"minecraft:spider":2,"fight_or_die:mutated_cow":2,"minecraft:creeper":1,"minecraft:zombie":2},"minecraft:used":{"minecraft:acacia_boat":2,"minecraft:rose_bush":1,"minecraft:stone_pickaxe":132,"minecraft:oak_planks":3,"minecraft:white_concrete_powder":6,"minecraft:shield":5,"minecraft:wooden_pickaxe":13,"minecraft:iron_sword":45,"minecraft:wooden_shovel":25,"minecraft:rotten_flesh":1,"minecraft:torch":7,"minecraft:dirt":12,"minecraft:crafting_table":5,"quark:acacia_chest":1,"minecraft:spruce_stairs":1,"minecraft:light_gray_terracotta":62,"minecraft:white_bed":2,"minecraft:brown_terracotta":3,"minecraft:wooden_axe":66,"minecraft:bread":25,"minecraft:iron_pickaxe":53,"minecraft:item_frame":1,"minecraft:stone_axe":52,"minecraft:scaffolding":3,"minecraft:furnace":1,"quark:oak_chest":1,"alexsmobs:animal_dictionary":1,"minecraft:purple_carpet":4}},"DataVersion":3465}