{"stats":{"minecraft:custom":{"minecraft:interact_with_furnace":1,"minecraft:mob_kills":4,"minecraft:interact_with_crafting_table":7,"minecraft:damage_dealt_resisted":0,"minecraft:leave_game":2,"minecraft:time_since_death":20676,"minecraft:climb_one_cm":300,"minecraft:damage_resisted":0,"minecraft:time_since_rest":20721,"minecraft:sprint_one_cm":73605,"minecraft:damage_taken":2934,"minecraft:walk_one_cm":79275,"minecraft:drop":3,"minecraft:damage_dealt":702,"minecraft:swim_one_cm":23748,"minecraft:fly_one_cm":203258,"minecraft:open_chest":1,"minecraft:crouch_one_cm":4154,"minecraft:play_time":35978,"minecraft:deaths":7,"minecraft:sneak_time":1231,"minecraft:walk_under_water_one_cm":2999,"minecraft:jump":847,"minecraft:walk_on_water_one_cm":4554,"minecraft:total_world_time":35978,"minecraft:fall_one_cm":29189},"minecraft:killed":{"fight_or_die:mutated_human":1,"minecraft:zombie":1},"minecraft:killed_by":{"undead_revamp2:the_moonflower":2},"minecraft:mined":{"minecraft:acacia_leaves":1,"minecraft:flowering_azalea":1,"minecraft:black_terracotta":3,"minecraft:light_gray_terracotta":32,"minecraft:acacia_log":10,"minecraft:grass_block":15,"minecraft:jungle_log":8,"minecraft:dead_bush":19,"minecraft:moss_block":2,"minecraft:wall_torch":1,"minecraft:seagrass":2,"minecraft:white_terracotta":27,"minecraft:grass":6,"minecraft:oak_log":2,"minecraft:vine":1,"minecraft:sand":27,"minecraft:dirt":2,"minecraft:brown_terracotta":26,"minecraft:acacia_planks":2,"minecraft:stone":32,"minecraft:oak_leaves":2},"minecraft:dropped":{"minecraft:cocoa_beans":1,"minecraft:crossbow":1,"mvw:stone_dagger":1},"minecraft:used":{"minecraft:stone_pickaxe":66,"minecraft:wooden_pickaxe":60,"minecraft:sandstone":1,"minecraft:iron_sword":22,"minecraft:sand":3,"minecraft:oak_slab":2,"minecraft:crafting_table":1,"quark:acacia_chest":1,"minecraft:light_gray_terracotta":24,"minecraft:wooden_axe":3,"minecraft:bread":13,"minecraft:stone_axe":2,"minecraft:furnace":1,"alexsmobs:animal_dictionary":1,"minecraft:iron_leggings":1},"minecraft:crafted":{"minecraft:oak_slab":6,"minecraft:oak_planks":8,"minecraft:crafting_table":2,"minecraft:wooden_pickaxe":1,"minecraft:furnace":1,"minecraft:stone_axe":1,"minecraft:jungle_planks":32,"quark:acacia_chest":1,"mvw:stone_dagger":1,"minecraft:stone_pickaxe":1,"minecraft:wooden_axe":1,"minecraft:sandstone":1,"minecraft:acacia_planks":36},"minecraft:broken":{"minecraft:wooden_pickaxe":1},"minecraft:picked_up":{"minecraft:cocoa_beans":2,"minecraft:jungle_log":8,"minecraft:oak_log":2,"minecraft:dirt":16,"minecraft:iron_leggings":1,"minecraft:acacia_planks":3,"minecraft:wheat_seeds":2,"minecraft:iron_ingot":1,"mvw:stone_dagger":1,"minecraft:flowering_azalea":1,"minecraft:iron_sword":1,"minecraft:oak_slab":2,"minecraft:stick":17,"minecraft:black_terracotta":3,"minecraft:brown_terracotta":25,"minecraft:torch":1,"minecraft:acacia_log":9,"minecraft:sand":27,"minecraft:light_gray_terracotta":36,"minecraft:rotten_flesh":1,"minecraft:iron_helmet":1,"minecraft:crossbow":1,"minecraft:bread":44,"minecraft:white_terracotta":37,"minecraft:cobblestone":34}},"DataVersion":3465}