{"stats":{"minecraft:custom":{"minecraft:interact_with_furnace":11,"spartanshields:shield_bash_hits":3,"minecraft:mob_kills":9,"minecraft:interact_with_crafting_table":10,"minecraft:damage_dealt_resisted":0,"minecraft:leave_game":2,"minecraft:time_since_death":743,"minecraft:climb_one_cm":1013,"minecraft:damage_resisted":0,"minecraft:time_since_rest":889,"minecraft:sprint_one_cm":119260,"minecraft:damage_taken":4296,"minecraft:walk_one_cm":206715,"minecraft:damage_blocked_by_shield":2670,"minecraft:drop":5,"minecraft:damage_dealt":2069,"minecraft:swim_one_cm":23748,"minecraft:fly_one_cm":274025,"minecraft:open_chest":8,"minecraft:crouch_one_cm":5219,"minecraft:play_time":65978,"minecraft:deaths":8,"minecraft:sneak_time":1537,"minecraft:walk_under_water_one_cm":2999,"minecraft:jump":1213,"minecraft:walk_on_water_one_cm":4554,"minecraft:total_world_time":65978,"minecraft:fall_one_cm":37807},"minecraft:killed_by":{"undead_revamp2:the_moonflower":2},"minecraft:killed":{"fight_or_die:springer":1,"royalvariations:royal_skeleton":1,"alexsmobs:emu":2,"fight_or_die:mutated_human":1,"minecraft:zombie":1,"alexsmobs:kangaroo":1},"minecraft:mined":{"minecraft:acacia_leaves":5,"minecraft:flowering_azalea":1,"minecraft:black_terracotta":3,"minecraft:light_gray_terracotta":83,"minecraft:acacia_log":19,"minecraft:grass_block":18,"minecraft:jungle_log":8,"minecraft:dead_bush":19,"minecraft:tall_grass":1,"minecraft:copper_ore":6,"minecraft:moss_block":2,"minecraft:wall_torch":2,"minecraft:seagrass":2,"minecraft:white_terracotta":37,"minecraft:coarse_dirt":2,"minecraft:andesite":1,"minecraft:grass":13,"minecraft:oak_log":2,"minecraft:vine":3,"minecraft:sand":27,"minecraft:dirt":3,"minecraft:brown_terracotta":42,"minecraft:acacia_planks":9,"minecraft:stone":84,"minecraft:oak_leaves":2},"minecraft:dropped":{"minecraft:cocoa_beans":1,"minecraft:crossbow":1,"mvw:stone_dagger":1,"alexsmobs:cooked_kangaroo_meat":1,"minecraft:torch":8},"minecraft:used":{"minecraft:wheat_seeds":9,"minecraft:stone_pickaxe":211,"minecraft:shield":45,"minecraft:white_terracotta":36,"minecraft:wooden_pickaxe":60,"minecraft:sandstone":1,"minecraft:iron_sword":73,"minecraft:stone_hoe":17,"minecraft:torch":11,"minecraft:dirt":33,"minecraft:sand":3,"minecraft:oak_slab":2,"minecraft:crafting_table":1,"quark:acacia_chest":1,"alexsmobs:cooked_kangaroo_meat":1,"minecraft:light_gray_terracotta":77,"minecraft:brown_terracotta":46,"minecraft:wooden_axe":3,"minecraft:bread":26,"minecraft:stone_axe":24,"minecraft:furnace":1,"alexsmobs:animal_dictionary":1,"minecraft:iron_leggings":1},"minecraft:crafted":{"minecraft:oak_slab":6,"minecraft:oak_planks":8,"minecraft:crafting_table":2,"minecraft:wooden_pickaxe":1,"alexsmobs:cooked_kangaroo_meat":1,"minecraft:furnace":1,"minecraft:stone_axe":1,"minecraft:air":0,"minecraft:jungle_planks":56,"quark:acacia_chest":1,"minecraft:charcoal":14,"minecraft:shield":1,"minecraft:stick":8,"mvw:stone_dagger":1,"minecraft:stone_pickaxe":2,"minecraft:wooden_axe":1,"minecraft:sandstone":1,"minecraft:acacia_planks":36,"minecraft:torch":16,"minecraft:stone_hoe":1},"minecraft:broken":{"minecraft:stone_pickaxe":1,"minecraft:shield":1,"minecraft:wooden_pickaxe":1},"minecraft:picked_up":{"minecraft:cocoa_beans":2,"minecraft:coarse_dirt":2,"minecraft:feather":1,"minecraft:andesite":1,"minecraft:jungle_log":14,"alexsmobs:cooked_kangaroo_meat":1,"minecraft:oak_log":2,"minecraft:gunpowder":1,"minecraft:string":3,"minecraft:dirt":42,"minecraft:raw_copper":23,"minecraft:iron_leggings":1,"minecraft:bone":4,"minecraft:acacia_planks":11,"alexsmobs:emu_feather":4,"minecraft:wheat_seeds":11,"minecraft:iron_ingot":1,"mvw:stone_dagger":1,"minecraft:flowering_azalea":1,"minecraft:iron_sword":1,"minecraft:oak_slab":2,"minecraft:stick":17,"minecraft:black_terracotta":6,"minecraft:brown_terracotta":50,"minecraft:torch":7,"minecraft:acacia_log":34,"royalvariations:royal_bone":1,"minecraft:sand":27,"minecraft:light_gray_terracotta":99,"alexsmobs:kangaroo_hide":5,"minecraft:arrow":6,"minecraft:rotten_flesh":2,"waystones:waystone":1,"alexsmobs:boiled_emu_egg":2,"minecraft:iron_helmet":1,"minecraft:crossbow":1,"minecraft:bread":44,"minecraft:white_terracotta":53,"alexsmobs:kangaroo_meat":2,"minecraft:cobblestone":87}},"DataVersion":3465}