{"stats":{"minecraft:crafted":{"minecraft:oak_planks":116,"minecraft:furnace":1,"quark:acacia_chest":1,"minecraft:iron_axe":1,"minecraft:stone_pickaxe":1,"minecraft:wheat":117,"minecraft:wooden_shovel":1,"extraarmor:mangrove_wood_chestplate":1,"minecraft:crafting_table":4,"minecraft:wooden_pickaxe":1,"minecraft:iron_sword":1,"minecraft:copper_ingot":85,"minecraft:mangrove_planks":24,"minecraft:stone_axe":1,"minecraft:bread":36,"minecraft:acacia_boat":2,"minecraft:air":0,"minecraft:charcoal":1,"minecraft:shield":1,"minecraft:stick":28,"quark:oak_chest":2,"minecraft:iron_ingot":14,"minecraft:iron_pickaxe":1,"minecraft:wooden_axe":3,"minecraft:iron_leggings":1,"minecraft:white_bed":1,"extraarmor:acacia_wood_helmet":1,"minecraft:acacia_planks":60,"minecraft:torch":12},"minecraft:custom":{"minecraft:mob_kills":21,"minecraft:interact_with_anvil":1,"minecraft:interact_with_crafting_table":41,"minecraft:damage_dealt_resisted":94,"minecraft:leave_game":2,"minecraft:time_since_death":53047,"minecraft:climb_one_cm":2229,"minecraft:sprint_one_cm":148334,"minecraft:walk_one_cm":355450,"minecraft:damage_blocked_by_shield":170,"minecraft:drop":8,"minecraft:damage_dealt_absorbed":49,"minecraft:play_time":99259,"minecraft:deaths":12,"minecraft:sneak_time":1027,"minecraft:walk_under_water_one_cm":21459,"minecraft:boat_one_cm":7040,"minecraft:jump":1353,"minecraft:walk_on_water_one_cm":28966,"minecraft:total_world_time":99259,"minecraft:interact_with_furnace":42,"spartanshields:shield_bash_hits":4,"minecraft:interact_with_grindstone":1,"minecraft:sleep_in_bed":2,"minecraft:time_since_rest":20843,"minecraft:damage_taken":4648,"minecraft:damage_dealt":3854,"minecraft:swim_one_cm":86355,"minecraft:fly_one_cm":210823,"minecraft:player_kills":1,"minecraft:open_chest":60,"minecraft:crouch_one_cm":3244,"minecraft:fall_one_cm":37355},"minecraft:picked_up":{"minecraft:coarse_dirt":4,"minecraft:crafting_table":1,"minecraft:wheat":8,"minecraft:leather_leggings":4,"minecraft:cornflower":1,"minecraft:string":2,"minecraft:white_carpet":3,"minecraft:item_frame":5,"minecraft:iron_shovel":1,"minecraft:rose_bush":1,"quark:black_shard":7,"minecraft:mangrove_log":6,"minecraft:spruce_trapdoor":2,"apotheosis:gem":4,"fight_or_die:ripping_flesh":1,"minecraft:stick":5,"minecraft:raw_iron":1,"minecraft:brown_terracotta":22,"minecraft:torch":4,"minecraft:acacia_log":15,"minecraft:spruce_stairs":2,"minecraft:spruce_fence":2,"minecraft:stone_button":2,"minecraft:carrot":1,"minecraft:stone_sword":1,"minecraft:rotten_flesh":8,"minecraft:peony":10,"minecraft:diamond_boots":2,"minecraft:hay_block":13,"minecraft:mangrove_roots":1,"minecraft:gold_ingot":2,"minecraft:white_terracotta":71,"minecraft:cobblestone":69,"minecraft:white_wool":3,"minecraft:oxeye_daisy":2,"minecraft:lilac":9,"minecraft:leather_chestplate":4,"fight_or_die:springer_fragment":4,"minecraft:oak_log":30,"minecraft:gunpowder":2,"minecraft:dirt":69,"minecraft:lantern":1,"minecraft:white_banner":2,"minecraft:purple_carpet":4,"minecraft:bone":5,"minecraft:acacia_planks":2,"minecraft:stone_bricks":2,"minecraft:bow":1,"minecraft:wheat_seeds":44,"minecraft:iron_ingot":81,"minecraft:gray_bed":1,"minecraft:oak_planks":5,"minecraft:scaffolding":14,"minecraft:black_terracotta":6,"spartanshields:iron_tower_shield":1,"patchouli:guide_book":1,"minecraft:dandelion":4,"minecraft:white_bed":3,"alexsmobs:animal_dictionary":1,"minecraft:leather_helmet":2,"minecraft:light_gray_terracotta":118,"minecraft:slime_ball":5,"minecraft:white_concrete_powder":7,"minecraft:bread":5,"minecraft:coal":14},"minecraft:mined":{"minecraft:white_bed":1,"minecraft:mangrove_roots":1,"minecraft:acacia_log":17,"minecraft:grass_block":8,"minecraft:white_concrete_powder":10,"minecraft:hay_block":13,"minecraft:iron_ore":1,"minecraft:peony":12,"minecraft:vine":1,"minecraft:dirt_path":2,"minecraft:stone":71,"minecraft:white_wool":3,"minecraft:scaffolding":4,"minecraft:crafting_table":1,"minecraft:torch":2,"minecraft:light_gray_terracotta":99,"minecraft:tall_grass":13,"minecraft:oak_planks":5,"minecraft:wall_torch":1,"minecraft:spruce_stairs":1,"minecraft:white_terracotta":67,"minecraft:black_stained_glass":2,"minecraft:coarse_dirt":1,"minecraft:wheat":7,"minecraft:lilac":1,"minecraft:mangrove_leaves":22,"minecraft:grass":22,"minecraft:oak_log":18,"minecraft:coal_ore":14,"minecraft:dirt":35,"minecraft:mangrove_log":6,"minecraft:brown_terracotta":11,"minecraft:oak_leaves":3},"minecraft:dropped":{"minecraft:iron_ingot":57,"minecraft:cobblestone":55,"minecraft:wooden_axe":2,"minecraft:iron_axe":1,"minecraft:white_carpet":3,"minecraft:leather_chestplate":1,"minecraft:leather_leggings":1},"minecraft:broken":{"minecraft:stone_pickaxe":1},"minecraft:killed":{"fight_or_die:springer":10,"undead_revamp2:theimmortal":2,"minecraft:spider":2,"undead_revamp2:thesmoker":1,"undead_revamp2:thepregnant":1,"fight_or_die:mutated_cow":2,"minecraft:creeper":1,"minecraft:zombie":2},"minecraft:used":{"minecraft:rose_bush":1,"minecraft:white_concrete_powder":6,"minecraft:shield":10,"minecraft:white_terracotta":17,"minecraft:iron_sword":76,"minecraft:wooden_shovel":25,"minecraft:rotten_flesh":1,"minecraft:torch":13,"minecraft:dirt":14,"minecraft:spruce_stairs":1,"minecraft:wooden_axe":66,"minecraft:brown_terracotta":7,"minecraft:item_frame":1,"minecraft:scaffolding":3,"minecraft:furnace":1,"minecraft:gray_bed":1,"minecraft:acacia_planks":1,"minecraft:acacia_boat":2,"minecraft:stone_pickaxe":132,"minecraft:oak_planks":3,"minecraft:wooden_pickaxe":13,"minecraft:crafting_table":5,"quark:acacia_chest":1,"minecraft:light_gray_terracotta":99,"minecraft:white_bed":4,"minecraft:bread":34,"minecraft:iron_pickaxe":134,"minecraft:stone_axe":58,"quark:oak_chest":2,"alexsmobs:animal_dictionary":2,"minecraft:purple_carpet":4}},"DataVersion":3465}