{"stats":{"minecraft:used":{"minecraft:shield":79,"minecraft:white_terracotta":36,"minecraft:iron_sword":196,"minecraft:cooked_chicken":2,"minecraft:stone_hoe":152,"minecraft:rotten_flesh":4,"minecraft:torch":15,"minecraft:dirt":33,"alexsmobs:cooked_kangaroo_meat":1,"minecraft:brown_terracotta":49,"alexsmobs:maggot":2,"minecraft:wooden_axe":49,"minecraft:furnace":6,"minecraft:gray_bed":4,"minecraft:pumpkin":1,"minecraft:iron_leggings":1,"minecraft:wheat_seeds":32,"minecraft:stone_pickaxe":286,"minecraft:oak_planks":9,"minecraft:wooden_pickaxe":60,"minecraft:sandstone":1,"minecraft:sand":3,"minecraft:oak_slab":2,"minecraft:crafting_table":3,"quark:acacia_chest":3,"minecraft:light_gray_terracotta":77,"minecraft:smoker":1,"waystones:waystone":1,"minecraft:wooden_hoe":28,"minecraft:chicken":2,"minecraft:bread":77,"alexsmobs:kangaroo_meat":1,"mvw:stone_dagger":1,"minecraft:stone_axe":165,"minecraft:cobblestone":32,"minecraft:porkchop":1,"quark:oak_chest":9,"alexsmobs:animal_dictionary":1,"minecraft:bone_meal":39},"minecraft:killed_by":{"minecraft:player":1,"undead_revamp2:the_moonflower":2},"minecraft:crafted":{"minecraft:oak_planks":124,"minecraft:furnace":6,"minecraft:bone_meal":36,"quark:acacia_chest":2,"minecraft:leather":5,"mvw:stone_dagger":1,"minecraft:stone_pickaxe":3,"minecraft:stone_hoe":1,"minecraft:wheat":207,"minecraft:oak_slab":6,"sophisticatedbackpacks:backpack":2,"minecraft:crafting_table":3,"minecraft:wooden_pickaxe":1,"alexsmobs:cooked_kangaroo_meat":1,"minecraft:stone_axe":2,"minecraft:air":0,"minecraft:bread":69,"minecraft:jungle_planks":56,"minecraft:wooden_hoe":1,"minecraft:charcoal":22,"minecraft:shield":2,"minecraft:stick":24,"quark:oak_chest":8,"minecraft:wooden_axe":2,"minecraft:sandstone":1,"minecraft:acacia_planks":64,"minecraft:torch":16},"minecraft:killed":{"fight_or_die:springer":2,"fight_or_die:mutated_human_head":1,"fight_or_die:mutated_pig":1,"royalvariations:royal_skeleton":1,"naturalist:tortoise":1,"minecraft:skeleton":1,"fight_or_die:mutated_human":3,"fight_or_die:mutated_sheep":2,"fight_or_die:shiller":12,"minecraft:chicken":2,"undead_revamp2:therod":1,"fight_or_die:mutated_cow_head":1,"alexsmobs:kangaroo":2,"undead_revamp2:thespitter":1,"alexsmobs:guster":3,"minecraft:husk":1,"minecraft:pig":2,"fight_or_die:mutated_cow":2,"alexsmobs:emu":2,"undead_revamp2:thesomnolence":4,"minecraft:zombie":4,"fight_or_die:mutated_player":2,"alexsmobs:rain_frog":1,"alexsmobs:fly":3,"minecraft:cow":1},"minecraft:mined":{"minecraft:attached_pumpkin_stem":7,"minecraft:black_terracotta":3,"minecraft:spruce_trapdoor":4,"minecraft:acacia_log":27,"minecraft:grass_block":19,"minecraft:jungle_log":8,"minecraft:moss_block":2,"minecraft:sandstone":1,"minecraft:hay_block":97,"minecraft:oak_trapdoor":1,"minecraft:carrots":18,"fight_or_die:blood_splash1":2,"minecraft:andesite":1,"minecraft:pumpkin":8,"minecraft:bookshelf":3,"minecraft:potatoes":22,"minecraft:vine":13,"minecraft:stripped_oak_log":5,"minecraft:bamboo":1,"minecraft:stone":123,"minecraft:acacia_leaves":7,"minecraft:flowering_azalea":1,"quark:oak_chest":3,"farmersdelight:organic_compost":1,"minecraft:melon_stem":11,"minecraft:smoker":1,"minecraft:orange_terracotta":1,"minecraft:crafting_table":1,"minecraft:light_gray_terracotta":84,"minecraft:melon":6,"minecraft:dead_bush":19,"minecraft:copper_ore":24,"minecraft:tall_grass":11,"minecraft:oak_planks":10,"minecraft:wall_torch":2,"minecraft:seagrass":2,"minecraft:white_terracotta":37,"minecraft:coarse_dirt":2,"minecraft:wheat":47,"minecraft:gray_bed":4,"minecraft:stripped_oak_wood":8,"minecraft:grass":90,"minecraft:oak_log":19,"minecraft:coal_ore":10,"minecraft:beetroots":30,"minecraft:cocoa":2,"minecraft:sand":28,"minecraft:dirt":3,"minecraft:brown_terracotta":42,"minecraft:acacia_planks":9,"minecraft:small_dripleaf":1,"minecraft:oak_leaves":6,"minecraft:fern":3},"minecraft:dropped":{"minecraft:bread":40,"minecraft:crossbow":1,"mvw:stone_dagger":1,"minecraft:leather":2,"minecraft:torch":8,"minecraft:cut_sandstone":1,"minecraft:cooked_chicken":1,"minecraft:cocoa_beans":1,"sophisticatedbackpacks:backpack":1,"alexsmobs:cooked_kangaroo_meat":1,"minecraft:filled_map":1,"apotheosis:gem":1},"minecraft:picked_up":{"minecraft:crafting_table":1,"minecraft:iron_chestplate":1,"minecraft:cocoa_beans":4,"minecraft:coarse_dirt":2,"minecraft:wheat":32,"minecraft:chicken":2,"minecraft:string":9,"minecraft:oak_trapdoor":1,"minecraft:raw_copper":108,"minecraft:iron_leggings":1,"minecraft:beetroot":23,"alexsmobs:emu_feather":4,"minecraft:beef":1,"mvw:stone_dagger":2,"minecraft:azalea":1,"minecraft:melon_slice":24,"minecraft:spruce_trapdoor":4,"minecraft:egg":2,"minecraft:sandstone":49,"fight_or_die:ripping_flesh":6,"minecraft:stick":20,"apotheosis:gem":29,"fight_or_die:rotten_brain":1,"minecraft:copper_ingot":2,"minecraft:brown_terracotta":50,"minecraft:torch":8,"minecraft:acacia_log":41,"minecraft:porkchop":3,"minecraft:carrot":64,"minecraft:tnt":5,"minecraft:arrow":14,"minecraft:rotten_flesh":17,"minecraft:beetroot_seeds":68,"minecraft:hay_block":95,"alexsmobs:boiled_emu_egg":2,"minecraft:gold_ingot":6,"minecraft:white_terracotta":53,"alexsmobs:kangaroo_meat":3,"minecraft:cobblestone":144,"minecraft:stripped_oak_log":5,"minecraft:feather":11,"minecraft:andesite":1,"minecraft:jungle_log":14,"minecraft:cut_sandstone":1,"minecraft:filled_map":2,"minecraft:leather":9,"minecraft:smoker":1,"minecraft:potato":76,"minecraft:chainmail_chestplate":1,"minecraft:oak_log":18,"alexsmobs:cooked_kangaroo_meat":1,"minecraft:gunpowder":1,"minecraft:wooden_hoe":1,"minecraft:dirt":43,"minecraft:orange_terracotta":2,"farmersdelight:organic_compost":1,"minecraft:bone":33,"minecraft:acacia_planks":11,"minecraft:wheat_seeds":115,"minecraft:iron_ingot":1,"minecraft:cooked_chicken":3,"minecraft:stripped_oak_wood":8,"minecraft:glass_bottle":2,"minecraft:bamboo":14,"minecraft:gray_bed":4,"minecraft:iron_sword":1,"minecraft:flowering_azalea":1,"minecraft:oak_planks":11,"minecraft:book":15,"minecraft:oak_slab":3,"minecraft:black_terracotta":6,"minecraft:pumpkin":8,"minecraft:poisonous_potato":1,"royalvariations:royal_bone":2,"minecraft:sand":36,"quark:oak_chest":3,"fight_or_die:sickened_heart":6,"minecraft:spider_eye":2,"quark:jasper":3,"minecraft:light_gray_terracotta":100,"alexsmobs:kangaroo_hide":12,"minecraft:pumpkin_seeds":13,"minecraft:slime_ball":20,"waystones:waystone":1,"minecraft:iron_helmet":1,"minecraft:crossbow":1,"minecraft:emerald":1,"minecraft:bread":48,"alexsmobs:maggot":2,"minecraft:melon_seeds":15,"minecraft:coal":13,"minecraft:ender_pearl":2},"minecraft:custom":{"minecraft:mob_kills":58,"minecraft:interact_with_crafting_table":35,"minecraft:damage_dealt_resisted":12,"minecraft:leave_game":6,"minecraft:time_since_death":76407,"minecraft:climb_one_cm":6606,"minecraft:damage_resisted":0,"minecraft:sprint_one_cm":334158,"minecraft:walk_one_cm":512240,"minecraft:damage_blocked_by_shield":4611,"minecraft:drop":14,"minecraft:talked_to_villager":1,"minecraft:play_time":162213,"minecraft:deaths":9,"minecraft:sneak_time":3075,"minecraft:walk_under_water_one_cm":19839,"minecraft:jump":2312,"minecraft:walk_on_water_one_cm":10383,"minecraft:total_world_time":162213,"minecraft:interact_with_furnace":13,"spartanshields:shield_bash_hits":9,"minecraft:sleep_in_bed":6,"minecraft:waystone_activated":2,"minecraft:time_since_rest":4233,"minecraft:damage_taken":7424,"minecraft:trigger_trapped_chest":3,"minecraft:damage_dealt":7890,"minecraft:swim_one_cm":23825,"minecraft:fly_one_cm":610517,"minecraft:open_chest":163,"minecraft:crouch_one_cm":10730,"minecraft:interact_with_smoker":3,"minecraft:fall_one_cm":51427,"minecraft:horse_one_cm":5115},"minecraft:broken":{"minecraft:stone_hoe":1,"minecraft:wooden_pickaxe":1,"minecraft:stone_pickaxe":2,"minecraft:shield":1,"minecraft:stone_axe":1,"minecraft:iron_helmet":1,"minecraft:wooden_axe":1}},"DataVersion":3465}