{"stats":{"minecraft:killed":{"fight_or_die:springer":13,"undead_revamp2:thehunter":1,"undead_revamp2:theimmortal":2,"minecraft:spider":4,"undead_revamp2:thesmoker":2,"minecraft:skeleton":1,"naturalist:elephant":1,"fight_or_die:mutated_human":4,"undead_revamp2:thepregnant":1,"undead_revamp2:sucker":2,"undead_revamp2:thespitter":1,"naturalist:giraffe":2,"minecraft:pig":1,"undead_revamp2:the_moonflower":2,"fight_or_die:mutated_cow":2,"minecraft:creeper":8,"alexsmobs:emu":2,"minecraft:zombie":11,"alexsmobs:gazelle":4,"fight_or_die:mutated_player":1,"fight_or_die:mutated_player_head":1},"minecraft:mined":{"minecraft:white_bed":3,"minecraft:mangrove_roots":1,"minecraft:acacia_log":34,"minecraft:grass_block":8,"tacz:gun_smith_table":1,"minecraft:white_concrete_powder":10,"minecraft:hay_block":13,"minecraft:iron_ore":2,"minecraft:cobbled_deepslate":2,"minecraft:peony":12,"minecraft:vine":1,"minecraft:dirt_path":2,"minecraft:stone":90,"minecraft:white_wool":3,"minecraft:acacia_leaves":3,"minecraft:scaffolding":4,"minecraft:crafting_table":1,"minecraft:torch":3,"minecraft:light_gray_terracotta":109,"minecraft:copper_ore":24,"minecraft:tall_grass":13,"minecraft:cobblestone":8,"farmersdelight:wild_tomatoes":5,"minecraft:wall_torch":3,"minecraft:oak_planks":11,"minecraft:spruce_stairs":1,"minecraft:white_terracotta":79,"minecraft:black_stained_glass":2,"minecraft:coarse_dirt":1,"minecraft:wheat":7,"minecraft:lilac":1,"minecraft:mangrove_leaves":22,"minecraft:grass":52,"minecraft:oak_log":22,"minecraft:coal_ore":53,"minecraft:gravel":4,"minecraft:dirt":38,"minecraft:mangrove_log":6,"minecraft:brown_terracotta":22,"minecraft:oak_leaves":6},"minecraft:broken":{"minecraft:leather_helmet":1,"minecraft:stone_pickaxe":1,"minecraft:iron_pickaxe":1},"minecraft:custom":{"minecraft:interact_with_anvil":2,"minecraft:mob_kills":70,"minecraft:interact_with_crafting_table":56,"minecraft:damage_dealt_resisted":220,"minecraft:leave_game":4,"minecraft:time_since_death":11762,"minecraft:damage_resisted":28,"minecraft:climb_one_cm":3143,"minecraft:sprint_one_cm":283253,"minecraft:walk_one_cm":648134,"minecraft:damage_blocked_by_shield":1165,"minecraft:drop":24,"minecraft:damage_dealt_absorbed":49,"minecraft:talked_to_villager":2,"minecraft:play_time":185843,"minecraft:sneak_time":2478,"minecraft:deaths":16,"minecraft:walk_under_water_one_cm":22942,"minecraft:boat_one_cm":7040,"minecraft:interact_with_brewingstand":1,"minecraft:jump":2882,"minecraft:walk_on_water_one_cm":29426,"minecraft:total_world_time":185843,"minecraft:interact_with_furnace":55,"spartanshields:shield_bash_hits":13,"minecraft:interact_with_grindstone":1,"minecraft:sleep_in_bed":5,"minecraft:time_since_rest":11851,"minecraft:damage_taken":7331,"minecraft:damage_dealt":10247,"minecraft:player_kills":2,"minecraft:swim_one_cm":87995,"minecraft:fly_one_cm":568937,"minecraft:open_chest":135,"minecraft:crouch_one_cm":7034,"minecraft:fall_one_cm":74928},"minecraft:picked_up":{"minecraft:crafting_table":1,"minecraft:coarse_dirt":16,"minecraft:wheat":10,"minecraft:chainmail_boots":1,"minecraft:leather_leggings":4,"minecraft:diamond_sword":1,"minecraft:cornflower":1,"alexsmobs:gazelle_horn":3,"minecraft:string":6,"minecraft:raw_copper":88,"tacz:ammo":72,"minecraft:iron_leggings":1,"minecraft:item_frame":5,"minecraft:white_carpet":3,"minecraft:iron_shovel":1,"alexsmobs:emu_feather":2,"alexsmobs:banana":1,"minecraft:cobbled_deepslate":2,"minecraft:rose_bush":1,"quark:black_shard":7,"minecraft:chest":1,"minecraft:mangrove_log":6,"minecraft:spruce_trapdoor":2,"fight_or_die:ripping_flesh":4,"minecraft:stick":7,"minecraft:raw_iron":2,"apotheosis:gem":15,"minecraft:brown_terracotta":37,"minecraft:torch":7,"minecraft:acacia_log":33,"minecraft:spruce_stairs":2,"minecraft:spruce_fence":2,"minecraft:porkchop":3,"farmersdelight:tomato_seeds":3,"minecraft:stone_button":2,"minecraft:carrot":1,"minecraft:stone_sword":1,"minecraft:arrow":4,"minecraft:rotten_flesh":41,"minecraft:peony":10,"minecraft:diamond_boots":2,"minecraft:hay_block":13,"minecraft:mangrove_roots":1,"minecraft:gold_ingot":3,"minecraft:white_terracotta":80,"minecraft:mutton":3,"undead_revamp2:arapholia":3,"alexsmobs:kangaroo_meat":5,"minecraft:white_wool":3,"minecraft:cobblestone":106,"minecraft:oxeye_daisy":2,"minecraft:leather_chestplate":4,"fight_or_die:springer_fragment":5,"minecraft:lilac":9,"minecraft:leather":6,"minecraft:oak_log":41,"minecraft:gunpowder":9,"minecraft:lantern":1,"farmersdelight:tomato":1,"minecraft:dirt":87,"minecraft:white_banner":2,"minecraft:purple_carpet":4,"minecraft:bone":7,"minecraft:acacia_planks":3,"minecraft:stone_bricks":2,"minecraft:bow":2,"minecraft:wheat_seeds":49,"minecraft:iron_ingot":96,"tacz:gun_smith_table":2,"minecraft:acacia_sapling":1,"minecraft:gray_bed":1,"minecraft:iron_sword":1,"minecraft:oak_planks":10,"minecraft:scaffolding":14,"minecraft:black_terracotta":12,"spartanshields:iron_tower_shield":2,"minecraft:cooked_porkchop":8,"patchouli:guide_book":1,"minecraft:dandelion":4,"minecraft:white_bed":5,"fight_or_die:sickened_heart":3,"minecraft:spider_eye":1,"alexsmobs:animal_dictionary":1,"minecraft:leather_helmet":2,"sons_of_sins:flesh_of_demise":1,"minecraft:light_gray_terracotta":133,"alexsmobs:kangaroo_hide":1,"minecraft:white_concrete_powder":7,"minecraft:slime_ball":5,"tacz:modern_kinetic_gun":2,"minecraft:chainmail_leggings":1,"minecraft:bread":5,"alexsmobs:maggot":2,"minecraft:oak_sapling":1,"minecraft:coal":53},"minecraft:used":{"minecraft:rose_bush":1,"minecraft:white_concrete_powder":6,"tacz:gun_smith_table":2,"minecraft:shield":10,"minecraft:white_terracotta":38,"minecraft:iron_sword":102,"minecraft:wooden_shovel":25,"minecraft:rotten_flesh":24,"minecraft:torch":26,"minecraft:dirt":28,"minecraft:spruce_stairs":1,"minecraft:brown_terracotta":12,"minecraft:wooden_axe":66,"farmersdelight:tomato":1,"minecraft:iron_axe":179,"minecraft:item_frame":1,"minecraft:bow":2,"minecraft:scaffolding":3,"minecraft:furnace":1,"minecraft:gray_bed":1,"minecraft:cobbled_deepslate":2,"minecraft:acacia_planks":1,"minecraft:acacia_boat":2,"minecraft:stone_pickaxe":132,"minecraft:oak_planks":14,"minecraft:wooden_pickaxe":16,"spartanshields:iron_tower_shield":37,"minecraft:crafting_table":6,"quark:acacia_chest":3,"minecraft:light_gray_terracotta":106,"minecraft:white_bed":7,"minecraft:bread":41,"minecraft:iron_pickaxe":261,"alexsmobs:kangaroo_meat":5,"minecraft:stone_axe":89,"minecraft:diamond_sword":10,"minecraft:cobblestone":9,"minecraft:porkchop":3,"minecraft:cooked_porkchop":8,"quark:oak_chest":4,"alexsmobs:animal_dictionary":2,"minecraft:purple_carpet":4},"minecraft:dropped":{"minecraft:iron_ingot":57,"spartanshields:iron_tower_shield":1,"minecraft:wheat_seeds":28,"minecraft:cobblestone":55,"minecraft:dirt":7,"minecraft:wooden_axe":2,"tacz:modern_kinetic_gun":1,"minecraft:iron_axe":1,"minecraft:coarse_dirt":1,"undead_revamp2:arapholia":3,"minecraft:white_carpet":3,"minecraft:pumpkin_seeds":2,"minecraft:leather_chestplate":1,"minecraft:shield":1,"minecraft:oak_sapling":1,"minecraft:acacia_sapling":1,"minecraft:leather_leggings":1,"tacz:ammo":31},"minecraft:crafted":{"minecraft:oak_planks":144,"minecraft:iron_nugget":36,"minecraft:furnace":1,"quark:acacia_chest":3,"minecraft:iron_axe":3,"minecraft:stone_pickaxe":1,"minecraft:wheat":117,"minecraft:wooden_shovel":1,"extraarmor:mangrove_wood_chestplate":1,"minecraft:crafting_table":5,"minecraft:iron_helmet":1,"minecraft:wooden_pickaxe":2,"minecraft:iron_sword":1,"minecraft:copper_ingot":143,"minecraft:mangrove_planks":24,"minecraft:stone_axe":1,"minecraft:bread":36,"minecraft:acacia_boat":2,"minecraft:air":0,"minecraft:charcoal":1,"minecraft:shield":1,"minecraft:iron_pickaxe":2,"minecraft:stick":40,"quark:oak_chest":4,"minecraft:iron_ingot":14,"minecraft:wooden_axe":3,"minecraft:iron_leggings":1,"minecraft:white_bed":1,"extraarmor:acacia_wood_helmet":1,"minecraft:acacia_planks":84,"minecraft:torch":28}},"DataVersion":3465}