{"stats":{"minecraft:killed":{"fight_or_die:springer":13,"undead_revamp2:thehunter":1,"undead_revamp2:theimmortal":2,"minecraft:spider":4,"undead_revamp2:thesmoker":2,"naturalist:elephant":1,"fight_or_die:mutated_human":3,"undead_revamp2:thepregnant":1,"undead_revamp2:sucker":2,"naturalist:giraffe":2,"minecraft:pig":1,"undead_revamp2:the_moonflower":2,"fight_or_die:mutated_cow":2,"minecraft:creeper":7,"alexsmobs:emu":2,"minecraft:zombie":9,"alexsmobs:gazelle":4},"minecraft:mined":{"minecraft:white_bed":3,"minecraft:mangrove_roots":1,"minecraft:acacia_log":34,"minecraft:grass_block":8,"tacz:gun_smith_table":1,"minecraft:white_concrete_powder":10,"minecraft:hay_block":13,"minecraft:iron_ore":1,"minecraft:peony":12,"minecraft:vine":1,"minecraft:dirt_path":2,"minecraft:stone":87,"minecraft:white_wool":3,"minecraft:acacia_leaves":3,"minecraft:scaffolding":4,"minecraft:crafting_table":1,"minecraft:torch":3,"minecraft:light_gray_terracotta":105,"minecraft:copper_ore":20,"minecraft:tall_grass":13,"minecraft:cobblestone":8,"farmersdelight:wild_tomatoes":5,"minecraft:oak_planks":11,"minecraft:wall_torch":3,"minecraft:spruce_stairs":1,"minecraft:white_terracotta":79,"minecraft:black_stained_glass":2,"minecraft:coarse_dirt":1,"minecraft:wheat":7,"minecraft:lilac":1,"minecraft:mangrove_leaves":22,"minecraft:grass":50,"minecraft:oak_log":22,"minecraft:coal_ore":39,"minecraft:gravel":4,"minecraft:dirt":38,"minecraft:mangrove_log":6,"minecraft:brown_terracotta":18,"minecraft:oak_leaves":6},"minecraft:broken":{"minecraft:leather_helmet":1,"minecraft:stone_pickaxe":1},"minecraft:custom":{"minecraft:interact_with_anvil":1,"minecraft:mob_kills":61,"minecraft:interact_with_crafting_table":53,"minecraft:damage_dealt_resisted":209,"minecraft:leave_game":3,"minecraft:time_since_death":9353,"minecraft:damage_resisted":28,"minecraft:climb_one_cm":2325,"minecraft:sprint_one_cm":260636,"minecraft:walk_one_cm":582191,"minecraft:damage_blocked_by_shield":705,"minecraft:drop":24,"minecraft:damage_dealt_absorbed":49,"minecraft:talked_to_villager":2,"minecraft:play_time":168468,"minecraft:deaths":15,"minecraft:sneak_time":2151,"minecraft:walk_under_water_one_cm":22942,"minecraft:boat_one_cm":7040,"minecraft:jump":2596,"minecraft:walk_on_water_one_cm":29426,"minecraft:total_world_time":168468,"minecraft:interact_with_furnace":54,"spartanshields:shield_bash_hits":11,"minecraft:interact_with_grindstone":1,"minecraft:sleep_in_bed":5,"minecraft:time_since_rest":9375,"minecraft:damage_taken":6768,"minecraft:damage_dealt":9161,"minecraft:player_kills":1,"minecraft:swim_one_cm":87995,"minecraft:fly_one_cm":502530,"minecraft:open_chest":109,"minecraft:crouch_one_cm":5895,"minecraft:fall_one_cm":67983},"minecraft:picked_up":{"minecraft:crafting_table":1,"minecraft:coarse_dirt":5,"minecraft:wheat":10,"minecraft:chainmail_boots":1,"minecraft:leather_leggings":4,"minecraft:cornflower":1,"alexsmobs:gazelle_horn":3,"minecraft:string":6,"minecraft:raw_copper":72,"minecraft:item_frame":5,"minecraft:iron_leggings":1,"tacz:ammo":72,"minecraft:white_carpet":3,"minecraft:iron_shovel":1,"alexsmobs:emu_feather":2,"alexsmobs:banana":1,"minecraft:rose_bush":1,"quark:black_shard":7,"minecraft:chest":1,"minecraft:mangrove_log":6,"minecraft:spruce_trapdoor":2,"fight_or_die:ripping_flesh":4,"minecraft:stick":7,"minecraft:raw_iron":1,"apotheosis:gem":11,"minecraft:brown_terracotta":31,"minecraft:torch":7,"minecraft:acacia_log":33,"minecraft:spruce_stairs":2,"minecraft:spruce_fence":2,"minecraft:porkchop":3,"farmersdelight:tomato_seeds":3,"minecraft:stone_button":2,"minecraft:carrot":1,"minecraft:arrow":2,"minecraft:stone_sword":1,"minecraft:rotten_flesh":38,"minecraft:peony":10,"minecraft:diamond_boots":2,"minecraft:hay_block":13,"minecraft:mangrove_roots":1,"minecraft:gold_ingot":3,"minecraft:white_terracotta":79,"minecraft:mutton":3,"minecraft:cobblestone":103,"undead_revamp2:arapholia":3,"alexsmobs:kangaroo_meat":5,"minecraft:white_wool":3,"minecraft:oxeye_daisy":2,"minecraft:leather_chestplate":4,"fight_or_die:springer_fragment":4,"minecraft:lilac":9,"minecraft:oak_log":38,"minecraft:gunpowder":9,"farmersdelight:tomato":1,"minecraft:lantern":1,"minecraft:dirt":85,"minecraft:white_banner":2,"minecraft:purple_carpet":4,"minecraft:bone":7,"minecraft:acacia_planks":3,"minecraft:stone_bricks":2,"minecraft:bow":2,"minecraft:wheat_seeds":49,"minecraft:iron_ingot":96,"minecraft:iron_sword":1,"tacz:gun_smith_table":2,"minecraft:acacia_sapling":1,"minecraft:gray_bed":1,"minecraft:oak_planks":10,"minecraft:scaffolding":14,"minecraft:black_terracotta":12,"spartanshields:iron_tower_shield":2,"minecraft:cooked_porkchop":5,"patchouli:guide_book":1,"minecraft:dandelion":4,"minecraft:white_bed":5,"minecraft:leather_helmet":2,"alexsmobs:animal_dictionary":1,"fight_or_die:sickened_heart":2,"minecraft:spider_eye":1,"sons_of_sins:flesh_of_demise":1,"minecraft:light_gray_terracotta":128,"alexsmobs:kangaroo_hide":1,"minecraft:slime_ball":5,"minecraft:white_concrete_powder":7,"tacz:modern_kinetic_gun":2,"minecraft:chainmail_leggings":1,"minecraft:bread":5,"alexsmobs:maggot":2,"minecraft:oak_sapling":1,"minecraft:coal":39},"minecraft:used":{"minecraft:rose_bush":1,"minecraft:white_concrete_powder":6,"tacz:gun_smith_table":2,"minecraft:shield":10,"minecraft:white_terracotta":37,"minecraft:iron_sword":102,"minecraft:wooden_shovel":25,"minecraft:rotten_flesh":16,"minecraft:torch":25,"minecraft:dirt":22,"minecraft:spruce_stairs":1,"minecraft:brown_terracotta":7,"minecraft:wooden_axe":66,"farmersdelight:tomato":1,"minecraft:iron_axe":155,"minecraft:item_frame":1,"minecraft:bow":2,"minecraft:scaffolding":3,"minecraft:furnace":1,"minecraft:gray_bed":1,"minecraft:acacia_planks":1,"minecraft:acacia_boat":2,"minecraft:stone_pickaxe":132,"minecraft:oak_planks":14,"minecraft:wooden_pickaxe":16,"spartanshields:iron_tower_shield":17,"minecraft:crafting_table":6,"quark:acacia_chest":3,"minecraft:light_gray_terracotta":100,"minecraft:white_bed":6,"minecraft:bread":41,"minecraft:iron_pickaxe":229,"alexsmobs:kangaroo_meat":5,"minecraft:stone_axe":89,"minecraft:cobblestone":6,"minecraft:porkchop":3,"minecraft:cooked_porkchop":5,"quark:oak_chest":4,"alexsmobs:animal_dictionary":2,"minecraft:purple_carpet":4},"minecraft:dropped":{"minecraft:iron_ingot":57,"spartanshields:iron_tower_shield":1,"minecraft:wheat_seeds":28,"minecraft:cobblestone":55,"minecraft:dirt":7,"minecraft:wooden_axe":2,"tacz:modern_kinetic_gun":1,"minecraft:iron_axe":1,"minecraft:coarse_dirt":1,"undead_revamp2:arapholia":3,"minecraft:white_carpet":3,"minecraft:pumpkin_seeds":2,"minecraft:leather_chestplate":1,"minecraft:shield":1,"minecraft:oak_sapling":1,"minecraft:acacia_sapling":1,"minecraft:leather_leggings":1,"tacz:ammo":31},"minecraft:crafted":{"minecraft:oak_planks":132,"minecraft:iron_nugget":36,"minecraft:furnace":1,"quark:acacia_chest":3,"minecraft:iron_axe":3,"minecraft:stone_pickaxe":1,"minecraft:wheat":117,"minecraft:wooden_shovel":1,"extraarmor:mangrove_wood_chestplate":1,"minecraft:crafting_table":5,"minecraft:wooden_pickaxe":2,"minecraft:iron_sword":1,"minecraft:copper_ingot":136,"minecraft:mangrove_planks":24,"minecraft:stone_axe":1,"minecraft:bread":36,"minecraft:acacia_boat":2,"minecraft:air":0,"minecraft:charcoal":1,"minecraft:shield":1,"minecraft:stick":40,"quark:oak_chest":4,"minecraft:iron_ingot":14,"minecraft:iron_pickaxe":1,"minecraft:wooden_axe":3,"minecraft:iron_leggings":1,"minecraft:white_bed":1,"extraarmor:acacia_wood_helmet":1,"minecraft:acacia_planks":84,"minecraft:torch":28}},"DataVersion":3465}