{"stats":{"minecraft:broken":{"minecraft:stone_hoe":1,"minecraft:wooden_pickaxe":1,"minecraft:stone_pickaxe":3,"minecraft:shield":2,"minecraft:stone_axe":3,"minecraft:iron_helmet":1,"minecraft:wooden_axe":1},"minecraft:dropped":{"minecraft:bread":67,"minecraft:crossbow":1,"minecraft:cobblestone":64,"mvw:stone_dagger":1,"minecraft:leather":2,"minecraft:stick":8,"minecraft:torch":8,"minecraft:cut_sandstone":1,"minecraft:iron_leggings":1,"minecraft:cooked_chicken":1,"minecraft:cocoa_beans":1,"minecraft:rotten_flesh":13,"minecraft:iron_boots":1,"sophisticatedbackpacks:backpack":2,"alexsmobs:cooked_kangaroo_meat":1,"minecraft:filled_map":1,"minecraft:iron_chestplate":1,"extraarmor:rotten_flesh_helmet":1,"apotheosis:gem":2},"minecraft:killed":{"fight_or_die:springer":3,"fight_or_die:mutated_human_head":2,"fight_or_die:mutated_pig":1,"minecraft:spider":1,"royalvariations:royal_skeleton":1,"naturalist:tortoise":1,"minecraft:skeleton":1,"fight_or_die:mutated_human":5,"fight_or_die:mutated_sheep":2,"fight_or_die:shiller":12,"minecraft:chicken":2,"undead_revamp2:therod":1,"fight_or_die:mutated_cow_head":1,"alexsmobs:kangaroo":4,"undead_revamp2:thespitter":1,"minecraft:husk":1,"alexsmobs:guster":3,"minecraft:pig":2,"fight_or_die:mutated_cow":2,"alexsmobs:emu":2,"minecraft:sheep":2,"royalvariations:royal_zombie":1,"undead_revamp2:thesomnolence":4,"minecraft:zombie":5,"alexsmobs:gazelle":3,"fight_or_die:mutated_player":2,"alexsmobs:rain_frog":1,"naturalist:lizard":1,"alexsmobs:fly":3,"minecraft:cow":1},"minecraft:custom":{"minecraft:mob_kills":73,"minecraft:interact_with_crafting_table":42,"minecraft:damage_dealt_resisted":12,"minecraft:leave_game":8,"minecraft:time_since_death":126035,"minecraft:climb_one_cm":7148,"minecraft:damage_resisted":0,"minecraft:sprint_one_cm":439993,"minecraft:walk_one_cm":684585,"minecraft:damage_blocked_by_shield":5031,"minecraft:drop":24,"minecraft:talked_to_villager":3,"minecraft:play_time":211841,"minecraft:deaths":9,"minecraft:sneak_time":4092,"minecraft:walk_under_water_one_cm":19928,"minecraft:jump":2812,"minecraft:walk_on_water_one_cm":10944,"minecraft:total_world_time":211841,"minecraft:interact_with_furnace":18,"spartanshields:shield_bash_hits":13,"minecraft:sleep_in_bed":8,"minecraft:waystone_activated":3,"minecraft:time_since_rest":16461,"minecraft:damage_taken":9047,"minecraft:trigger_trapped_chest":3,"minecraft:damage_dealt":10497,"minecraft:swim_one_cm":25347,"minecraft:fly_one_cm":757829,"minecraft:open_chest":192,"minecraft:crouch_one_cm":13996,"minecraft:interact_with_smoker":3,"minecraft:fall_one_cm":58631,"minecraft:horse_one_cm":5115},"minecraft:used":{"extraarmor:acacia_wood_helmet":1,"minecraft:shield":88,"minecraft:white_terracotta":43,"minecraft:iron_sword":216,"minecraft:cooked_chicken":2,"minecraft:stone_hoe":159,"minecraft:rotten_flesh":4,"minecraft:torch":17,"minecraft:dirt":54,"alexscaves:ambersol":2,"alexsmobs:cooked_kangaroo_meat":1,"alexscaves:limestone":11,"minecraft:brown_terracotta":53,"alexsmobs:maggot":2,"minecraft:wooden_axe":49,"alexscaves:amber":1,"minecraft:furnace":6,"minecraft:gray_bed":5,"minecraft:brown_bed":1,"minecraft:pumpkin":1,"minecraft:iron_leggings":1,"minecraft:wheat_seeds":32,"minecraft:stone_pickaxe":456,"minecraft:oak_planks":9,"minecraft:wooden_pickaxe":60,"minecraft:sandstone":1,"minecraft:sand":3,"minecraft:oak_slab":2,"minecraft:crafting_table":4,"quark:acacia_chest":3,"minecraft:light_gray_terracotta":104,"minecraft:smoker":1,"waystones:waystone":1,"minecraft:wooden_hoe":28,"minecraft:chicken":2,"minecraft:bread":109,"alexsmobs:kangaroo_meat":1,"mvw:stone_dagger":1,"minecraft:stone_axe":278,"minecraft:cobblestone":36,"minecraft:porkchop":1,"minecraft:birch_log":3,"quark:oak_chest":9,"alexsmobs:animal_dictionary":1,"minecraft:bone_meal":39},"minecraft:mined":{"minecraft:attached_pumpkin_stem":7,"minecraft:black_terracotta":3,"alexscaves:limestone":62,"minecraft:spruce_trapdoor":4,"minecraft:acacia_log":29,"minecraft:grass_block":19,"minecraft:jungle_log":11,"minecraft:moss_block":4,"minecraft:sandstone":20,"minecraft:hay_block":104,"minecraft:oak_trapdoor":1,"minecraft:carrots":18,"fight_or_die:blood_splash1":2,"minecraft:andesite":1,"minecraft:pumpkin":8,"minecraft:brown_bed":1,"minecraft:bookshelf":3,"minecraft:potatoes":22,"minecraft:vine":13,"alexscaves:ambersol":2,"minecraft:stripped_oak_log":5,"minecraft:bamboo":1,"minecraft:stone":191,"minecraft:acacia_leaves":7,"minecraft:flowering_azalea":1,"quark:oak_chest":3,"alexscaves:amber":2,"farmersdelight:organic_compost":1,"minecraft:melon_stem":11,"minecraft:smoker":1,"minecraft:orange_terracotta":1,"minecraft:crafting_table":1,"minecraft:light_gray_terracotta":97,"minecraft:melon":6,"minecraft:dead_bush":19,"minecraft:copper_ore":24,"minecraft:tall_grass":12,"minecraft:cobblestone":2,"minecraft:oak_planks":10,"minecraft:wall_torch":3,"minecraft:seagrass":2,"minecraft:white_terracotta":37,"minecraft:coarse_dirt":2,"minecraft:birch_log":14,"minecraft:wheat":47,"minecraft:gray_bed":6,"minecraft:stripped_oak_wood":8,"minecraft:grass":95,"minecraft:beetroots":30,"minecraft:coal_ore":10,"minecraft:oak_log":19,"minecraft:cocoa":2,"minecraft:sand":28,"minecraft:dirt":3,"minecraft:brown_terracotta":43,"minecraft:acacia_planks":9,"minecraft:small_dripleaf":3,"minecraft:oak_leaves":6,"minecraft:fern":3},"minecraft:crafted":{"minecraft:oak_planks":124,"minecraft:furnace":6,"minecraft:bone_meal":36,"quark:acacia_chest":2,"minecraft:leather":6,"mvw:stone_dagger":1,"minecraft:stone_pickaxe":4,"minecraft:stone_hoe":2,"minecraft:wheat":207,"minecraft:oak_slab":6,"sophisticatedbackpacks:backpack":2,"minecraft:crafting_table":5,"minecraft:wooden_pickaxe":1,"alexsmobs:cooked_kangaroo_meat":1,"minecraft:copper_ingot":63,"minecraft:birch_planks":44,"minecraft:stone_axe":4,"minecraft:bread":112,"minecraft:air":0,"minecraft:jungle_planks":68,"minecraft:wooden_hoe":1,"minecraft:charcoal":22,"minecraft:shield":3,"minecraft:stick":48,"quark:oak_chest":8,"minecraft:wooden_axe":2,"minecraft:sandstone":1,"extraarmor:acacia_wood_helmet":1,"minecraft:acacia_planks":72,"minecraft:torch":28},"minecraft:killed_by":{"minecraft:player":1,"undead_revamp2:the_moonflower":2},"minecraft:picked_up":{"minecraft:iron_chestplate":1,"minecraft:cocoa_beans":4,"minecraft:coarse_dirt":2,"minecraft:crafting_table":1,"minecraft:wheat":32,"minecraft:chicken":2,"minecraft:brown_bed":1,"minecraft:oak_trapdoor":1,"alexsmobs:gazelle_horn":2,"minecraft:string":9,"minecraft:raw_copper":108,"minecraft:iron_leggings":1,"minecraft:beetroot":23,"alexsmobs:emu_feather":4,"minecraft:beef":1,"mvw:stone_dagger":2,"minecraft:azalea":1,"minecraft:melon_slice":24,"minecraft:spruce_trapdoor":4,"minecraft:egg":2,"fight_or_die:ripping_flesh":7,"minecraft:stick":32,"minecraft:sandstone":67,"apotheosis:gem":29,"fight_or_die:rotten_brain":1,"minecraft:copper_ingot":2,"minecraft:brown_terracotta":55,"minecraft:torch":9,"minecraft:acacia_log":43,"minecraft:porkchop":3,"minecraft:carrot":64,"minecraft:tnt":5,"minecraft:arrow":14,"minecraft:rotten_flesh":31,"minecraft:beetroot_seeds":68,"minecraft:hay_block":102,"alexsmobs:boiled_emu_egg":2,"minecraft:gold_ingot":6,"minecraft:white_terracotta":60,"minecraft:mutton":4,"alexsmobs:kangaroo_meat":8,"minecraft:white_wool":2,"minecraft:cobblestone":210,"minecraft:stripped_oak_log":5,"minecraft:birch_log":14,"minecraft:feather":11,"fight_or_die:springer_fragment":1,"minecraft:golden_carrot":1,"minecraft:andesite":1,"minecraft:jungle_log":17,"minecraft:cut_sandstone":1,"minecraft:leather":9,"minecraft:smoker":1,"minecraft:potato":76,"minecraft:filled_map":2,"alexscaves:limestone":98,"minecraft:oak_log":18,"minecraft:chainmail_chestplate":1,"alexsmobs:cooked_kangaroo_meat":1,"minecraft:gunpowder":1,"alexscaves:ambersol":2,"minecraft:wooden_hoe":1,"minecraft:dirt":67,"extraarmor:rotten_flesh_helmet":1,"alexscaves:amber":2,"minecraft:orange_terracotta":2,"farmersdelight:organic_compost":1,"minecraft:bone":33,"minecraft:acacia_planks":11,"minecraft:wheat_seeds":115,"minecraft:iron_ingot":2,"minecraft:cooked_chicken":3,"minecraft:stripped_oak_wood":8,"minecraft:glass_bottle":2,"minecraft:bamboo":14,"minecraft:moss_block":1,"minecraft:gray_bed":5,"minecraft:iron_sword":1,"minecraft:oak_planks":11,"minecraft:flowering_azalea":1,"minecraft:book":15,"minecraft:oak_slab":3,"minecraft:black_terracotta":6,"minecraft:pumpkin":8,"minecraft:poisonous_potato":1,"royalvariations:royal_bone":2,"minecraft:sand":36,"quark:oak_chest":3,"fight_or_die:sickened_heart":6,"minecraft:spider_eye":2,"quark:jasper":3,"minecraft:light_gray_terracotta":115,"alexsmobs:kangaroo_hide":14,"minecraft:pumpkin_seeds":13,"minecraft:slime_ball":20,"waystones:waystone":1,"minecraft:chainmail_leggings":1,"minecraft:iron_helmet":1,"minecraft:crossbow":1,"minecraft:emerald":1,"minecraft:bread":48,"alexsmobs:maggot":2,"minecraft:melon_seeds":15,"minecraft:coal":13,"minecraft:ender_pearl":2}},"DataVersion":3465}