{"stats":{"minecraft:killed_by":{"minecraft:player":6},"minecraft:dropped":{"minecraft:diamond":1,"minecraft:flint":2,"minecraft:dirt":2,"spartanshields:wooden_tower_shield":1,"minecraft:gold_nugget":17,"minecraft:gold_ingot":3,"sophisticatedbackpacks:diamond_backpack":1,"minecraft:stone_hoe":1,"minecraft:bread":19,"minecraft:iron_ingot":2,"minecraft:coal":1,"minecraft:torch":14,"minecraft:wooden_axe":2,"minecraft:yellow_bed":2,"minecraft:blue_orchid":1,"minecraft:bow":1,"minecraft:wooden_pickaxe":2},"minecraft:crafted":{"minecraft:cobblestone_slab":90,"quark:birch_chest":6,"spartanshields:wooden_tower_shield":2,"morevanillatools:emerald_axe":1,"minecraft:cobblestone_stairs":76,"extraarmor:jungle_wood_boots":1,"extraarmor:jungle_wood_helmet":1,"minecraft:iron_boots":1,"minecraft:raw_copper":9,"minecraft:stone_hoe":1,"minecraft:crafting_table":4,"minecraft:spruce_planks":80,"minecraft:jungle_boat":2,"minecraft:wooden_pickaxe":3,"minecraft:baked_potato":427,"minecraft:iron_helmet":1,"minecraft:smithing_table":2,"morevanillatools:emerald_pickaxe":1,"minecraft:copper_ingot":49,"minecraft:birch_planks":280,"minecraft:iron_chestplate":1,"minecraft:wooden_hoe":1,"minecraft:charcoal":32,"minecraft:shield":2,"minecraft:stick":76,"minecraft:iron_ingot":25,"minecraft:iron_pickaxe":3,"minecraft:iron_block":3,"minecraft:birch_stairs":20,"quark:jungle_chest":2,"minecraft:furnace":1,"minecraft:bone_meal":414,"quark:dark_oak_chest":4,"quark:acacia_chest":3,"minecraft:iron_axe":2,"minecraft:stone_pickaxe":7,"quark:spruce_chest":2,"minecraft:dark_oak_planks":216,"minecraft:coal_block":6,"minecraft:dark_oak_stairs":40,"minecraft:iron_sword":1,"minecraft:bucket":2,"minecraft:stone_axe":2,"minecraft:air":0,"minecraft:jungle_planks":68,"quark:spruce_bookshelf":1,"minecraft:wooden_axe":5,"minecraft:anvil":1,"minecraft:acacia_planks":68,"minecraft:torch":124},"minecraft:killed":{"fight_or_die:springer":2,"minecraft:spider":9,"royalvariations:royal_skeleton":1,"undead_revamp2:theswarmer":2,"minecraft:skeleton":25,"minecraft:bee":3,"fight_or_die:mutated_cow_head":1,"alexsmobs:seal":6,"fight_or_die:mutated_cow":1,"minecraft:creeper":7,"minecraft:sheep":4,"fight_or_die:mutated_villager":3,"minecraft:zombie":4,"alexsmobs:maned_wolf":1,"fight_or_die:mutated_human_head":1,"fight_or_die:mutated_pig":2,"fight_or_die:mutated_sheep":1,"fight_or_die:mutated_human":4,"fight_or_die:shiller":2,"undead_revamp2:sucker":2,"minecraft:husk":1,"undead_revamp2:the_moonflower":2,"royalvariations:royal_zombie":1},"minecraft:picked_up":{"minecraft:iron_chestplate":1,"minecraft:wheat":1,"minecraft:flower_pot":5,"minecraft:smithing_table":3,"minecraft:lead":1,"minecraft:potion":1,"minecraft:polished_deepslate_wall":1,"minecraft:polished_deepslate":2,"minecraft:raw_copper":292,"minecraft:string":16,"minecraft:iron_leggings":3,"minecraft:armor_stand":1,"minecraft:spruce_planks":49,"spartanshields:diamond_tower_shield":1,"minecraft:cobblestone_slab":3,"minecraft:rose_bush":1,"minecraft:furnace":2,"minecraft:blue_wool":4,"minecraft:stick":6,"apotheosis:gem":68,"minecraft:torch":34,"minecraft:acacia_log":29,"minecraft:spruce_stairs":11,"taxov:block_captain":2,"minecraft:golden_chestplate":1,"minecraft:waxed_cut_copper_stairs":20,"minecraft:rotten_flesh":27,"minecraft:obsidian":2,"minecraft:cod":3,"undead_revamp2:arapholia":1,"minecraft:snowball":25,"minecraft:cobblestone":1233,"minecraft:birch_log":70,"minecraft:leather_chestplate":1,"minecraft:andesite":3,"minecraft:jungle_log":17,"minecraft:potato":470,"minecraft:flint":3,"minecraft:dirt":507,"minecraft:lapis_lazuli":64,"minecraft:lantern":2,"minecraft:polished_granite":3,"minecraft:bone":207,"minecraft:acacia_planks":30,"minecraft:bow":2,"minecraft:orange_tulip":1,"minecraft:wheat_seeds":6,"minecraft:mossy_stone_bricks":5,"tacz:gun_smith_table":2,"minecraft:stone_hoe":1,"patchouli:guide_book":1,"royalvariations:royal_bone":1,"minecraft:stripped_acacia_wood":6,"minecraft:poisonous_potato":2,"minecraft:jungle_planks":2,"minecraft:red_terracotta":4,"minecraft:dark_oak_log":55,"alexsmobs:animal_dictionary":1,"minecraft:dark_prismarine":5,"minecraft:angler_pottery_sherd":4,"waystones:waystone":1,"minecraft:crossbow":1,"minecraft:granite":14,"minecraft:bone_meal":3,"minecraft:bread":3,"minecraft:emerald":4,"minecraft:chainmail_helmet":1,"minecraft:rooted_dirt":27,"minecraft:bricks":6,"minecraft:dark_oak_fence":3,"minecraft:coarse_dirt":40,"sophisticatedbackpacks:gold_backpack":1,"minecraft:crafting_table":7,"minecraft:azure_bluet":1,"minecraft:ladder":5,"minecraft:turtle_helmet":1,"minecraft:shield":1,"minecraft:jungle_trapdoor":2,"minecraft:iron_shovel":1,"minecraft:blue_orchid":1,"minecraft:cracked_stone_bricks":8,"quark:spruce_chest":2,"minecraft:birch_sapling":5,"minecraft:sugar_cane":1,"minecraft:chest":2,"minecraft:raw_copper_block":1,"fight_or_die:ripping_flesh":3,"minecraft:raw_iron":8,"minecraft:copper_ingot":2,"quark:jungle_chest":2,"minecraft:spruce_fence":2,"farmersdelight:tomato_seeds":2,"quark:birch_chest":2,"minecraft:carrot":33,"minecraft:dark_oak_planks":11,"minecraft:arrow":75,"minecraft:beetroot_seeds":2,"minecraft:jungle_stairs":3,"quark:acacia_chest":1,"minecraft:hay_block":9,"minecraft:gold_ingot":1,"minecraft:brick_stairs":1,"minecraft:mutton":7,"minecraft:white_wool":4,"minecraft:golden_carrot":2,"minecraft:birch_planks":11,"minecraft:chainmail_chestplate":1,"minecraft:yellow_bed":14,"minecraft:gunpowder":2,"minecraft:cobblestone_stairs":35,"minecraft:stone_bricks":23,"minecraft:iron_ingot":37,"minecraft:glass_bottle":8,"minecraft:dark_oak_stairs":8,"minecraft:iron_sword":1,"minecraft:acacia_sapling":13,"sophisticatedbackpacks:diamond_backpack":1,"minecraft:book":7,"minecraft:stone_brick_slab":1,"minecraft:gravel":14,"minecraft:spruce_sapling":11,"minecraft:blast_furnace":3,"minecraft:spruce_log":23,"fight_or_die:sickened_heart":1,"minecraft:spider_eye":5,"minecraft:brewer_pottery_sherd":10,"minecraft:diamond_shovel":1,"minecraft:gray_wool":1,"minecraft:terracotta":9,"minecraft:damaged_anvil":1,"minecraft:black_wool":1,"minecraft:coal":330},"minecraft:mined":{"minecraft:dark_oak_planks":6,"minecraft:spruce_planks":48,"minecraft:farmland":3,"taxov:block_captain":1,"minecraft:cobblestone_stairs":35,"minecraft:jungle_leaves":2,"minecraft:potted_dead_bush":1,"minecraft:granite":5,"minecraft:acacia_log":26,"minecraft:grass_block":201,"minecraft:jungle_log":17,"minecraft:blue_wool":4,"tacz:gun_smith_table":2,"minecraft:spawner":3,"fight_or_die:blood_splash1":2,"minecraft:iron_ore":8,"minecraft:dark_oak_stairs":4,"minecraft:jungle_trapdoor":1,"minecraft:waxed_cut_copper_stairs":20,"minecraft:torch":8,"minecraft:jungle_stairs":2,"minecraft:blast_furnace":3,"minecraft:chest":2,"minecraft:cobblestone":171,"minecraft:damaged_anvil":1,"minecraft:bricks":2,"minecraft:wall_torch":5,"minecraft:birch_sapling":1,"minecraft:birch_log":70,"minecraft:wheat":2,"minecraft:orange_tulip":1,"quark:birch_chest":2,"minecraft:grass":25,"minecraft:dirt":131,"minecraft:raw_copper_block":1,"minecraft:polished_deepslate_wall":1,"minecraft:dark_prismarine":5,"minecraft:dark_oak_leaves":23,"minecraft:dark_oak_log":59,"minecraft:ladder":3,"minecraft:dark_oak_fence":1,"minecraft:spruce_fence":2,"minecraft:decorated_pot":2,"minecraft:jungle_planks":2,"quark:jungle_chest":2,"quark:acacia_chest":1,"minecraft:spruce_leaves":29,"minecraft:rooted_dirt":27,"minecraft:hay_block":9,"minecraft:furnace":2,"minecraft:carrots":24,"minecraft:andesite":3,"minecraft:polished_deepslate":2,"minecraft:cobblestone_slab":4,"minecraft:lantern":1,"minecraft:packed_ice":41,"minecraft:stone":1025,"minecraft:white_wool":1,"minecraft:smithing_table":2,"minecraft:acacia_leaves":26,"minecraft:stone_brick_slab":1,"minecraft:crafting_table":6,"minecraft:rose_bush":1,"minecraft:copper_ore":80,"minecraft:lapis_ore":10,"minecraft:spruce_stairs":8,"farmersdelight:wild_beetroots":1,"minecraft:red_terracotta":5,"minecraft:birch_planks":11,"minecraft:coarse_dirt":39,"minecraft:ice":4,"minecraft:spruce_log":18,"minecraft:birch_leaves":14,"fight_or_die:blood_splash2":8,"minecraft:bee_nest":1,"minecraft:yellow_bed":13,"minecraft:coal_ore":315,"minecraft:flower_pot":1,"quark:spruce_chest":2,"minecraft:gravel":11,"minecraft:cracked_stone_bricks":8,"minecraft:terracotta":13,"minecraft:stripped_acacia_wood":9,"minecraft:stone_bricks":23,"minecraft:mossy_stone_bricks":5},"minecraft:broken":{"minecraft:iron_boots":1,"minecraft:iron_chestplate":1,"minecraft:iron_leggings":1,"minecraft:stone_pickaxe":2,"minecraft:wooden_axe":2,"minecraft:wooden_pickaxe":1,"minecraft:iron_pickaxe":4,"minecraft:iron_helmet":1},"minecraft:custom":{"minecraft:interact_with_crafting_table":68,"minecraft:open_barrel":48,"minecraft:leave_game":6,"minecraft:time_since_death":20661,"minecraft:damage_resisted":0,"minecraft:sprint_one_cm":911662,"minecraft:damage_blocked_by_shield":6925,"minecraft:drop":39,"minecraft:talked_to_villager":15,"minecraft:play_time":402739,"minecraft:deaths":20,"minecraft:jump":7040,"minecraft:walk_on_water_one_cm":29526,"minecraft:interact_with_furnace":103,"minecraft:sleep_in_bed":9,"minecraft:waystone_activated":1,"minecraft:damage_dealt":12273,"minecraft:player_kills":1,"minecraft:crouch_one_cm":34716,"minecraft:interact_with_smithing_table":19,"minecraft:mob_kills":90,"minecraft:interact_with_anvil":4,"minecraft:damage_dealt_resisted":180,"minecraft:climb_one_cm":31297,"minecraft:walk_one_cm":1316784,"minecraft:damage_dealt_absorbed":105,"minecraft:sneak_time":16431,"minecraft:walk_under_water_one_cm":22999,"minecraft:boat_one_cm":166010,"minecraft:total_world_time":402739,"spartanshields:shield_bash_hits":18,"minecraft:time_since_rest":20687,"minecraft:damage_taken":12564,"minecraft:swim_one_cm":67154,"minecraft:fly_one_cm":1103073,"minecraft:open_chest":473,"minecraft:fall_one_cm":119899},"minecraft:used":{"minecraft:ladder":4,"minecraft:chest":2,"minecraft:shield":45,"minecraft:iron_sword":55,"minecraft:rotten_flesh":10,"minecraft:carrot":35,"minecraft:acacia_sapling":7,"spartanshields:wooden_tower_shield":8,"minecraft:lantern":1,"minecraft:birch_sapling":5,"minecraft:bow":233,"minecraft:furnace":2,"minecraft:potato":21,"minecraft:dark_oak_stairs":15,"minecraft:stone_pickaxe":294,"morevanillatools:emerald_pickaxe":543,"minecraft:wooden_pickaxe":52,"minecraft:jungle_boat":2,"minecraft:crossbow":14,"waystones:waystone":1,"minecraft:bread":37,"minecraft:string":1,"spartanshields:diamond_tower_shield":61,"minecraft:pufferfish":3,"minecraft:smithing_table":4,"minecraft:coarse_dirt":27,"minecraft:bone_meal":417,"quark:birch_chest":6,"minecraft:armor_stand":1,"tacz:gun_smith_table":2,"quark:jungle_chest":4,"minecraft:spruce_planks":27,"minecraft:stone_hoe":28,"quark:spruce_bookshelf":1,"minecraft:torch":143,"minecraft:dirt":319,"minecraft:anvil":1,"minecraft:spruce_stairs":2,"minecraft:golden_chestplate":1,"minecraft:granite":1,"minecraft:stone_brick_slab":1,"minecraft:wooden_axe":99,"minecraft:dark_oak_planks":97,"quark:spruce_chest":4,"minecraft:iron_axe":138,"minecraft:iron_leggings":1,"minecraft:wheat_seeds":2,"minecraft:water_bucket":26,"minecraft:cobblestone_stairs":46,"minecraft:birch_planks":100,"minecraft:baked_potato":96,"minecraft:cobblestone_slab":64,"minecraft:salmon":2,"minecraft:terracotta":6,"minecraft:crafting_table":11,"quark:acacia_chest":4,"minecraft:spider_eye":1,"minecraft:cod":2,"morevanillatools:emerald_axe":422,"minecraft:dark_prismarine":3,"minecraft:wooden_hoe":69,"minecraft:diamond_shovel":313,"minecraft:iron_pickaxe":949,"minecraft:jungle_stairs":1,"minecraft:stone_axe":80,"quark:dark_oak_chest":4,"minecraft:cobblestone":812,"minecraft:bucket":26,"minecraft:yellow_bed":12,"alexsmobs:animal_dictionary":1,"minecraft:birch_stairs":14}},"DataVersion":3465}