{"stats":{"minecraft:killed":{"fight_or_die:springer":1,"minecraft:spider":4,"undead_revamp2:theswarmer":2,"minecraft:skeleton":3,"minecraft:bee":1,"undead_revamp2:sucker":2,"undead_revamp2:the_moonflower":2,"alexsmobs:seal":6,"fight_or_die:mutated_villager":1,"minecraft:zombie":2},"minecraft:mined":{"minecraft:dark_oak_planks":1,"minecraft:spruce_planks":10,"minecraft:farmland":2,"taxov:block_captain":1,"minecraft:dark_oak_leaves":3,"minecraft:cobblestone_stairs":2,"minecraft:dark_oak_log":8,"minecraft:ladder":2,"minecraft:potted_dead_bush":1,"minecraft:granite":5,"minecraft:acacia_log":25,"minecraft:grass_block":199,"minecraft:spruce_fence":2,"minecraft:decorated_pot":2,"minecraft:jungle_planks":2,"minecraft:jungle_log":15,"quark:jungle_chest":2,"quark:acacia_chest":1,"minecraft:spruce_leaves":29,"minecraft:blue_wool":4,"tacz:gun_smith_table":1,"minecraft:rooted_dirt":27,"minecraft:spawner":1,"minecraft:furnace":1,"fight_or_die:blood_splash1":2,"minecraft:iron_ore":8,"minecraft:dark_oak_stairs":3,"minecraft:packed_ice":41,"minecraft:stone":631,"minecraft:white_wool":1,"minecraft:jungle_trapdoor":1,"minecraft:smithing_table":1,"minecraft:acacia_leaves":19,"minecraft:stone_brick_slab":1,"minecraft:crafting_table":6,"minecraft:torch":2,"minecraft:jungle_stairs":2,"minecraft:chest":2,"minecraft:copper_ore":39,"minecraft:cobblestone":80,"minecraft:lapis_ore":10,"minecraft:bricks":2,"minecraft:wall_torch":3,"minecraft:spruce_stairs":3,"farmersdelight:wild_beetroots":1,"minecraft:coarse_dirt":39,"minecraft:birch_log":20,"minecraft:wheat":2,"minecraft:ice":4,"minecraft:spruce_log":18,"minecraft:birch_leaves":9,"fight_or_die:blood_splash2":5,"minecraft:yellow_bed":9,"minecraft:grass":22,"quark:birch_chest":2,"minecraft:coal_ore":118,"quark:spruce_chest":2,"minecraft:gravel":9,"minecraft:flower_pot":1,"minecraft:dirt":114,"minecraft:terracotta":9,"minecraft:raw_copper_block":1},"minecraft:custom":{"minecraft:interact_with_smithing_table":14,"minecraft:mob_kills":26,"minecraft:interact_with_crafting_table":49,"minecraft:open_barrel":18,"minecraft:damage_dealt_resisted":23,"minecraft:leave_game":4,"minecraft:time_since_death":18520,"minecraft:damage_resisted":0,"minecraft:climb_one_cm":21054,"minecraft:sprint_one_cm":462397,"minecraft:walk_one_cm":641607,"minecraft:damage_blocked_by_shield":3195,"minecraft:drop":35,"minecraft:talked_to_villager":11,"minecraft:play_time":208660,"minecraft:deaths":19,"minecraft:sneak_time":4524,"minecraft:walk_under_water_one_cm":7167,"minecraft:boat_one_cm":162443,"minecraft:jump":4126,"minecraft:walk_on_water_one_cm":13329,"minecraft:total_world_time":208660,"minecraft:interact_with_furnace":42,"spartanshields:shield_bash_hits":12,"minecraft:sleep_in_bed":5,"minecraft:time_since_rest":18637,"minecraft:damage_taken":7560,"minecraft:damage_dealt":4645,"minecraft:player_kills":1,"minecraft:swim_one_cm":62040,"minecraft:fly_one_cm":678437,"minecraft:open_chest":293,"minecraft:crouch_one_cm":9359,"minecraft:fall_one_cm":48526},"minecraft:picked_up":{"minecraft:crafting_table":7,"minecraft:iron_chestplate":1,"minecraft:coarse_dirt":39,"minecraft:wheat":1,"minecraft:azure_bluet":1,"minecraft:ladder":4,"minecraft:flower_pot":5,"minecraft:turtle_helmet":1,"minecraft:smithing_table":2,"minecraft:potion":1,"minecraft:shield":1,"minecraft:raw_copper":137,"minecraft:jungle_trapdoor":2,"minecraft:string":12,"minecraft:iron_leggings":1,"minecraft:blue_orchid":1,"quark:spruce_chest":2,"minecraft:spruce_planks":11,"minecraft:sugar_cane":1,"minecraft:chest":2,"minecraft:birch_sapling":3,"minecraft:furnace":1,"minecraft:raw_copper_block":1,"minecraft:blue_wool":4,"minecraft:stick":2,"minecraft:raw_iron":8,"apotheosis:gem":20,"minecraft:torch":21,"minecraft:acacia_log":25,"minecraft:spruce_fence":2,"minecraft:spruce_stairs":7,"quark:jungle_chest":2,"farmersdelight:tomato_seeds":2,"quark:birch_chest":2,"taxov:block_captain":2,"minecraft:golden_chestplate":1,"minecraft:dark_oak_planks":3,"minecraft:arrow":14,"minecraft:rotten_flesh":21,"minecraft:beetroot_seeds":2,"minecraft:jungle_stairs":3,"quark:acacia_chest":1,"minecraft:brick_stairs":1,"undead_revamp2:arapholia":1,"minecraft:obsidian":2,"minecraft:cod":3,"minecraft:snowball":25,"minecraft:white_wool":2,"minecraft:cobblestone":754,"minecraft:birch_log":20,"minecraft:golden_carrot":2,"minecraft:jungle_log":15,"minecraft:flint":3,"minecraft:chainmail_chestplate":1,"minecraft:yellow_bed":10,"minecraft:cobblestone_stairs":2,"minecraft:lapis_lazuli":64,"minecraft:dirt":400,"minecraft:lantern":1,"minecraft:polished_granite":3,"minecraft:bone":7,"minecraft:acacia_planks":30,"minecraft:bow":1,"minecraft:wheat_seeds":6,"minecraft:iron_ingot":37,"minecraft:glass_bottle":8,"tacz:gun_smith_table":1,"minecraft:dark_oak_stairs":7,"minecraft:acacia_sapling":3,"minecraft:stone_hoe":1,"minecraft:book":7,"patchouli:guide_book":1,"minecraft:stone_brick_slab":1,"minecraft:gravel":12,"minecraft:jungle_planks":2,"minecraft:spruce_sapling":11,"minecraft:spruce_log":20,"minecraft:dark_oak_log":8,"minecraft:spider_eye":3,"alexsmobs:animal_dictionary":1,"minecraft:brewer_pottery_sherd":10,"minecraft:diamond_shovel":1,"minecraft:angler_pottery_sherd":4,"minecraft:crossbow":1,"minecraft:granite":14,"minecraft:bone_meal":3,"minecraft:emerald":4,"minecraft:bread":3,"minecraft:terracotta":9,"minecraft:rooted_dirt":27,"minecraft:dark_oak_fence":2,"minecraft:bricks":5,"minecraft:coal":133},"minecraft:broken":{"minecraft:wooden_pickaxe":1,"minecraft:stone_pickaxe":2,"minecraft:iron_pickaxe":3,"minecraft:wooden_axe":2},"minecraft:used":{"quark:birch_chest":6,"minecraft:ladder":3,"minecraft:chest":2,"quark:jungle_chest":4,"tacz:gun_smith_table":1,"minecraft:spruce_planks":9,"minecraft:shield":44,"minecraft:stone_hoe":28,"minecraft:rotten_flesh":7,"quark:spruce_bookshelf":1,"minecraft:torch":73,"minecraft:dirt":169,"minecraft:spruce_stairs":2,"minecraft:golden_chestplate":1,"minecraft:granite":1,"minecraft:dark_oak_planks":1,"minecraft:wooden_axe":99,"minecraft:stone_brick_slab":1,"spartanshields:wooden_tower_shield":8,"quark:spruce_chest":4,"minecraft:lantern":1,"minecraft:iron_axe":128,"minecraft:birch_sapling":3,"minecraft:furnace":2,"minecraft:iron_leggings":1,"minecraft:wheat_seeds":2,"minecraft:water_bucket":5,"minecraft:cobblestone_stairs":42,"minecraft:stone_pickaxe":294,"minecraft:wooden_pickaxe":52,"minecraft:jungle_boat":2,"minecraft:salmon":2,"minecraft:terracotta":6,"minecraft:crafting_table":11,"quark:acacia_chest":4,"minecraft:spider_eye":1,"minecraft:crossbow":5,"minecraft:cod":2,"minecraft:diamond_shovel":311,"minecraft:iron_pickaxe":640,"minecraft:bread":37,"minecraft:string":1,"minecraft:jungle_stairs":1,"minecraft:pufferfish":3,"minecraft:stone_axe":80,"quark:dark_oak_chest":4,"minecraft:cobblestone":455,"minecraft:smithing_table":3,"minecraft:bucket":5,"minecraft:yellow_bed":8,"minecraft:coarse_dirt":27},"minecraft:killed_by":{"minecraft:player":6},"minecraft:crafted":{"quark:birch_chest":6,"quark:jungle_chest":2,"spartanshields:wooden_tower_shield":2,"minecraft:furnace":1,"minecraft:cobblestone_stairs":40,"minecraft:bone_meal":21,"extraarmor:jungle_wood_boots":1,"extraarmor:jungle_wood_helmet":1,"quark:dark_oak_chest":4,"quark:acacia_chest":3,"minecraft:iron_boots":1,"minecraft:raw_copper":9,"minecraft:iron_axe":2,"minecraft:stone_pickaxe":7,"quark:spruce_chest":2,"minecraft:dark_oak_planks":32,"minecraft:stone_hoe":1,"minecraft:crafting_table":4,"minecraft:spruce_planks":80,"minecraft:jungle_boat":2,"minecraft:wooden_pickaxe":3,"minecraft:iron_helmet":1,"minecraft:smithing_table":1,"minecraft:copper_ingot":49,"minecraft:bucket":2,"minecraft:birch_planks":80,"minecraft:stone_axe":2,"minecraft:air":0,"minecraft:jungle_planks":60,"minecraft:wooden_hoe":1,"quark:spruce_bookshelf":1,"minecraft:iron_chestplate":1,"minecraft:charcoal":8,"minecraft:shield":2,"minecraft:stick":52,"minecraft:iron_ingot":25,"minecraft:iron_pickaxe":3,"minecraft:wooden_axe":5,"minecraft:acacia_planks":64,"minecraft:torch":56},"minecraft:dropped":{"minecraft:stone_hoe":1,"minecraft:iron_ingot":2,"minecraft:bread":19,"minecraft:diamond":1,"minecraft:coal":1,"minecraft:flint":2,"minecraft:dirt":1,"spartanshields:wooden_tower_shield":1,"minecraft:wooden_axe":2,"minecraft:gold_nugget":17,"minecraft:gold_ingot":3,"minecraft:yellow_bed":2,"minecraft:blue_orchid":1,"minecraft:wooden_pickaxe":2}},"DataVersion":3465}