{"stats":{"minecraft:killed":{"fight_or_die:springer":11,"undead_revamp2:theimmortal":2,"minecraft:spider":3,"undead_revamp2:thesmoker":2,"fight_or_die:mutated_human":2,"undead_revamp2:thepregnant":1,"undead_revamp2:sucker":2,"naturalist:giraffe":1,"minecraft:pig":1,"undead_revamp2:the_moonflower":2,"fight_or_die:mutated_cow":2,"minecraft:creeper":6,"alexsmobs:emu":1,"minecraft:zombie":6,"alexsmobs:gazelle":3},"minecraft:mined":{"minecraft:white_bed":3,"minecraft:mangrove_roots":1,"minecraft:acacia_log":34,"minecraft:grass_block":8,"tacz:gun_smith_table":1,"minecraft:white_concrete_powder":10,"minecraft:hay_block":13,"minecraft:iron_ore":1,"minecraft:peony":12,"minecraft:vine":1,"minecraft:dirt_path":2,"minecraft:stone":82,"minecraft:white_wool":3,"minecraft:acacia_leaves":3,"minecraft:scaffolding":4,"minecraft:crafting_table":1,"minecraft:torch":3,"minecraft:light_gray_terracotta":103,"minecraft:copper_ore":20,"minecraft:tall_grass":13,"minecraft:cobblestone":5,"minecraft:oak_planks":8,"minecraft:wall_torch":1,"minecraft:spruce_stairs":1,"minecraft:white_terracotta":78,"minecraft:black_stained_glass":2,"minecraft:coarse_dirt":1,"minecraft:wheat":7,"minecraft:lilac":1,"minecraft:mangrove_leaves":22,"minecraft:grass":32,"minecraft:oak_log":22,"minecraft:coal_ore":39,"minecraft:gravel":1,"minecraft:dirt":35,"minecraft:mangrove_log":6,"minecraft:brown_terracotta":17,"minecraft:oak_leaves":6},"minecraft:broken":{"minecraft:leather_helmet":1,"minecraft:stone_pickaxe":1},"minecraft:custom":{"minecraft:interact_with_anvil":1,"minecraft:mob_kills":48,"minecraft:interact_with_crafting_table":49,"minecraft:damage_dealt_resisted":94,"minecraft:leave_game":3,"minecraft:time_since_death":98256,"minecraft:climb_one_cm":2325,"minecraft:sprint_one_cm":215189,"minecraft:walk_one_cm":490804,"minecraft:damage_blocked_by_shield":270,"minecraft:drop":20,"minecraft:damage_dealt_absorbed":49,"minecraft:play_time":144468,"minecraft:deaths":12,"minecraft:sneak_time":1866,"minecraft:walk_under_water_one_cm":21459,"minecraft:boat_one_cm":7040,"minecraft:jump":2043,"minecraft:walk_on_water_one_cm":28966,"minecraft:total_world_time":144468,"minecraft:interact_with_furnace":54,"spartanshields:shield_bash_hits":7,"minecraft:interact_with_grindstone":1,"minecraft:sleep_in_bed":3,"minecraft:time_since_rest":18579,"minecraft:damage_taken":5734,"minecraft:damage_dealt":5825,"minecraft:player_kills":1,"minecraft:swim_one_cm":86355,"minecraft:fly_one_cm":368580,"minecraft:open_chest":96,"minecraft:crouch_one_cm":5173,"minecraft:fall_one_cm":56769},"minecraft:picked_up":{"minecraft:crafting_table":1,"minecraft:coarse_dirt":5,"minecraft:wheat":10,"minecraft:chainmail_boots":1,"minecraft:leather_leggings":4,"minecraft:cornflower":1,"alexsmobs:gazelle_horn":3,"minecraft:string":4,"minecraft:raw_copper":67,"minecraft:item_frame":5,"minecraft:iron_leggings":1,"tacz:ammo":72,"minecraft:white_carpet":3,"minecraft:iron_shovel":1,"alexsmobs:emu_feather":1,"minecraft:rose_bush":1,"quark:black_shard":7,"minecraft:mangrove_log":6,"minecraft:spruce_trapdoor":2,"fight_or_die:ripping_flesh":3,"minecraft:stick":7,"minecraft:raw_iron":1,"apotheosis:gem":10,"minecraft:brown_terracotta":29,"minecraft:torch":7,"minecraft:acacia_log":33,"minecraft:spruce_stairs":2,"minecraft:spruce_fence":2,"minecraft:porkchop":3,"minecraft:stone_button":2,"minecraft:carrot":1,"minecraft:stone_sword":1,"minecraft:rotten_flesh":19,"minecraft:peony":10,"minecraft:diamond_boots":2,"minecraft:hay_block":13,"minecraft:mangrove_roots":1,"minecraft:gold_ingot":3,"minecraft:white_terracotta":78,"minecraft:mutton":2,"minecraft:cobblestone":81,"undead_revamp2:arapholia":1,"alexsmobs:kangaroo_meat":5,"minecraft:white_wool":3,"minecraft:oxeye_daisy":2,"minecraft:leather_chestplate":4,"fight_or_die:springer_fragment":4,"minecraft:lilac":9,"minecraft:oak_log":38,"minecraft:gunpowder":8,"minecraft:lantern":1,"minecraft:dirt":77,"minecraft:white_banner":2,"minecraft:purple_carpet":4,"minecraft:bone":6,"minecraft:acacia_planks":2,"minecraft:stone_bricks":2,"minecraft:bow":1,"minecraft:wheat_seeds":46,"minecraft:iron_ingot":96,"tacz:gun_smith_table":2,"minecraft:acacia_sapling":1,"minecraft:gray_bed":1,"minecraft:oak_planks":7,"minecraft:scaffolding":14,"minecraft:black_terracotta":10,"spartanshields:iron_tower_shield":2,"minecraft:cooked_porkchop":5,"patchouli:guide_book":1,"minecraft:dandelion":4,"minecraft:white_bed":5,"minecraft:leather_helmet":2,"alexsmobs:animal_dictionary":1,"fight_or_die:sickened_heart":1,"minecraft:spider_eye":1,"sons_of_sins:flesh_of_demise":1,"minecraft:light_gray_terracotta":124,"alexsmobs:kangaroo_hide":1,"minecraft:slime_ball":5,"minecraft:white_concrete_powder":7,"tacz:modern_kinetic_gun":2,"minecraft:bread":5,"minecraft:oak_sapling":1,"minecraft:coal":38},"minecraft:used":{"minecraft:rose_bush":1,"minecraft:white_concrete_powder":6,"tacz:gun_smith_table":2,"minecraft:shield":10,"minecraft:white_terracotta":36,"minecraft:iron_sword":102,"minecraft:wooden_shovel":25,"minecraft:rotten_flesh":3,"minecraft:torch":20,"minecraft:dirt":14,"minecraft:spruce_stairs":1,"minecraft:brown_terracotta":7,"minecraft:wooden_axe":66,"minecraft:iron_axe":46,"minecraft:item_frame":1,"minecraft:scaffolding":3,"minecraft:furnace":1,"minecraft:gray_bed":1,"minecraft:acacia_planks":1,"minecraft:acacia_boat":2,"minecraft:stone_pickaxe":132,"minecraft:oak_planks":5,"minecraft:wooden_pickaxe":13,"spartanshields:iron_tower_shield":3,"minecraft:crafting_table":5,"quark:acacia_chest":1,"minecraft:light_gray_terracotta":99,"minecraft:white_bed":6,"minecraft:bread":41,"minecraft:iron_pickaxe":217,"alexsmobs:kangaroo_meat":3,"minecraft:stone_axe":89,"minecraft:cobblestone":3,"minecraft:porkchop":3,"minecraft:cooked_porkchop":5,"quark:oak_chest":4,"alexsmobs:animal_dictionary":2,"minecraft:purple_carpet":4},"minecraft:dropped":{"minecraft:iron_ingot":57,"spartanshields:iron_tower_shield":1,"minecraft:wheat_seeds":25,"minecraft:cobblestone":55,"minecraft:dirt":7,"minecraft:wooden_axe":2,"tacz:modern_kinetic_gun":1,"minecraft:iron_axe":1,"minecraft:coarse_dirt":1,"minecraft:white_carpet":3,"minecraft:pumpkin_seeds":2,"minecraft:leather_chestplate":1,"minecraft:shield":1,"minecraft:oak_sapling":1,"minecraft:acacia_sapling":1,"minecraft:leather_leggings":1,"tacz:ammo":31},"minecraft:crafted":{"minecraft:oak_planks":132,"minecraft:iron_nugget":36,"minecraft:furnace":1,"quark:acacia_chest":1,"minecraft:iron_axe":2,"minecraft:stone_pickaxe":1,"minecraft:wheat":117,"minecraft:wooden_shovel":1,"extraarmor:mangrove_wood_chestplate":1,"minecraft:crafting_table":4,"minecraft:wooden_pickaxe":1,"minecraft:iron_sword":1,"minecraft:copper_ingot":136,"minecraft:mangrove_planks":24,"minecraft:stone_axe":1,"minecraft:bread":36,"minecraft:acacia_boat":2,"minecraft:air":0,"minecraft:charcoal":1,"minecraft:shield":1,"minecraft:stick":32,"quark:oak_chest":4,"minecraft:iron_ingot":14,"minecraft:iron_pickaxe":1,"minecraft:wooden_axe":3,"minecraft:iron_leggings":1,"minecraft:white_bed":1,"extraarmor:acacia_wood_helmet":1,"minecraft:acacia_planks":84,"minecraft:torch":28}},"DataVersion":3465}