{"stats":{"minecraft:crafted":{"minecraft:crafting_table":1,"minecraft:stick":8,"minecraft:wooden_pickaxe":1,"minecraft:wooden_axe":1,"minecraft:mangrove_planks":24,"minecraft:acacia_planks":24,"minecraft:acacia_boat":2,"minecraft:bread":13,"minecraft:wheat":117},"minecraft:picked_up":{"minecraft:scaffolding":10,"minecraft:stick":2,"minecraft:crafting_table":1,"minecraft:wheat":3,"minecraft:dandelion":2,"minecraft:acacia_log":6,"minecraft:cornflower":1,"minecraft:rotten_flesh":1,"minecraft:peony":10,"minecraft:wheat_seeds":11,"minecraft:hay_block":13,"minecraft:bread":5,"quark:black_shard":7,"minecraft:mangrove_log":6,"minecraft:oxeye_daisy":1},"minecraft:custom":{"minecraft:time_since_rest":1009,"minecraft:sprint_one_cm":29223,"minecraft:damage_taken":473,"minecraft:walk_one_cm":34494,"minecraft:damage_dealt":135,"minecraft:interact_with_crafting_table":6,"minecraft:swim_one_cm":27322,"minecraft:fly_one_cm":29880,"minecraft:crouch_one_cm":80,"minecraft:play_time":11587,"minecraft:deaths":1,"minecraft:sneak_time":156,"minecraft:walk_under_water_one_cm":16120,"minecraft:boat_one_cm":7040,"minecraft:jump":200,"minecraft:walk_on_water_one_cm":15042,"minecraft:time_since_death":989,"minecraft:climb_one_cm":1076,"minecraft:total_world_time":11587,"minecraft:fall_one_cm":4638},"minecraft:mined":{"minecraft:black_stained_glass":2,"minecraft:hay_block":13,"minecraft:wheat":3,"minecraft:mangrove_leaves":22,"minecraft:crafting_table":1,"minecraft:peony":7,"minecraft:grass":1,"minecraft:acacia_log":8,"minecraft:vine":1,"minecraft:mangrove_log":6,"minecraft:tall_grass":2,"minecraft:oak_leaves":1},"minecraft:used":{"minecraft:wooden_axe":22,"minecraft:acacia_boat":2,"minecraft:bread":6,"minecraft:crafting_table":2,"alexsmobs:animal_dictionary":1}},"DataVersion":3465}