{"stats":{"minecraft:killed":{"fight_or_die:mutated_human_head":1,"fight_or_die:springer":2,"minecraft:spider":7,"undead_revamp2:theswarmer":2,"minecraft:skeleton":22,"fight_or_die:mutated_sheep":1,"fight_or_die:mutated_human":1,"minecraft:bee":1,"fight_or_die:mutated_cow_head":1,"undead_revamp2:sucker":2,"undead_revamp2:the_moonflower":2,"alexsmobs:seal":6,"fight_or_die:mutated_cow":1,"minecraft:creeper":2,"fight_or_die:mutated_villager":2,"minecraft:zombie":3},"minecraft:mined":{"minecraft:dark_oak_planks":1,"minecraft:spruce_planks":41,"minecraft:farmland":3,"taxov:block_captain":1,"minecraft:dark_oak_leaves":3,"minecraft:cobblestone_stairs":3,"minecraft:dark_oak_log":8,"minecraft:dark_oak_fence":1,"minecraft:ladder":3,"minecraft:potted_dead_bush":1,"minecraft:granite":5,"minecraft:acacia_log":26,"minecraft:grass_block":201,"minecraft:spruce_fence":2,"minecraft:decorated_pot":2,"minecraft:jungle_planks":2,"minecraft:jungle_log":15,"quark:jungle_chest":2,"quark:acacia_chest":1,"minecraft:spruce_leaves":29,"minecraft:blue_wool":4,"tacz:gun_smith_table":1,"minecraft:rooted_dirt":27,"minecraft:spawner":3,"minecraft:carrots":24,"minecraft:furnace":1,"fight_or_die:blood_splash1":2,"minecraft:iron_ore":8,"minecraft:dark_oak_stairs":3,"minecraft:packed_ice":41,"minecraft:stone":644,"minecraft:white_wool":1,"minecraft:jungle_trapdoor":1,"minecraft:smithing_table":1,"minecraft:acacia_leaves":26,"minecraft:stone_brick_slab":1,"minecraft:crafting_table":6,"minecraft:torch":4,"minecraft:jungle_stairs":2,"minecraft:chest":2,"minecraft:copper_ore":39,"minecraft:cobblestone":98,"minecraft:lapis_ore":10,"minecraft:bricks":2,"minecraft:wall_torch":3,"minecraft:spruce_stairs":8,"farmersdelight:wild_beetroots":1,"minecraft:red_terracotta":3,"minecraft:coarse_dirt":39,"minecraft:birch_log":20,"minecraft:wheat":2,"minecraft:ice":4,"minecraft:spruce_log":18,"minecraft:birch_leaves":9,"fight_or_die:blood_splash2":5,"minecraft:yellow_bed":9,"minecraft:grass":22,"quark:birch_chest":2,"minecraft:coal_ore":118,"quark:spruce_chest":2,"minecraft:gravel":9,"minecraft:flower_pot":1,"minecraft:dirt":123,"minecraft:terracotta":13,"minecraft:stripped_acacia_wood":7,"minecraft:raw_copper_block":1,"minecraft:dark_prismarine":5},"minecraft:custom":{"minecraft:interact_with_smithing_table":14,"minecraft:mob_kills":60,"minecraft:interact_with_crafting_table":52,"minecraft:open_barrel":37,"minecraft:damage_dealt_resisted":180,"minecraft:leave_game":4,"minecraft:time_since_death":90520,"minecraft:damage_resisted":0,"minecraft:climb_one_cm":30889,"minecraft:sprint_one_cm":582391,"minecraft:walk_one_cm":943188,"minecraft:damage_blocked_by_shield":5875,"minecraft:drop":38,"minecraft:damage_dealt_absorbed":105,"minecraft:talked_to_villager":11,"minecraft:play_time":280660,"minecraft:deaths":19,"minecraft:sneak_time":7840,"minecraft:walk_under_water_one_cm":16992,"minecraft:boat_one_cm":162443,"minecraft:jump":4625,"minecraft:walk_on_water_one_cm":28394,"minecraft:total_world_time":280660,"minecraft:interact_with_furnace":81,"spartanshields:shield_bash_hits":15,"minecraft:sleep_in_bed":5,"minecraft:time_since_rest":90637,"minecraft:waystone_activated":1,"minecraft:damage_taken":10225,"minecraft:damage_dealt":10297,"minecraft:player_kills":1,"minecraft:swim_one_cm":62040,"minecraft:fly_one_cm":721316,"minecraft:open_chest":329,"minecraft:crouch_one_cm":13729,"minecraft:fall_one_cm":65540},"minecraft:picked_up":{"minecraft:crafting_table":7,"minecraft:iron_chestplate":1,"minecraft:coarse_dirt":39,"minecraft:wheat":1,"minecraft:azure_bluet":1,"minecraft:ladder":5,"minecraft:flower_pot":5,"minecraft:turtle_helmet":1,"minecraft:smithing_table":2,"minecraft:potion":1,"minecraft:shield":1,"minecraft:raw_copper":137,"minecraft:jungle_trapdoor":2,"minecraft:string":16,"minecraft:iron_leggings":2,"minecraft:iron_shovel":1,"minecraft:blue_orchid":1,"quark:spruce_chest":2,"minecraft:spruce_planks":44,"spartanshields:diamond_tower_shield":1,"minecraft:sugar_cane":1,"minecraft:chest":2,"minecraft:birch_sapling":3,"minecraft:furnace":1,"minecraft:raw_copper_block":1,"minecraft:blue_wool":4,"minecraft:stick":4,"minecraft:raw_iron":8,"apotheosis:gem":20,"minecraft:torch":27,"minecraft:acacia_log":26,"minecraft:spruce_fence":2,"minecraft:spruce_stairs":11,"quark:jungle_chest":2,"farmersdelight:tomato_seeds":2,"quark:birch_chest":2,"minecraft:carrot":30,"taxov:block_captain":2,"minecraft:golden_chestplate":1,"minecraft:dark_oak_planks":6,"minecraft:arrow":58,"minecraft:rotten_flesh":21,"minecraft:beetroot_seeds":2,"minecraft:jungle_stairs":3,"quark:acacia_chest":1,"minecraft:brick_stairs":1,"undead_revamp2:arapholia":1,"minecraft:obsidian":2,"minecraft:cod":3,"minecraft:snowball":25,"minecraft:white_wool":2,"minecraft:cobblestone":782,"minecraft:birch_log":20,"minecraft:golden_carrot":2,"minecraft:jungle_log":15,"minecraft:potato":469,"minecraft:flint":3,"minecraft:chainmail_chestplate":1,"minecraft:yellow_bed":10,"minecraft:cobblestone_stairs":3,"minecraft:lapis_lazuli":64,"minecraft:dirt":457,"minecraft:lantern":1,"minecraft:polished_granite":3,"minecraft:bone":191,"minecraft:acacia_planks":30,"minecraft:bow":2,"minecraft:wheat_seeds":6,"minecraft:iron_ingot":37,"minecraft:glass_bottle":8,"tacz:gun_smith_table":1,"minecraft:iron_sword":1,"minecraft:dark_oak_stairs":7,"minecraft:acacia_sapling":13,"minecraft:stone_hoe":1,"sophisticatedbackpacks:diamond_backpack":1,"minecraft:book":7,"patchouli:guide_book":1,"minecraft:stripped_acacia_wood":6,"minecraft:stone_brick_slab":1,"minecraft:poisonous_potato":2,"minecraft:gravel":12,"minecraft:jungle_planks":2,"minecraft:red_terracotta":3,"minecraft:spruce_sapling":11,"minecraft:spruce_log":23,"fight_or_die:sickened_heart":1,"minecraft:dark_oak_log":8,"minecraft:spider_eye":4,"alexsmobs:animal_dictionary":1,"minecraft:dark_prismarine":5,"minecraft:brewer_pottery_sherd":10,"minecraft:diamond_shovel":1,"minecraft:angler_pottery_sherd":4,"minecraft:crossbow":1,"minecraft:granite":14,"minecraft:bone_meal":3,"minecraft:emerald":4,"minecraft:bread":3,"minecraft:terracotta":9,"minecraft:rooted_dirt":27,"minecraft:dark_oak_fence":3,"minecraft:bricks":6,"minecraft:coal":133,"sophisticatedbackpacks:gold_backpack":1},"minecraft:broken":{"minecraft:iron_boots":1,"minecraft:iron_leggings":1,"minecraft:wooden_pickaxe":1,"minecraft:stone_pickaxe":2,"minecraft:iron_pickaxe":3,"minecraft:iron_helmet":1,"minecraft:wooden_axe":2},"minecraft:used":{"quark:birch_chest":6,"minecraft:ladder":4,"minecraft:chest":2,"quark:jungle_chest":4,"tacz:gun_smith_table":1,"minecraft:spruce_planks":11,"minecraft:shield":45,"minecraft:stone_hoe":28,"minecraft:rotten_flesh":10,"quark:spruce_bookshelf":1,"minecraft:torch":100,"minecraft:dirt":242,"minecraft:spruce_stairs":2,"minecraft:carrot":35,"minecraft:acacia_sapling":7,"minecraft:golden_chestplate":1,"minecraft:granite":1,"minecraft:dark_oak_planks":1,"minecraft:wooden_axe":99,"minecraft:stone_brick_slab":1,"spartanshields:wooden_tower_shield":8,"quark:spruce_chest":4,"minecraft:lantern":1,"minecraft:iron_axe":138,"minecraft:birch_sapling":3,"minecraft:bow":155,"minecraft:furnace":2,"minecraft:potato":21,"minecraft:iron_leggings":1,"minecraft:wheat_seeds":2,"minecraft:water_bucket":24,"minecraft:cobblestone_stairs":46,"minecraft:stone_pickaxe":294,"minecraft:baked_potato":43,"minecraft:wooden_pickaxe":52,"minecraft:jungle_boat":2,"minecraft:salmon":2,"minecraft:terracotta":6,"minecraft:crafting_table":11,"quark:acacia_chest":4,"minecraft:spider_eye":1,"minecraft:crossbow":14,"minecraft:cod":2,"morevanillatools:emerald_axe":249,"waystones:waystone":1,"minecraft:dark_prismarine":3,"minecraft:wooden_hoe":69,"minecraft:diamond_shovel":311,"minecraft:iron_pickaxe":686,"minecraft:bread":37,"minecraft:string":1,"minecraft:jungle_stairs":1,"spartanshields:diamond_tower_shield":48,"minecraft:pufferfish":3,"minecraft:stone_axe":80,"quark:dark_oak_chest":4,"minecraft:cobblestone":611,"minecraft:smithing_table":3,"minecraft:bucket":25,"minecraft:yellow_bed":8,"alexsmobs:animal_dictionary":1,"minecraft:coarse_dirt":27,"minecraft:bone_meal":417},"minecraft:killed_by":{"minecraft:player":6},"minecraft:crafted":{"quark:birch_chest":6,"quark:jungle_chest":2,"spartanshields:wooden_tower_shield":2,"morevanillatools:emerald_axe":1,"minecraft:furnace":1,"minecraft:cobblestone_stairs":76,"minecraft:bone_meal":414,"extraarmor:jungle_wood_boots":1,"extraarmor:jungle_wood_helmet":1,"quark:dark_oak_chest":4,"quark:acacia_chest":3,"minecraft:iron_boots":1,"minecraft:raw_copper":9,"minecraft:iron_axe":2,"minecraft:stone_pickaxe":7,"quark:spruce_chest":2,"minecraft:dark_oak_planks":32,"minecraft:stone_hoe":1,"minecraft:coal_block":6,"minecraft:crafting_table":4,"minecraft:spruce_planks":80,"minecraft:jungle_boat":2,"minecraft:baked_potato":90,"minecraft:wooden_pickaxe":3,"minecraft:iron_helmet":1,"minecraft:smithing_table":1,"minecraft:copper_ingot":49,"minecraft:bucket":2,"minecraft:birch_planks":80,"minecraft:stone_axe":2,"minecraft:air":0,"minecraft:jungle_planks":60,"minecraft:wooden_hoe":1,"quark:spruce_bookshelf":1,"minecraft:iron_chestplate":1,"minecraft:charcoal":32,"minecraft:shield":2,"minecraft:stick":64,"minecraft:iron_ingot":25,"minecraft:iron_pickaxe":3,"minecraft:wooden_axe":5,"minecraft:acacia_planks":68,"minecraft:torch":88},"minecraft:dropped":{"minecraft:stone_hoe":1,"minecraft:iron_ingot":2,"minecraft:bread":19,"minecraft:diamond":1,"minecraft:coal":1,"minecraft:flint":2,"minecraft:dirt":1,"minecraft:torch":14,"spartanshields:wooden_tower_shield":1,"minecraft:wooden_axe":2,"minecraft:gold_nugget":17,"minecraft:gold_ingot":3,"sophisticatedbackpacks:diamond_backpack":1,"minecraft:yellow_bed":2,"minecraft:bow":1,"minecraft:blue_orchid":1,"minecraft:wooden_pickaxe":2}},"DataVersion":3465}