{"stats":{"minecraft:custom":{"minecraft:interact_with_furnace":1,"minecraft:mob_kills":5,"minecraft:interact_with_crafting_table":8,"minecraft:damage_dealt_resisted":0,"minecraft:leave_game":2,"minecraft:time_since_death":26676,"minecraft:climb_one_cm":799,"minecraft:damage_resisted":0,"minecraft:time_since_rest":26721,"minecraft:sprint_one_cm":75795,"minecraft:damage_taken":2998,"minecraft:walk_one_cm":106414,"minecraft:damage_blocked_by_shield":1740,"minecraft:drop":3,"minecraft:damage_dealt":750,"minecraft:swim_one_cm":23748,"minecraft:fly_one_cm":205629,"minecraft:open_chest":1,"minecraft:crouch_one_cm":4302,"minecraft:play_time":41978,"minecraft:deaths":7,"minecraft:sneak_time":1260,"minecraft:walk_under_water_one_cm":2999,"minecraft:jump":906,"minecraft:walk_on_water_one_cm":4554,"minecraft:total_world_time":41978,"minecraft:fall_one_cm":29398},"minecraft:killed_by":{"undead_revamp2:the_moonflower":2},"minecraft:killed":{"fight_or_die:springer":1,"fight_or_die:mutated_human":1,"minecraft:zombie":1},"minecraft:mined":{"minecraft:acacia_leaves":1,"minecraft:flowering_azalea":1,"minecraft:black_terracotta":3,"minecraft:light_gray_terracotta":48,"minecraft:acacia_log":10,"minecraft:grass_block":17,"minecraft:jungle_log":8,"minecraft:dead_bush":19,"minecraft:moss_block":2,"minecraft:wall_torch":1,"minecraft:seagrass":2,"minecraft:white_terracotta":34,"minecraft:grass":10,"minecraft:oak_log":2,"minecraft:vine":3,"minecraft:sand":27,"minecraft:dirt":2,"minecraft:brown_terracotta":34,"minecraft:acacia_planks":9,"minecraft:stone":32,"minecraft:oak_leaves":2},"minecraft:dropped":{"minecraft:cocoa_beans":1,"minecraft:crossbow":1,"mvw:stone_dagger":1},"minecraft:used":{"minecraft:stone_pickaxe":99,"minecraft:shield":27,"minecraft:white_terracotta":25,"minecraft:wooden_pickaxe":60,"minecraft:sandstone":1,"minecraft:iron_sword":28,"minecraft:dirt":23,"minecraft:sand":3,"minecraft:oak_slab":2,"minecraft:crafting_table":1,"quark:acacia_chest":1,"minecraft:light_gray_terracotta":55,"minecraft:wooden_axe":3,"minecraft:bread":15,"minecraft:stone_axe":11,"minecraft:furnace":1,"alexsmobs:animal_dictionary":1,"minecraft:iron_leggings":1},"minecraft:crafted":{"minecraft:oak_slab":6,"minecraft:oak_planks":8,"minecraft:crafting_table":2,"minecraft:wooden_pickaxe":1,"minecraft:furnace":1,"minecraft:stone_axe":1,"minecraft:jungle_planks":32,"quark:acacia_chest":1,"minecraft:shield":1,"mvw:stone_dagger":1,"minecraft:stone_pickaxe":1,"minecraft:wooden_axe":1,"minecraft:sandstone":1,"minecraft:acacia_planks":36},"minecraft:broken":{"minecraft:wooden_pickaxe":1},"minecraft:picked_up":{"minecraft:cocoa_beans":2,"minecraft:jungle_log":14,"minecraft:oak_log":2,"minecraft:gunpowder":1,"minecraft:string":2,"minecraft:dirt":39,"minecraft:iron_leggings":1,"minecraft:acacia_planks":10,"minecraft:wheat_seeds":9,"minecraft:iron_ingot":1,"mvw:stone_dagger":1,"minecraft:flowering_azalea":1,"minecraft:iron_sword":1,"minecraft:oak_slab":2,"minecraft:stick":17,"minecraft:black_terracotta":4,"minecraft:brown_terracotta":39,"minecraft:torch":1,"minecraft:acacia_log":9,"minecraft:sand":27,"minecraft:light_gray_terracotta":56,"minecraft:rotten_flesh":2,"minecraft:iron_helmet":1,"minecraft:crossbow":1,"minecraft:bread":44,"minecraft:white_terracotta":48,"minecraft:cobblestone":35}},"DataVersion":3465}