{"stats":{"minecraft:custom":{"minecraft:time_since_rest":5598,"minecraft:crouch_one_cm":939,"minecraft:play_time":5598,"minecraft:sprint_one_cm":17099,"minecraft:damage_taken":456,"minecraft:walk_one_cm":12263,"minecraft:sneak_time":249,"minecraft:jump":209,"minecraft:time_since_death":5598,"minecraft:leave_game":1,"minecraft:walk_on_water_one_cm":435,"minecraft:total_world_time":5598,"minecraft:fall_one_cm":10744,"minecraft:fly_one_cm":61164},"minecraft:mined":{"minecraft:grass":4,"minecraft:acacia_log":6,"minecraft:grass_block":4,"minecraft:acacia_leaves":1,"minecraft:vine":1,"minecraft:jungle_log":6,"minecraft:dead_bush":1,"minecraft:dirt":2,"minecraft:sand":6,"minecraft:moss_block":2},"minecraft:used":{"minecraft:sand":2,"minecraft:bread":4,"alexsmobs:animal_dictionary":1},"minecraft:crafted":{"minecraft:acacia_planks":20,"minecraft:crafting_table":1,"minecraft:jungle_planks":24},"minecraft:picked_up":{"minecraft:stick":2,"minecraft:jungle_log":6,"minecraft:wheat_seeds":1,"minecraft:acacia_log":5,"minecraft:sand":6,"minecraft:bread":13,"minecraft:dirt":6}},"DataVersion":3465}