{"stats":{"minecraft:custom":{"minecraft:time_since_rest":3217,"minecraft:crouch_one_cm":1044,"minecraft:play_time":11978,"minecraft:sprint_one_cm":34900,"minecraft:damage_taken":1471,"minecraft:walk_one_cm":22648,"minecraft:deaths":4,"minecraft:mob_kills":1,"minecraft:sneak_time":287,"minecraft:walk_under_water_one_cm":303,"minecraft:jump":389,"minecraft:damage_dealt":117,"minecraft:leave_game":2,"minecraft:time_since_death":2762,"minecraft:walk_on_water_one_cm":965,"minecraft:total_world_time":11978,"minecraft:swim_one_cm":5263,"minecraft:fly_one_cm":105856,"minecraft:fall_one_cm":17294},"minecraft:killed_by":{"undead_revamp2:the_moonflower":1},"minecraft:mined":{"minecraft:grass":4,"minecraft:acacia_log":6,"minecraft:grass_block":4,"minecraft:acacia_leaves":1,"minecraft:vine":1,"minecraft:jungle_log":6,"minecraft:dead_bush":9,"minecraft:sand":19,"minecraft:dirt":2,"minecraft:moss_block":2},"minecraft:used":{"minecraft:sand":3,"minecraft:bread":4,"alexsmobs:animal_dictionary":1},"minecraft:crafted":{"minecraft:acacia_planks":20,"minecraft:crafting_table":1,"minecraft:jungle_planks":24},"minecraft:picked_up":{"minecraft:stick":7,"minecraft:jungle_log":6,"minecraft:acacia_log":5,"minecraft:wheat_seeds":1,"minecraft:sand":19,"minecraft:bread":13,"minecraft:dirt":6}},"DataVersion":3465}