{"stats":{"minecraft:custom":{"minecraft:mob_kills":32,"minecraft:interact_with_crafting_table":20,"minecraft:damage_dealt_resisted":12,"minecraft:leave_game":2,"minecraft:time_since_death":28172,"minecraft:climb_one_cm":3575,"minecraft:damage_resisted":0,"minecraft:sprint_one_cm":218018,"minecraft:walk_one_cm":363495,"minecraft:damage_blocked_by_shield":3688,"minecraft:drop":9,"minecraft:talked_to_villager":1,"minecraft:play_time":113978,"minecraft:deaths":9,"minecraft:sneak_time":2813,"minecraft:walk_under_water_one_cm":15215,"minecraft:jump":1894,"minecraft:walk_on_water_one_cm":7674,"minecraft:total_world_time":113978,"minecraft:interact_with_furnace":11,"spartanshields:shield_bash_hits":8,"minecraft:sleep_in_bed":3,"minecraft:time_since_rest":2813,"minecraft:waystone_activated":2,"minecraft:damage_taken":6078,"minecraft:trigger_trapped_chest":2,"minecraft:damage_dealt":5453,"minecraft:swim_one_cm":23748,"minecraft:fly_one_cm":438626,"minecraft:open_chest":49,"minecraft:crouch_one_cm":8981,"minecraft:interact_with_smoker":1,"minecraft:fall_one_cm":47235},"minecraft:killed_by":{"minecraft:player":1,"undead_revamp2:the_moonflower":2},"minecraft:killed":{"fight_or_die:springer":2,"fight_or_die:mutated_human_head":1,"fight_or_die:mutated_pig":1,"royalvariations:royal_skeleton":1,"naturalist:tortoise":1,"minecraft:skeleton":1,"fight_or_die:mutated_sheep":1,"fight_or_die:mutated_human":3,"minecraft:chicken":2,"alexsmobs:kangaroo":2,"undead_revamp2:thespitter":1,"minecraft:husk":1,"alexsmobs:guster":1,"minecraft:pig":2,"alexsmobs:emu":2,"minecraft:zombie":4,"fight_or_die:mutated_player":1,"alexsmobs:fly":3},"minecraft:mined":{"minecraft:black_terracotta":3,"minecraft:spruce_trapdoor":4,"minecraft:acacia_log":19,"minecraft:grass_block":18,"minecraft:jungle_log":8,"minecraft:moss_block":2,"minecraft:hay_block":6,"minecraft:oak_trapdoor":1,"minecraft:andesite":1,"minecraft:bookshelf":3,"minecraft:vine":3,"minecraft:stripped_oak_log":1,"minecraft:bamboo":1,"minecraft:stone":99,"minecraft:acacia_leaves":5,"minecraft:flowering_azalea":1,"minecraft:smoker":1,"minecraft:orange_terracotta":1,"minecraft:crafting_table":1,"minecraft:light_gray_terracotta":83,"minecraft:dead_bush":19,"minecraft:copper_ore":13,"minecraft:tall_grass":6,"minecraft:oak_planks":10,"minecraft:wall_torch":2,"minecraft:seagrass":2,"minecraft:white_terracotta":37,"minecraft:coarse_dirt":2,"minecraft:wheat":9,"minecraft:gray_bed":4,"minecraft:stripped_oak_wood":8,"minecraft:grass":82,"minecraft:oak_log":11,"minecraft:cocoa":2,"minecraft:sand":28,"minecraft:dirt":3,"minecraft:brown_terracotta":42,"minecraft:acacia_planks":9,"minecraft:small_dripleaf":1,"minecraft:oak_leaves":2,"minecraft:fern":2},"minecraft:used":{"minecraft:shield":63,"minecraft:white_terracotta":36,"minecraft:iron_sword":153,"minecraft:stone_hoe":73,"minecraft:cooked_chicken":2,"minecraft:rotten_flesh":4,"minecraft:torch":14,"minecraft:dirt":33,"alexsmobs:cooked_kangaroo_meat":1,"minecraft:wooden_axe":10,"minecraft:brown_terracotta":49,"alexsmobs:maggot":2,"minecraft:furnace":1,"minecraft:gray_bed":3,"minecraft:iron_leggings":1,"minecraft:wheat_seeds":32,"minecraft:stone_pickaxe":239,"minecraft:oak_planks":9,"minecraft:wooden_pickaxe":60,"minecraft:sandstone":1,"minecraft:sand":3,"minecraft:oak_slab":2,"minecraft:crafting_table":3,"quark:acacia_chest":1,"minecraft:light_gray_terracotta":77,"waystones:waystone":1,"minecraft:chicken":2,"minecraft:bread":50,"alexsmobs:kangaroo_meat":1,"mvw:stone_dagger":1,"minecraft:stone_axe":96,"minecraft:cobblestone":32,"minecraft:porkchop":1,"quark:oak_chest":3,"alexsmobs:animal_dictionary":1,"minecraft:bone_meal":39},"minecraft:dropped":{"minecraft:bread":1,"minecraft:crossbow":1,"mvw:stone_dagger":1,"minecraft:leather":2,"minecraft:torch":8,"minecraft:cooked_chicken":1,"minecraft:cocoa_beans":1,"alexsmobs:cooked_kangaroo_meat":1},"minecraft:crafted":{"minecraft:oak_planks":76,"minecraft:furnace":1,"minecraft:bone_meal":36,"quark:acacia_chest":1,"minecraft:leather":3,"mvw:stone_dagger":1,"minecraft:stone_pickaxe":2,"minecraft:stone_hoe":1,"minecraft:oak_slab":6,"minecraft:crafting_table":3,"minecraft:wooden_pickaxe":1,"alexsmobs:cooked_kangaroo_meat":1,"minecraft:stone_axe":1,"minecraft:bread":12,"minecraft:air":0,"minecraft:jungle_planks":56,"minecraft:charcoal":14,"minecraft:shield":2,"minecraft:stick":12,"quark:oak_chest":3,"minecraft:wooden_axe":2,"minecraft:sandstone":1,"minecraft:acacia_planks":36,"minecraft:torch":16},"minecraft:broken":{"minecraft:wooden_pickaxe":1,"minecraft:stone_pickaxe":1,"minecraft:shield":1,"minecraft:stone_axe":1,"minecraft:iron_helmet":1},"minecraft:picked_up":{"minecraft:crafting_table":1,"minecraft:cocoa_beans":4,"minecraft:coarse_dirt":2,"minecraft:iron_chestplate":1,"minecraft:wheat":16,"minecraft:chicken":2,"minecraft:string":3,"minecraft:oak_trapdoor":1,"minecraft:raw_copper":48,"minecraft:iron_leggings":1,"alexsmobs:emu_feather":4,"mvw:stone_dagger":1,"minecraft:azalea":1,"minecraft:spruce_trapdoor":4,"fight_or_die:rotten_brain":1,"fight_or_die:ripping_flesh":2,"minecraft:stick":18,"apotheosis:gem":5,"minecraft:brown_terracotta":50,"minecraft:torch":7,"minecraft:acacia_log":34,"minecraft:porkchop":3,"minecraft:tnt":2,"minecraft:arrow":13,"minecraft:rotten_flesh":14,"minecraft:hay_block":6,"alexsmobs:boiled_emu_egg":2,"minecraft:white_terracotta":53,"alexsmobs:kangaroo_meat":3,"minecraft:cobblestone":102,"minecraft:stripped_oak_log":1,"minecraft:feather":6,"minecraft:jungle_log":14,"minecraft:andesite":1,"minecraft:leather":2,"minecraft:smoker":1,"minecraft:oak_log":10,"alexsmobs:cooked_kangaroo_meat":1,"minecraft:gunpowder":1,"minecraft:dirt":42,"minecraft:orange_terracotta":1,"minecraft:bone":16,"minecraft:acacia_planks":11,"minecraft:wheat_seeds":56,"minecraft:iron_ingot":1,"minecraft:cooked_chicken":3,"minecraft:stripped_oak_wood":8,"minecraft:glass_bottle":1,"minecraft:bamboo":14,"minecraft:gray_bed":4,"minecraft:iron_sword":1,"minecraft:oak_planks":11,"minecraft:flowering_azalea":1,"minecraft:book":15,"minecraft:oak_slab":3,"minecraft:black_terracotta":6,"royalvariations:royal_bone":2,"minecraft:sand":31,"fight_or_die:sickened_heart":2,"minecraft:light_gray_terracotta":99,"alexsmobs:kangaroo_hide":7,"minecraft:slime_ball":10,"waystones:waystone":1,"minecraft:iron_helmet":1,"minecraft:crossbow":1,"minecraft:bread":48,"alexsmobs:maggot":2,"minecraft:coal":1}},"DataVersion":3465}