{"stats":{"minecraft:custom":{"minecraft:mob_kills":49,"minecraft:interact_with_crafting_table":28,"minecraft:damage_dealt_resisted":12,"minecraft:leave_game":5,"minecraft:time_since_death":49634,"minecraft:climb_one_cm":4472,"minecraft:damage_resisted":0,"minecraft:sprint_one_cm":277518,"minecraft:walk_one_cm":432535,"minecraft:damage_blocked_by_shield":3748,"minecraft:drop":11,"minecraft:talked_to_villager":1,"minecraft:play_time":135440,"minecraft:deaths":9,"minecraft:sneak_time":2908,"minecraft:walk_under_water_one_cm":15215,"minecraft:jump":2128,"minecraft:walk_on_water_one_cm":7753,"minecraft:total_world_time":135440,"minecraft:interact_with_furnace":11,"spartanshields:shield_bash_hits":8,"minecraft:sleep_in_bed":4,"minecraft:waystone_activated":2,"minecraft:time_since_rest":1099,"minecraft:damage_taken":6534,"minecraft:trigger_trapped_chest":2,"minecraft:damage_dealt":6624,"minecraft:swim_one_cm":23748,"minecraft:fly_one_cm":495881,"minecraft:open_chest":74,"minecraft:crouch_one_cm":10067,"minecraft:interact_with_smoker":1,"minecraft:fall_one_cm":49760,"minecraft:horse_one_cm":5115},"minecraft:killed_by":{"minecraft:player":1,"undead_revamp2:the_moonflower":2},"minecraft:killed":{"fight_or_die:springer":2,"fight_or_die:mutated_human_head":1,"fight_or_die:mutated_pig":1,"royalvariations:royal_skeleton":1,"naturalist:tortoise":1,"minecraft:skeleton":1,"fight_or_die:mutated_human":3,"fight_or_die:mutated_sheep":1,"fight_or_die:shiller":12,"minecraft:chicken":2,"undead_revamp2:therod":1,"fight_or_die:mutated_cow_head":1,"alexsmobs:kangaroo":2,"undead_revamp2:thespitter":1,"alexsmobs:guster":1,"minecraft:husk":1,"minecraft:pig":2,"fight_or_die:mutated_cow":2,"alexsmobs:emu":2,"minecraft:zombie":4,"fight_or_die:mutated_player":1,"alexsmobs:fly":3,"minecraft:cow":1},"minecraft:mined":{"minecraft:attached_pumpkin_stem":7,"minecraft:black_terracotta":3,"minecraft:spruce_trapdoor":4,"minecraft:acacia_log":19,"minecraft:grass_block":18,"minecraft:jungle_log":8,"minecraft:moss_block":2,"minecraft:hay_block":97,"minecraft:oak_trapdoor":1,"minecraft:carrots":18,"fight_or_die:blood_splash1":2,"minecraft:andesite":1,"minecraft:pumpkin":8,"minecraft:bookshelf":3,"minecraft:potatoes":22,"minecraft:vine":4,"minecraft:stripped_oak_log":5,"minecraft:bamboo":1,"minecraft:stone":106,"minecraft:acacia_leaves":5,"minecraft:flowering_azalea":1,"farmersdelight:organic_compost":1,"minecraft:melon_stem":11,"minecraft:smoker":1,"minecraft:orange_terracotta":1,"minecraft:crafting_table":1,"minecraft:light_gray_terracotta":83,"minecraft:melon":6,"minecraft:dead_bush":19,"minecraft:tall_grass":11,"minecraft:copper_ore":13,"minecraft:oak_planks":10,"minecraft:wall_torch":2,"minecraft:seagrass":2,"minecraft:white_terracotta":37,"minecraft:coarse_dirt":2,"minecraft:wheat":47,"minecraft:gray_bed":4,"minecraft:stripped_oak_wood":8,"minecraft:grass":87,"minecraft:oak_log":11,"minecraft:coal_ore":10,"minecraft:beetroots":30,"minecraft:cocoa":2,"minecraft:sand":28,"minecraft:dirt":3,"minecraft:brown_terracotta":42,"minecraft:acacia_planks":9,"minecraft:small_dripleaf":1,"minecraft:oak_leaves":4,"minecraft:fern":2},"minecraft:used":{"minecraft:shield":64,"minecraft:white_terracotta":36,"minecraft:iron_sword":189,"minecraft:cooked_chicken":2,"minecraft:stone_hoe":152,"minecraft:rotten_flesh":4,"minecraft:torch":14,"minecraft:dirt":33,"alexsmobs:cooked_kangaroo_meat":1,"minecraft:brown_terracotta":49,"alexsmobs:maggot":2,"minecraft:wooden_axe":49,"minecraft:furnace":1,"minecraft:gray_bed":4,"minecraft:pumpkin":1,"minecraft:iron_leggings":1,"minecraft:wheat_seeds":32,"minecraft:stone_pickaxe":256,"minecraft:oak_planks":9,"minecraft:wooden_pickaxe":60,"minecraft:sandstone":1,"minecraft:sand":3,"minecraft:oak_slab":2,"minecraft:crafting_table":3,"quark:acacia_chest":1,"minecraft:light_gray_terracotta":77,"waystones:waystone":1,"minecraft:wooden_hoe":28,"minecraft:chicken":2,"minecraft:bread":60,"alexsmobs:kangaroo_meat":1,"mvw:stone_dagger":1,"minecraft:stone_axe":96,"minecraft:cobblestone":32,"minecraft:porkchop":1,"quark:oak_chest":4,"alexsmobs:animal_dictionary":1,"minecraft:bone_meal":39},"minecraft:dropped":{"minecraft:bread":40,"minecraft:crossbow":1,"mvw:stone_dagger":1,"minecraft:leather":2,"minecraft:torch":8,"minecraft:cooked_chicken":1,"minecraft:cocoa_beans":1,"alexsmobs:cooked_kangaroo_meat":1,"apotheosis:gem":1},"minecraft:crafted":{"minecraft:oak_planks":92,"minecraft:furnace":1,"minecraft:bone_meal":36,"quark:acacia_chest":1,"minecraft:leather":5,"mvw:stone_dagger":1,"minecraft:stone_pickaxe":3,"minecraft:stone_hoe":1,"minecraft:wheat":207,"minecraft:oak_slab":6,"minecraft:crafting_table":3,"minecraft:wooden_pickaxe":1,"alexsmobs:cooked_kangaroo_meat":1,"minecraft:stone_axe":2,"minecraft:air":0,"minecraft:bread":59,"minecraft:jungle_planks":56,"minecraft:wooden_hoe":1,"minecraft:charcoal":14,"minecraft:shield":2,"minecraft:stick":24,"quark:oak_chest":4,"minecraft:wooden_axe":2,"minecraft:sandstone":1,"minecraft:acacia_planks":36,"minecraft:torch":16},"minecraft:broken":{"minecraft:stone_hoe":1,"minecraft:wooden_pickaxe":1,"minecraft:stone_pickaxe":2,"minecraft:shield":1,"minecraft:stone_axe":1,"minecraft:iron_helmet":1,"minecraft:wooden_axe":1},"minecraft:picked_up":{"minecraft:crafting_table":1,"minecraft:iron_chestplate":1,"minecraft:cocoa_beans":4,"minecraft:coarse_dirt":2,"minecraft:wheat":32,"minecraft:chicken":2,"minecraft:string":3,"minecraft:oak_trapdoor":1,"minecraft:raw_copper":48,"minecraft:iron_leggings":1,"minecraft:beetroot":23,"alexsmobs:emu_feather":4,"minecraft:beef":1,"mvw:stone_dagger":1,"minecraft:azalea":1,"minecraft:melon_slice":24,"minecraft:spruce_trapdoor":4,"fight_or_die:ripping_flesh":2,"minecraft:stick":18,"apotheosis:gem":10,"fight_or_die:rotten_brain":1,"minecraft:copper_ingot":2,"minecraft:brown_terracotta":50,"minecraft:torch":7,"minecraft:acacia_log":34,"minecraft:porkchop":3,"minecraft:carrot":64,"minecraft:tnt":2,"minecraft:arrow":13,"minecraft:rotten_flesh":16,"minecraft:beetroot_seeds":68,"minecraft:hay_block":95,"alexsmobs:boiled_emu_egg":2,"minecraft:white_terracotta":53,"alexsmobs:kangaroo_meat":3,"minecraft:cobblestone":109,"minecraft:stripped_oak_log":5,"minecraft:feather":6,"minecraft:andesite":1,"minecraft:jungle_log":14,"minecraft:leather":4,"minecraft:smoker":1,"minecraft:potato":76,"minecraft:oak_log":10,"alexsmobs:cooked_kangaroo_meat":1,"minecraft:gunpowder":1,"minecraft:dirt":42,"minecraft:orange_terracotta":1,"farmersdelight:organic_compost":1,"minecraft:bone":16,"minecraft:acacia_planks":11,"minecraft:wheat_seeds":115,"minecraft:iron_ingot":1,"minecraft:cooked_chicken":3,"minecraft:stripped_oak_wood":8,"minecraft:glass_bottle":1,"minecraft:bamboo":14,"minecraft:gray_bed":4,"minecraft:iron_sword":1,"minecraft:flowering_azalea":1,"minecraft:oak_planks":11,"minecraft:book":15,"minecraft:oak_slab":3,"minecraft:black_terracotta":6,"minecraft:pumpkin":8,"minecraft:poisonous_potato":1,"royalvariations:royal_bone":2,"minecraft:sand":31,"fight_or_die:sickened_heart":3,"minecraft:light_gray_terracotta":99,"alexsmobs:kangaroo_hide":11,"minecraft:pumpkin_seeds":13,"minecraft:slime_ball":10,"waystones:waystone":1,"minecraft:iron_helmet":1,"minecraft:crossbow":1,"minecraft:bread":48,"alexsmobs:maggot":2,"minecraft:melon_seeds":15,"minecraft:coal":12}},"DataVersion":3465}