{"stats":{"minecraft:crafted":{"minecraft:oak_planks":24,"minecraft:crafting_table":3,"minecraft:wooden_pickaxe":1,"minecraft:furnace":1,"minecraft:mangrove_planks":24,"minecraft:stone_axe":1,"minecraft:bread":13,"minecraft:acacia_boat":2,"quark:acacia_chest":1,"minecraft:stick":12,"minecraft:stone_pickaxe":1,"minecraft:wooden_axe":3,"minecraft:white_bed":1,"minecraft:acacia_planks":24,"minecraft:wheat":117},"minecraft:custom":{"minecraft:interact_with_furnace":3,"minecraft:mob_kills":5,"minecraft:interact_with_crafting_table":12,"minecraft:damage_dealt_resisted":0,"minecraft:time_since_death":5004,"minecraft:climb_one_cm":1156,"minecraft:time_since_rest":5031,"minecraft:sprint_one_cm":40741,"minecraft:damage_taken":1559,"minecraft:walk_one_cm":60929,"minecraft:drop":1,"minecraft:damage_dealt":1127,"minecraft:swim_one_cm":62466,"minecraft:fly_one_cm":59410,"minecraft:open_chest":1,"minecraft:crouch_one_cm":116,"minecraft:play_time":23587,"minecraft:deaths":4,"minecraft:sneak_time":162,"minecraft:walk_under_water_one_cm":18178,"minecraft:boat_one_cm":7040,"minecraft:jump":318,"minecraft:walk_on_water_one_cm":20817,"minecraft:total_world_time":23587,"minecraft:fall_one_cm":7502},"minecraft:picked_up":{"minecraft:crafting_table":1,"minecraft:wheat":3,"fight_or_die:springer_fragment":2,"minecraft:oak_log":7,"minecraft:cornflower":1,"minecraft:dirt":6,"minecraft:string":2,"minecraft:lantern":1,"minecraft:item_frame":2,"minecraft:bone":1,"minecraft:wheat_seeds":11,"quark:black_shard":7,"minecraft:mangrove_log":6,"minecraft:scaffolding":10,"fight_or_die:ripping_flesh":1,"minecraft:stick":2,"apotheosis:gem":1,"minecraft:acacia_log":6,"minecraft:dandelion":2,"minecraft:spruce_stairs":1,"minecraft:spruce_fence":2,"minecraft:stone_button":1,"minecraft:rotten_flesh":1,"minecraft:peony":10,"minecraft:hay_block":13,"minecraft:mangrove_roots":1,"minecraft:bread":5,"minecraft:white_wool":3,"minecraft:cobblestone":24,"minecraft:oxeye_daisy":1},"minecraft:mined":{"minecraft:mangrove_roots":1,"minecraft:crafting_table":1,"minecraft:acacia_log":8,"minecraft:grass_block":1,"minecraft:tall_grass":4,"minecraft:hay_block":13,"minecraft:spruce_stairs":1,"minecraft:black_stained_glass":2,"minecraft:wheat":3,"minecraft:mangrove_leaves":22,"minecraft:peony":7,"minecraft:grass":6,"minecraft:oak_log":7,"minecraft:vine":1,"minecraft:dirt_path":1,"minecraft:dirt":4,"minecraft:mangrove_log":6,"minecraft:stone":24,"minecraft:white_wool":3,"minecraft:oak_leaves":1},"minecraft:dropped":{"minecraft:wooden_axe":1},"minecraft:killed":{"fight_or_die:springer":3,"minecraft:spider":2},"minecraft:used":{"minecraft:acacia_boat":2,"minecraft:stone_pickaxe":16,"minecraft:wooden_pickaxe":13,"minecraft:dirt":1,"minecraft:crafting_table":4,"quark:acacia_chest":1,"minecraft:spruce_stairs":1,"minecraft:white_bed":1,"minecraft:wooden_axe":64,"minecraft:bread":9,"minecraft:item_frame":1,"minecraft:furnace":1,"alexsmobs:animal_dictionary":1}},"DataVersion":3465}