{"stats":{"minecraft:crafted":{"minecraft:oak_planks":24,"minecraft:wooden_shovel":1,"extraarmor:mangrove_wood_chestplate":1,"minecraft:crafting_table":3,"minecraft:wooden_pickaxe":1,"minecraft:furnace":1,"minecraft:mangrove_planks":24,"minecraft:stone_axe":1,"minecraft:bread":34,"minecraft:acacia_boat":2,"minecraft:air":0,"quark:acacia_chest":1,"minecraft:charcoal":1,"minecraft:stick":20,"minecraft:stone_pickaxe":1,"minecraft:wooden_axe":3,"minecraft:white_bed":1,"extraarmor:acacia_wood_helmet":1,"minecraft:acacia_planks":24,"minecraft:torch":4,"minecraft:wheat":117},"minecraft:custom":{"minecraft:interact_with_furnace":4,"minecraft:mob_kills":5,"minecraft:interact_with_crafting_table":17,"minecraft:damage_dealt_resisted":0,"minecraft:time_since_death":398,"minecraft:climb_one_cm":1749,"minecraft:time_since_rest":424,"minecraft:sprint_one_cm":63543,"minecraft:damage_taken":2296,"minecraft:walk_one_cm":83662,"minecraft:drop":4,"minecraft:damage_dealt":1381,"minecraft:swim_one_cm":83966,"minecraft:player_kills":1,"minecraft:fly_one_cm":97745,"minecraft:open_chest":3,"minecraft:crouch_one_cm":126,"minecraft:play_time":35587,"minecraft:deaths":6,"minecraft:sneak_time":183,"minecraft:walk_under_water_one_cm":21154,"minecraft:boat_one_cm":7040,"minecraft:jump":517,"minecraft:walk_on_water_one_cm":25939,"minecraft:total_world_time":35587,"minecraft:fall_one_cm":12143},"minecraft:picked_up":{"minecraft:leather_chestplate":4,"minecraft:crafting_table":1,"minecraft:wheat":8,"minecraft:lilac":6,"fight_or_die:springer_fragment":2,"minecraft:leather_leggings":4,"minecraft:oak_log":12,"minecraft:cornflower":1,"minecraft:dirt":37,"minecraft:string":2,"minecraft:lantern":1,"minecraft:white_banner":2,"minecraft:purple_carpet":3,"minecraft:white_carpet":3,"minecraft:item_frame":5,"minecraft:bone":1,"minecraft:stone_bricks":1,"minecraft:wheat_seeds":38,"quark:black_shard":7,"minecraft:spruce_trapdoor":2,"minecraft:mangrove_log":6,"minecraft:raw_iron":1,"minecraft:scaffolding":10,"fight_or_die:ripping_flesh":1,"minecraft:stick":2,"apotheosis:gem":4,"minecraft:torch":1,"minecraft:acacia_log":6,"minecraft:dandelion":2,"minecraft:spruce_stairs":2,"minecraft:spruce_fence":2,"minecraft:stone_button":1,"minecraft:white_bed":1,"minecraft:leather_helmet":2,"minecraft:stone_sword":1,"minecraft:rotten_flesh":1,"minecraft:peony":10,"minecraft:diamond_boots":2,"minecraft:hay_block":13,"minecraft:mangrove_roots":1,"minecraft:bread":5,"minecraft:coal":14,"minecraft:white_wool":3,"minecraft:cobblestone":69,"minecraft:oxeye_daisy":1},"minecraft:mined":{"minecraft:white_bed":1,"minecraft:mangrove_roots":1,"minecraft:crafting_table":1,"minecraft:acacia_log":8,"minecraft:grass_block":8,"minecraft:tall_grass":10,"minecraft:wall_torch":1,"minecraft:hay_block":13,"minecraft:spruce_stairs":1,"minecraft:black_stained_glass":2,"minecraft:iron_ore":1,"minecraft:wheat":7,"minecraft:mangrove_leaves":22,"minecraft:peony":12,"minecraft:grass":10,"minecraft:coal_ore":14,"minecraft:oak_log":12,"minecraft:vine":1,"minecraft:dirt_path":2,"minecraft:dirt":24,"minecraft:mangrove_log":6,"minecraft:stone":70,"minecraft:white_wool":3,"minecraft:oak_leaves":1},"minecraft:dropped":{"minecraft:white_carpet":3,"minecraft:leather_chestplate":1,"minecraft:wooden_axe":1,"minecraft:leather_leggings":1},"minecraft:killed":{"fight_or_die:springer":3,"minecraft:spider":2},"minecraft:used":{"minecraft:acacia_boat":2,"minecraft:stone_pickaxe":85,"minecraft:wooden_pickaxe":13,"minecraft:wooden_shovel":21,"minecraft:torch":4,"minecraft:dirt":12,"minecraft:crafting_table":4,"quark:acacia_chest":1,"minecraft:spruce_stairs":1,"minecraft:white_bed":1,"minecraft:wooden_axe":66,"minecraft:bread":12,"minecraft:item_frame":1,"minecraft:stone_axe":18,"minecraft:furnace":1,"alexsmobs:animal_dictionary":1}},"DataVersion":3465}