{"stats":{"minecraft:mined":{"minecraft:white_terracotta":4,"fight_or_die:blood_splash1":1,"minecraft:mangrove_roots":7,"minecraft:mangrove_leaves":1,"minecraft:light_gray_terracotta":2,"minecraft:grass":1,"minecraft:vine":2,"minecraft:mangrove_log":9,"minecraft:mangrove_propagule":1},"minecraft:picked_up":{"royalvariations:spiritual_crown_shard":2,"minecraft:lily_pad":2,"minecraft:shield":1,"minecraft:spectral_arrow":2,"minecraft:moss_carpet":2,"minecraft:light_gray_terracotta":2,"minecraft:bone":7,"minecraft:mangrove_boat":2,"minecraft:arrow":2,"minecraft:rotten_flesh":9,"minecraft:diamond":8,"minecraft:iron_ingot":24,"minecraft:mangrove_roots":7,"minecraft:white_terracotta":9,"minecraft:mangrove_propagule":2,"minecraft:mangrove_log":9},"minecraft:custom":{"minecraft:time_since_rest":23772,"minecraft:sprint_one_cm":18837,"minecraft:damage_taken":318,"minecraft:walk_one_cm":55240,"minecraft:drop":1,"minecraft:damage_dealt":6,"minecraft:swim_one_cm":3820,"minecraft:interact_with_crafting_table":6,"minecraft:fly_one_cm":25248,"minecraft:crouch_one_cm":283,"minecraft:play_time":23772,"minecraft:sneak_time":134,"minecraft:walk_under_water_one_cm":1105,"minecraft:boat_one_cm":59498,"minecraft:jump":294,"minecraft:walk_on_water_one_cm":7660,"minecraft:leave_game":3,"minecraft:time_since_death":23772,"minecraft:climb_one_cm":2301,"minecraft:total_world_time":23772,"minecraft:fall_one_cm":5182},"minecraft:used":{"minecraft:mangrove_boat":2,"minecraft:moss_carpet":1,"minecraft:stone_pickaxe":6,"extraarmor:mangrove_wood_chestplate":1,"minecraft:mangrove_propagule":1,"extraarmor:mangrove_wood_leggings":1,"minecraft:mangrove_planks":3,"minecraft:white_terracotta":4,"minecraft:rotten_flesh":8,"extraarmor:mangrove_wood_helmet":1,"minecraft:crafting_table":1,"minecraft:mangrove_roots":7,"alexsmobs:animal_dictionary":1,"extraarmor:mangrove_wood_boots":1},"minecraft:dropped":{"royalvariations:spiritual_crown_shard":1},"minecraft:crafted":{"extraarmor:mangrove_wood_boots":1,"extraarmor:mangrove_wood_chestplate":1,"minecraft:crafting_table":1,"extraarmor:mangrove_wood_leggings":1,"minecraft:mangrove_boat":1,"extraarmor:mangrove_wood_helmet":1,"minecraft:mangrove_planks":36}},"DataVersion":3465}