{"stats":{"minecraft:killed":{"minecraft:zombie_villager":1,"minecraft:zombie":1},"minecraft:mined":{"minecraft:dark_oak_planks":1,"minecraft:red_carpet":4,"minecraft:brewing_stand":1,"minecraft:granite":1,"minecraft:grass_block":1,"minecraft:redstone_wire":4,"minecraft:spruce_leaves":4,"minecraft:iron_ore":48,"minecraft:sticky_piston":5,"minecraft:snow":2,"minecraft:andesite":12,"minecraft:stripped_spruce_log":3,"minecraft:bookshelf":6,"minecraft:water_cauldron":1,"minecraft:dirt_path":4,"minecraft:iron_bars":1,"minecraft:lantern":1,"minecraft:packed_ice":28,"minecraft:stone":233,"minecraft:redstone_wall_torch":2,"minecraft:red_bed":2,"minecraft:red_wool":1,"minecraft:brown_carpet":1,"minecraft:crafting_table":1,"minecraft:honey_block":40,"minecraft:polished_diorite_slab":1,"minecraft:copper_ore":12,"minecraft:lapis_ore":1,"minecraft:diorite":21,"minecraft:blue_bed":1,"minecraft:spruce_stairs":1,"minecraft:repeater":1,"minecraft:blue_ice":11,"minecraft:white_carpet":2,"minecraft:spruce_log":50,"minecraft:coal_ore":81,"quark:spruce_chest":1,"minecraft:sand":4,"minecraft:dirt":7,"minecraft:yellow_stained_glass":3,"minecraft:gold_ore":5},"minecraft:broken":{"spartanshields:stone_tower_shield":1,"minecraft:stone_pickaxe":2,"minecraft:wooden_axe":1},"minecraft:killed_by":{"minecraft:player":3,"undead_revamp2:thesmoker":1,"undead_revamp2:thebeartamer":1},"minecraft:custom":{"minecraft:mob_kills":2,"minecraft:interact_with_crafting_table":21,"minecraft:interact_with_campfire":24,"minecraft:damage_dealt_resisted":0,"minecraft:leave_game":2,"minecraft:time_since_death":31046,"minecraft:climb_one_cm":4082,"minecraft:sprint_one_cm":157704,"minecraft:walk_one_cm":198141,"minecraft:damage_blocked_by_shield":2370,"minecraft:drop":34,"minecraft:play_time":90707,"minecraft:deaths":10,"minecraft:sneak_time":2351,"minecraft:walk_under_water_one_cm":25504,"minecraft:jump":1222,"minecraft:interact_with_brewingstand":1,"minecraft:walk_on_water_one_cm":15333,"minecraft:total_world_time":90707,"minecraft:interact_with_furnace":12,"minecraft:sleep_in_bed":4,"minecraft:time_since_rest":6210,"minecraft:damage_taken":3534,"minecraft:damage_dealt":1813,"minecraft:swim_one_cm":10434,"minecraft:fly_one_cm":301087,"minecraft:player_kills":7,"minecraft:open_chest":17,"minecraft:crouch_one_cm":2897,"minecraft:fall_one_cm":13433},"minecraft:picked_up":{"minecraft:crafting_table":2,"minecraft:wheat":4,"minecraft:ladder":2,"minecraft:brewing_stand":1,"minecraft:string":1,"minecraft:red_bed":3,"minecraft:raw_copper":42,"minecraft:wooden_sword":1,"spartanshields:stone_tower_shield":1,"minecraft:white_carpet":3,"minecraft:item_frame":7,"minecraft:sticky_piston":6,"quark:yellow_shard":7,"minecraft:experience_bottle":3,"quark:spruce_chest":1,"minecraft:redstone_torch":2,"minecraft:cobblestone_slab":1,"minecraft:spruce_slab":4,"minecraft:stick":3,"minecraft:raw_iron":48,"apotheosis:gem":22,"minecraft:torch":1,"minecraft:spruce_stairs":1,"minecraft:stone_button":2,"minecraft:diorite":14,"minecraft:redstone":4,"minecraft:cauldron":1,"minecraft:brown_carpet":1,"minecraft:dark_oak_planks":1,"minecraft:stone_sword":1,"minecraft:rotten_flesh":14,"minecraft:gold_ingot":1,"minecraft:snowball":162,"minecraft:iron_bars":2,"minecraft:cobblestone":231,"minecraft:repeater":1,"minecraft:potato":28,"minecraft:lapis_lazuli":6,"minecraft:blue_bed":1,"minecraft:dirt":32,"minecraft:lantern":2,"minecraft:red_carpet":5,"minecraft:bone":1,"minecraft:light_blue_banner":1,"minecraft:stone_bricks":3,"minecraft:wheat_seeds":20,"minecraft:raw_gold":5,"minecraft:book":12,"minecraft:red_wool":1,"minecraft:sand":4,"minecraft:stripped_spruce_log":3,"minecraft:spruce_sapling":1,"minecraft:spruce_log":62,"minecraft:honey_block":26,"minecraft:iron_helmet":1,"minecraft:granite":1,"minecraft:spruce_sign":1,"minecraft:bread":1,"minecraft:emerald":5,"minecraft:baked_potato":24,"minecraft:light_gray_carpet":2,"minecraft:coal":81},"minecraft:used":{"minecraft:stone_sword":60,"minecraft:stone_shovel":7,"minecraft:ladder":2,"tacz:gun_smith_table":1,"minecraft:spruce_planks":24,"minecraft:rotten_flesh":14,"minecraft:torch":4,"minecraft:dirt":10,"minecraft:snowball":49,"minecraft:wooden_axe":59,"minecraft:honey_block":11,"quark:spruce_chest":2,"minecraft:iron_helmet":1,"minecraft:stone_bricks":3,"minecraft:item_frame":1,"minecraft:furnace":2,"minecraft:potato":11,"minecraft:snow_block":28,"minecraft:stone_pickaxe":372,"minecraft:baked_potato":4,"minecraft:wooden_pickaxe":21,"minecraft:spruce_sign":1,"minecraft:blue_bed":1,"minecraft:sand":4,"minecraft:crafting_table":5,"minecraft:red_bed":3,"spartanshields:stone_tower_shield":24,"minecraft:redstone_torch":2,"minecraft:bread":1,"minecraft:iron_pickaxe":69,"minecraft:wooden_sword":21,"minecraft:cobblestone":8,"minecraft:experience_bottle":2},"minecraft:dropped":{"minecraft:wheat_seeds":20,"minecraft:red_carpet":4,"minecraft:item_frame":3,"minecraft:stick":1,"minecraft:dirt":13,"minecraft:stone_button":2,"minecraft:wooden_sword":1,"minecraft:string":1,"quark:yellow_shard":7,"minecraft:spruce_sapling":1,"minecraft:bone":1,"alexsmobs:animal_dictionary":1,"minecraft:white_carpet":3,"minecraft:light_gray_carpet":2,"patchouli:guide_book":2,"minecraft:brown_carpet":1},"minecraft:crafted":{"minecraft:stone_shovel":1,"minecraft:furnace":2,"minecraft:iron_axe":1,"minecraft:stone_pickaxe":3,"quark:spruce_chest":1,"minecraft:crafting_table":3,"minecraft:spruce_planks":60,"minecraft:wooden_pickaxe":1,"tacz:gun_smith_table":1,"mvw:iron_double_axe":1,"minecraft:air":0,"minecraft:stick":20,"minecraft:iron_ingot":48,"minecraft:iron_pickaxe":1,"minecraft:wooden_axe":1,"minecraft:iron_block":1,"minecraft:snow_block":28,"minecraft:torch":4}},"DataVersion":3465}