{"stats":{"minecraft:killed":{"undead_revamp2:thesmoker":1,"minecraft:creeper":3,"minecraft:zombie":1},"minecraft:mined":{"minecraft:mangrove_roots":7,"minecraft:light_gray_terracotta":2,"minecraft:cobblestone":2,"minecraft:mangrove_propagule":1,"minecraft:white_terracotta":4,"fight_or_die:blood_splash1":1,"minecraft:cobbled_deepslate":1,"minecraft:mangrove_leaves":16,"minecraft:grass":1,"minecraft:vine":2,"minecraft:mangrove_log":22},"minecraft:custom":{"minecraft:mob_kills":5,"minecraft:interact_with_crafting_table":14,"minecraft:leave_game":5,"minecraft:time_since_death":50572,"minecraft:climb_one_cm":2742,"minecraft:time_since_rest":50572,"minecraft:sprint_one_cm":27957,"minecraft:damage_taken":550,"minecraft:walk_one_cm":121034,"minecraft:damage_blocked_by_shield":215,"minecraft:drop":2,"minecraft:damage_dealt":6,"minecraft:swim_one_cm":3820,"minecraft:fly_one_cm":29355,"minecraft:open_chest":41,"minecraft:crouch_one_cm":2769,"minecraft:play_time":50572,"minecraft:sneak_time":2319,"minecraft:walk_under_water_one_cm":1105,"minecraft:boat_one_cm":59498,"minecraft:jump":400,"minecraft:walk_on_water_one_cm":7660,"minecraft:total_world_time":50572,"minecraft:fall_one_cm":7982},"minecraft:picked_up":{"minecraft:wheat":4,"royalvariations:spiritual_crown_shard":2,"minecraft:lily_pad":2,"minecraft:shield":1,"minecraft:gunpowder":2,"minecraft:moss_carpet":2,"tacz:ammo":24,"minecraft:mangrove_boat":2,"minecraft:bone":7,"minecraft:cobbled_deepslate":1,"minecraft:iron_ingot":24,"minecraft:mangrove_log":22,"minecraft:brown_terracotta":1,"minecraft:torch":1,"minecraft:spectral_arrow":2,"minecraft:light_gray_terracotta":4,"minecraft:arrow":2,"minecraft:rotten_flesh":11,"minecraft:diamond":8,"tacz:modern_kinetic_gun":1,"minecraft:mangrove_roots":7,"minecraft:white_terracotta":11,"minecraft:mangrove_propagule":2,"minecraft:cobblestone":2},"minecraft:used":{"minecraft:mangrove_boat":2,"extraarmor:reinforced_iron_leggings":1,"minecraft:moss_carpet":1,"extraarmor:mangrove_wood_leggings":1,"minecraft:stone_pickaxe":9,"minecraft:mangrove_planks":15,"minecraft:shield":7,"minecraft:white_terracotta":9,"minecraft:rotten_flesh":14,"minecraft:iron_chestplate":1,"minecraft:crafting_table":1,"minecraft:light_gray_terracotta":2,"minecraft:diamond_helmet":1,"extraarmor:mangrove_wood_boots":1,"minecraft:brown_terracotta":7,"alexsmobs:maggot":2,"extraarmor:mangrove_wood_chestplate":1,"minecraft:mangrove_propagule":2,"minecraft:iron_boots":1,"extraarmor:mangrove_wood_helmet":1,"minecraft:cobblestone":1,"minecraft:mangrove_roots":7,"minecraft:chainmail_boots":1,"alexsmobs:banana":1,"alexsmobs:animal_dictionary":1,"minecraft:acacia_planks":16,"minecraft:bone_meal":2},"minecraft:dropped":{"royalvariations:spiritual_crown_shard":1,"apotheosis:gem":1},"minecraft:crafted":{"extraarmor:mangrove_wood_boots":1,"extraarmor:mangrove_wood_chestplate":1,"minecraft:crafting_table":1,"minecraft:mangrove_boat":1,"extraarmor:mangrove_wood_helmet":1,"minecraft:mangrove_planks":48,"minecraft:bone_meal":21,"minecraft:diamond_helmet":1,"extraarmor:reinforced_iron_leggings":1,"extraarmor:mangrove_wood_leggings":1,"minecraft:acacia_planks":16}},"DataVersion":3465}