{"stats":{"minecraft:mined":{"minecraft:vine":2,"minecraft:mangrove_log":9,"minecraft:mangrove_roots":7,"minecraft:mangrove_leaves":1},"minecraft:picked_up":{"minecraft:mangrove_boat":2,"minecraft:lily_pad":2,"minecraft:mangrove_roots":7,"minecraft:mangrove_propagule":1,"minecraft:mangrove_log":9,"minecraft:moss_carpet":2},"minecraft:custom":{"minecraft:time_since_rest":16429,"minecraft:crouch_one_cm":49,"minecraft:play_time":16429,"minecraft:sprint_one_cm":18387,"minecraft:damage_taken":244,"minecraft:walk_one_cm":15707,"minecraft:sneak_time":24,"minecraft:walk_under_water_one_cm":1105,"minecraft:boat_one_cm":59498,"minecraft:jump":182,"minecraft:damage_dealt":6,"minecraft:leave_game":3,"minecraft:time_since_death":16429,"minecraft:walk_on_water_one_cm":7660,"minecraft:total_world_time":16429,"minecraft:climb_one_cm":2301,"minecraft:swim_one_cm":3820,"minecraft:interact_with_crafting_table":6,"minecraft:fly_one_cm":24993,"minecraft:fall_one_cm":3948},"minecraft:used":{"minecraft:mangrove_boat":2,"minecraft:moss_carpet":1,"extraarmor:mangrove_wood_helmet":1,"minecraft:mangrove_roots":7,"minecraft:crafting_table":1,"extraarmor:mangrove_wood_chestplate":1,"extraarmor:mangrove_wood_leggings":1,"alexsmobs:animal_dictionary":1,"minecraft:mangrove_planks":3,"extraarmor:mangrove_wood_boots":1},"minecraft:crafted":{"minecraft:mangrove_boat":1,"extraarmor:mangrove_wood_helmet":1,"minecraft:mangrove_planks":36,"extraarmor:mangrove_wood_boots":1,"minecraft:crafting_table":1,"extraarmor:mangrove_wood_chestplate":1,"extraarmor:mangrove_wood_leggings":1}},"DataVersion":3465}