{"stats":{"minecraft:mined":{"minecraft:vine":2,"minecraft:mangrove_log":9,"minecraft:mangrove_roots":7,"minecraft:mangrove_leaves":1},"minecraft:picked_up":{"minecraft:mangrove_roots":7,"minecraft:mangrove_log":9,"minecraft:moss_carpet":1},"minecraft:custom":{"minecraft:time_since_rest":10709,"minecraft:sprint_one_cm":4163,"minecraft:play_time":10709,"minecraft:damage_taken":80,"minecraft:walk_one_cm":10105,"minecraft:sneak_time":12,"minecraft:walk_under_water_one_cm":546,"minecraft:jump":60,"minecraft:time_since_death":10709,"minecraft:leave_game":1,"minecraft:walk_on_water_one_cm":3480,"minecraft:climb_one_cm":1722,"minecraft:total_world_time":10709,"minecraft:fly_one_cm":1228,"minecraft:swim_one_cm":538,"minecraft:interact_with_crafting_table":6,"minecraft:fall_one_cm":1815},"minecraft:used":{"extraarmor:mangrove_wood_helmet":1,"minecraft:crafting_table":1,"extraarmor:mangrove_wood_chestplate":1,"extraarmor:mangrove_wood_leggings":1,"alexsmobs:animal_dictionary":1,"extraarmor:mangrove_wood_boots":1},"minecraft:crafted":{"minecraft:mangrove_boat":1,"extraarmor:mangrove_wood_helmet":1,"minecraft:mangrove_planks":36,"extraarmor:mangrove_wood_boots":1,"extraarmor:mangrove_wood_chestplate":1,"minecraft:crafting_table":1,"extraarmor:mangrove_wood_leggings":1}},"DataVersion":3465}