{"stats":{"minecraft:killed":{"minecraft:creeper":2},"minecraft:mined":{"minecraft:white_terracotta":4,"fight_or_die:blood_splash1":1,"minecraft:mangrove_roots":7,"minecraft:mangrove_leaves":16,"minecraft:light_gray_terracotta":2,"minecraft:grass":1,"minecraft:vine":2,"minecraft:mangrove_log":22,"minecraft:mangrove_propagule":1},"minecraft:picked_up":{"royalvariations:spiritual_crown_shard":2,"minecraft:lily_pad":2,"minecraft:shield":1,"minecraft:gunpowder":1,"minecraft:spectral_arrow":2,"minecraft:moss_carpet":2,"tacz:ammo":24,"minecraft:light_gray_terracotta":2,"minecraft:arrow":2,"minecraft:mangrove_boat":2,"minecraft:bone":7,"minecraft:rotten_flesh":9,"minecraft:diamond":8,"tacz:modern_kinetic_gun":1,"minecraft:iron_ingot":24,"minecraft:mangrove_roots":7,"minecraft:white_terracotta":9,"minecraft:mangrove_propagule":2,"minecraft:mangrove_log":22},"minecraft:custom":{"minecraft:time_since_rest":38572,"minecraft:sprint_one_cm":21226,"minecraft:damage_taken":450,"minecraft:walk_one_cm":93700,"minecraft:damage_blocked_by_shield":215,"minecraft:mob_kills":2,"minecraft:drop":1,"minecraft:damage_dealt":6,"minecraft:swim_one_cm":3820,"minecraft:interact_with_crafting_table":7,"minecraft:fly_one_cm":26039,"minecraft:open_chest":21,"minecraft:crouch_one_cm":2769,"minecraft:play_time":38572,"minecraft:sneak_time":2306,"minecraft:walk_under_water_one_cm":1105,"minecraft:boat_one_cm":59498,"minecraft:jump":366,"minecraft:leave_game":5,"minecraft:time_since_death":38572,"minecraft:walk_on_water_one_cm":7660,"minecraft:total_world_time":38572,"minecraft:climb_one_cm":2742,"minecraft:fall_one_cm":6959},"minecraft:used":{"minecraft:mangrove_boat":2,"minecraft:brown_terracotta":7,"minecraft:moss_carpet":1,"minecraft:stone_pickaxe":6,"extraarmor:mangrove_wood_chestplate":1,"minecraft:mangrove_propagule":2,"extraarmor:mangrove_wood_leggings":1,"minecraft:mangrove_planks":15,"minecraft:shield":7,"minecraft:white_terracotta":9,"minecraft:iron_boots":1,"minecraft:rotten_flesh":9,"extraarmor:mangrove_wood_helmet":1,"minecraft:chainmail_boots":1,"minecraft:mangrove_roots":7,"minecraft:crafting_table":1,"minecraft:light_gray_terracotta":2,"alexsmobs:animal_dictionary":1,"minecraft:acacia_planks":16,"minecraft:bone_meal":2,"extraarmor:mangrove_wood_boots":1},"minecraft:dropped":{"royalvariations:spiritual_crown_shard":1},"minecraft:crafted":{"extraarmor:mangrove_wood_boots":1,"extraarmor:mangrove_wood_chestplate":1,"minecraft:crafting_table":1,"extraarmor:mangrove_wood_leggings":1,"minecraft:mangrove_boat":1,"extraarmor:mangrove_wood_helmet":1,"minecraft:acacia_planks":16,"minecraft:mangrove_planks":48,"minecraft:bone_meal":21}},"DataVersion":3465}