{"stats":{"minecraft:killed_by":{"minecraft:player":1},"minecraft:crafted":{"minecraft:oak_planks":64,"extraarmor:oak_wood_leggings":1,"minecraft:crafting_table":2,"minecraft:wooden_pickaxe":2,"minecraft:furnace":2,"spartanshields:stone_basic_shield":1,"minecraft:bread":9,"minecraft:air":0,"minecraft:oak_boat":1,"minecraft:iron_boots":1,"minecraft:iron_chestplate":1,"extraarmor:oak_wood_chestplate":1,"minecraft:stick":24,"minecraft:iron_ingot":23,"minecraft:stone_pickaxe":1,"minecraft:wooden_axe":2,"minecraft:iron_leggings":1,"mvw:stone_hammer":1,"spartanshields:wooden_basic_shield":1,"extraarmor:oak_wood_boots":1,"minecraft:acacia_planks":12,"mvw:wooden_double_axe":1,"minecraft:wheat":27,"extraarmor:oak_wood_helmet":1},"minecraft:custom":{"minecraft:interact_with_furnace":7,"minecraft:mob_kills":7,"minecraft:interact_with_crafting_table":17,"minecraft:damage_dealt_resisted":0,"minecraft:time_since_death":20009,"minecraft:sleep_in_bed":2,"minecraft:climb_one_cm":4050,"minecraft:damage_resisted":0,"minecraft:time_since_rest":20035,"minecraft:sprint_one_cm":48732,"minecraft:damage_taken":1615,"minecraft:walk_one_cm":122180,"minecraft:drop":10,"minecraft:damage_dealt":1073,"minecraft:swim_one_cm":22417,"minecraft:fly_one_cm":46178,"minecraft:player_kills":1,"minecraft:open_chest":1,"minecraft:crouch_one_cm":2647,"minecraft:play_time":34984,"minecraft:deaths":4,"minecraft:sneak_time":794,"minecraft:walk_under_water_one_cm":9408,"minecraft:boat_one_cm":34713,"minecraft:jump":373,"minecraft:walk_on_water_one_cm":14061,"minecraft:total_world_time":34984,"minecraft:fall_one_cm":5750},"minecraft:picked_up":{"quark:crimson_chest":1,"minecraft:crafting_table":1,"minecraft:wheat":3,"minecraft:lilac":5,"minecraft:wooden_pickaxe":1,"minecraft:oak_log":46,"minecraft:dirt":12,"minecraft:lantern":1,"minecraft:iron_axe":1,"minecraft:item_frame":1,"minecraft:bone":1,"minecraft:stone_bricks":3,"minecraft:bow":1,"minecraft:wheat_seeds":1,"minecraft:iron_ingot":1,"minecraft:oak_boat":1,"minecraft:rose_bush":8,"minecraft:oak_planks":12,"minecraft:furnace":1,"minecraft:scaffolding":1,"minecraft:raw_iron":23,"apotheosis:gem":8,"quark:white_shard":2,"minecraft:oak_door":1,"minecraft:acacia_log":3,"minecraft:spruce_fence":3,"minecraft:white_bed":1,"minecraft:carrot":1,"minecraft:arrow":3,"minecraft:rotten_flesh":3,"minecraft:peony":3,"minecraft:hay_block":10,"minecraft:netherrack":10,"minecraft:coal":46,"minecraft:mangrove_propagule":1,"minecraft:cobblestone":44},"minecraft:mined":{"minecraft:acacia_leaves":1,"minecraft:white_bed":1,"minecraft:glass_pane":1,"minecraft:crafting_table":1,"minecraft:acacia_log":3,"minecraft:grass_block":1,"minecraft:spruce_fence":3,"minecraft:tall_grass":5,"minecraft:oak_planks":13,"minecraft:mangrove_propagule":1,"minecraft:hay_block":10,"minecraft:furnace":1,"minecraft:iron_ore":25,"minecraft:peony":1,"minecraft:grass":4,"minecraft:coal_ore":36,"minecraft:oak_log":48,"minecraft:stone":44,"quark:crimson_chest":1,"minecraft:stone_bricks":3,"minecraft:netherrack":10,"minecraft:oak_leaves":1,"minecraft:infested_stone":3},"minecraft:dropped":{"minecraft:wheat_seeds":1,"minecraft:lilac":2,"mvw:stone_hammer":1,"minecraft:mangrove_propagule":1,"extraarmor:oak_wood_helmet":1,"minecraft:wooden_axe":1,"extraarmor:oak_wood_boots":1,"minecraft:wooden_pickaxe":1,"extraarmor:oak_wood_chestplate":1,"extraarmor:oak_wood_leggings":1},"minecraft:killed":{"undead_revamp2:thesmoker":1,"minecraft:skeleton":1,"minecraft:silverfish":4,"minecraft:enderman":1},"minecraft:used":{"minecraft:stone_pickaxe":104,"minecraft:oak_planks":3,"minecraft:wooden_pickaxe":19,"minecraft:netherrack":2,"minecraft:crafting_table":2,"minecraft:white_bed":1,"minecraft:spruce_fence":3,"minecraft:wooden_axe":38,"mvw:wooden_double_axe":27,"minecraft:lantern":1,"minecraft:iron_axe":27,"minecraft:bread":7,"minecraft:cobblestone":14,"minecraft:furnace":2,"minecraft:oak_boat":1}},"DataVersion":3465}