{"stats":{"minecraft:killed_by":{"minecraft:player":1},"minecraft:crafted":{"minecraft:oak_planks":52,"extraarmor:oak_wood_leggings":1,"minecraft:crafting_table":1,"minecraft:wooden_pickaxe":1,"minecraft:bread":9,"extraarmor:oak_wood_chestplate":1,"minecraft:stick":8,"minecraft:wooden_axe":2,"spartanshields:wooden_basic_shield":1,"extraarmor:oak_wood_boots":1,"minecraft:acacia_planks":12,"mvw:wooden_double_axe":1,"minecraft:wheat":27,"extraarmor:oak_wood_helmet":1},"minecraft:custom":{"minecraft:mob_kills":2,"minecraft:interact_with_crafting_table":6,"minecraft:damage_dealt_resisted":0,"minecraft:time_since_death":8009,"minecraft:sleep_in_bed":2,"minecraft:climb_one_cm":4050,"minecraft:damage_resisted":0,"minecraft:time_since_rest":8035,"minecraft:sprint_one_cm":41558,"minecraft:damage_taken":1499,"minecraft:walk_one_cm":89502,"minecraft:drop":1,"minecraft:damage_dealt":338,"minecraft:swim_one_cm":22417,"minecraft:fly_one_cm":41268,"minecraft:player_kills":1,"minecraft:open_chest":1,"minecraft:crouch_one_cm":1848,"minecraft:play_time":22984,"minecraft:deaths":4,"minecraft:sneak_time":458,"minecraft:walk_under_water_one_cm":9408,"minecraft:boat_one_cm":34713,"minecraft:jump":304,"minecraft:walk_on_water_one_cm":13798,"minecraft:total_world_time":22984,"minecraft:fall_one_cm":5541},"minecraft:picked_up":{"quark:crimson_chest":1,"minecraft:crafting_table":1,"minecraft:wheat":3,"minecraft:lilac":5,"minecraft:oak_log":38,"minecraft:dirt":12,"minecraft:lantern":1,"minecraft:iron_axe":1,"minecraft:item_frame":1,"minecraft:stone_bricks":3,"minecraft:iron_ingot":1,"minecraft:rose_bush":8,"minecraft:oak_planks":12,"minecraft:scaffolding":1,"quark:white_shard":2,"minecraft:oak_door":1,"minecraft:acacia_log":3,"minecraft:spruce_fence":3,"minecraft:white_bed":1,"minecraft:carrot":1,"minecraft:arrow":2,"minecraft:rotten_flesh":3,"minecraft:peony":3,"minecraft:hay_block":3,"minecraft:netherrack":10,"minecraft:mangrove_propagule":1},"minecraft:mined":{"minecraft:acacia_leaves":1,"minecraft:white_bed":1,"minecraft:glass_pane":1,"minecraft:crafting_table":1,"minecraft:acacia_log":3,"minecraft:grass_block":1,"minecraft:spruce_fence":3,"minecraft:tall_grass":5,"minecraft:oak_planks":13,"minecraft:mangrove_propagule":1,"minecraft:hay_block":3,"minecraft:peony":1,"minecraft:grass":3,"minecraft:oak_log":40,"quark:crimson_chest":1,"minecraft:stone_bricks":3,"minecraft:netherrack":10,"minecraft:oak_leaves":1},"minecraft:dropped":{"minecraft:mangrove_propagule":1},"minecraft:killed":{"undead_revamp2:thesmoker":1,"minecraft:silverfish":1},"minecraft:used":{"minecraft:oak_planks":3,"minecraft:wooden_pickaxe":14,"minecraft:netherrack":2,"minecraft:crafting_table":1,"minecraft:white_bed":1,"minecraft:spruce_fence":3,"minecraft:wooden_axe":38,"mvw:wooden_double_axe":19,"minecraft:lantern":1,"minecraft:iron_axe":16,"minecraft:bread":3}},"DataVersion":3465}