{"stats":{"minecraft:killed_by":{"minecraft:player":1},"minecraft:crafted":{"minecraft:stick":4,"minecraft:wooden_pickaxe":1,"minecraft:wooden_axe":1,"minecraft:acacia_planks":12},"minecraft:custom":{"minecraft:time_since_rest":3329,"minecraft:sprint_one_cm":28027,"minecraft:damage_taken":579,"minecraft:walk_one_cm":54114,"minecraft:drop":1,"minecraft:damage_dealt":27,"minecraft:swim_one_cm":13449,"minecraft:interact_with_crafting_table":1,"minecraft:fly_one_cm":20645,"minecraft:player_kills":1,"minecraft:open_chest":1,"minecraft:crouch_one_cm":1648,"minecraft:play_time":10984,"minecraft:deaths":1,"minecraft:sneak_time":333,"minecraft:walk_under_water_one_cm":1234,"minecraft:boat_one_cm":34713,"minecraft:damage_dealt_resisted":0,"minecraft:jump":203,"minecraft:walk_on_water_one_cm":5176,"minecraft:time_since_death":3281,"minecraft:climb_one_cm":4026,"minecraft:sleep_in_bed":2,"minecraft:total_world_time":10984,"minecraft:fall_one_cm":3832},"minecraft:picked_up":{"quark:crimson_chest":1,"minecraft:crafting_table":1,"quark:white_shard":2,"minecraft:oak_door":1,"minecraft:acacia_log":3,"minecraft:oak_log":9,"minecraft:white_bed":1,"minecraft:item_frame":1,"minecraft:stone_bricks":3,"minecraft:peony":1,"minecraft:iron_ingot":1,"minecraft:netherrack":10,"minecraft:oak_planks":2,"minecraft:mangrove_propagule":1},"minecraft:mined":{"minecraft:acacia_leaves":1,"minecraft:white_bed":1,"minecraft:peony":1,"minecraft:crafting_table":1,"minecraft:grass":2,"minecraft:acacia_log":3,"minecraft:grass_block":1,"minecraft:oak_log":10,"minecraft:tall_grass":1,"minecraft:stone_bricks":3,"quark:crimson_chest":1,"minecraft:netherrack":10,"minecraft:oak_planks":3,"minecraft:mangrove_propagule":1},"minecraft:dropped":{"minecraft:mangrove_propagule":1},"minecraft:used":{"minecraft:wooden_axe":22,"minecraft:wooden_pickaxe":14,"minecraft:netherrack":2}},"DataVersion":3465}