{"stats":{"minecraft:killed_by":{"minecraft:player":2},"minecraft:crafted":{"extraarmor:bone_chestplate":1,"minecraft:oak_door":12,"minecraft:oak_planks":100,"extraarmor:oak_wood_leggings":1,"minecraft:furnace":2,"minecraft:cobblestone_stairs":76,"minecraft:iron_boots":1,"extraarmor:oak_wood_chestplate":1,"minecraft:stone_pickaxe":1,"extraarmor:oak_wood_boots":1,"minecraft:wheat":90,"minecraft:crafting_table":3,"minecraft:wooden_pickaxe":2,"spartanshields:stone_basic_shield":1,"minecraft:bucket":1,"minecraft:bread":35,"minecraft:air":0,"minecraft:oak_boat":1,"minecraft:iron_chestplate":1,"minecraft:stick":24,"quark:oak_chest":4,"minecraft:iron_ingot":23,"minecraft:wooden_axe":2,"minecraft:iron_leggings":1,"mvw:stone_hammer":1,"spartanshields:wooden_basic_shield":1,"minecraft:acacia_planks":12,"minecraft:torch":44,"royalvariations:royal_bone_meal":6,"mvw:wooden_double_axe":1,"extraarmor:oak_wood_helmet":1},"minecraft:custom":{"minecraft:interact_with_anvil":4,"minecraft:mob_kills":13,"minecraft:interact_with_crafting_table":27,"minecraft:damage_dealt_resisted":60,"minecraft:time_since_death":54876,"minecraft:climb_one_cm":4108,"minecraft:damage_resisted":0,"minecraft:sprint_one_cm":144539,"minecraft:walk_one_cm":379141,"minecraft:damage_blocked_by_shield":555,"minecraft:drop":50,"minecraft:talked_to_villager":1,"minecraft:play_time":94984,"minecraft:deaths":5,"minecraft:sneak_time":4177,"minecraft:walk_under_water_one_cm":41418,"minecraft:boat_one_cm":70836,"minecraft:jump":1123,"minecraft:walk_on_water_one_cm":29551,"minecraft:total_world_time":94984,"minecraft:interact_with_furnace":11,"spartanshields:shield_bash_hits":1,"minecraft:sleep_in_bed":7,"minecraft:time_since_rest":14822,"minecraft:damage_taken":2812,"minecraft:damage_dealt":2787,"minecraft:swim_one_cm":46930,"minecraft:fly_one_cm":142210,"minecraft:player_kills":1,"minecraft:open_chest":11,"minecraft:crouch_one_cm":11793,"minecraft:fall_one_cm":17329},"minecraft:picked_up":{"quark:crimson_chest":1,"minecraft:coarse_dirt":1,"minecraft:crafting_table":4,"minecraft:iron_chestplate":1,"minecraft:wheat":16,"minecraft:ladder":4,"minecraft:wooden_pickaxe":1,"minecraft:oak_stairs":1,"minecraft:raw_copper":33,"minecraft:iron_axe":5,"minecraft:iron_leggings":2,"minecraft:item_frame":3,"minecraft:white_carpet":1,"minecraft:iron_shovel":1,"minecraft:oak_boat":2,"minecraft:rose_bush":10,"minecraft:observer":1,"minecraft:iron_pickaxe":1,"minecraft:spruce_trapdoor":1,"minecraft:iron_boots":1,"minecraft:furnace":12,"minecraft:raw_iron":23,"apotheosis:gem":10,"minecraft:oak_door":4,"minecraft:brown_terracotta":35,"minecraft:copper_ingot":1,"minecraft:oak_fence":4,"minecraft:torch":6,"minecraft:acacia_log":3,"minecraft:spruce_fence":3,"minecraft:stone_button":3,"minecraft:carrot":52,"spartanshields:stone_basic_shield":2,"minecraft:stone_pressure_plate":1,"minecraft:arrow":12,"minecraft:rotten_flesh":11,"minecraft:peony":21,"minecraft:diamond_boots":1,"minecraft:hay_block":10,"minecraft:white_terracotta":15,"minecraft:cobblestone":173,"fight_or_die:springer_fragment":1,"minecraft:lilac":6,"minecraft:magenta_banner":1,"minecraft:potato":34,"minecraft:oak_log":84,"minecraft:chainmail_chestplate":1,"minecraft:yellow_bed":1,"minecraft:cobblestone_stairs":3,"minecraft:dirt":136,"minecraft:lantern":1,"minecraft:bone":9,"minecraft:acacia_planks":3,"minecraft:stone_bricks":5,"minecraft:bow":1,"minecraft:wheat_seeds":42,"minecraft:iron_ingot":1,"minecraft:gray_bed":1,"minecraft:oak_planks":12,"minecraft:book":27,"minecraft:scaffolding":1,"quark:white_shard":2,"minecraft:pumpkin":14,"minecraft:dandelion":1,"royalvariations:royal_bone":1,"minecraft:white_bed":6,"minecraft:grass_block":1,"minecraft:light_gray_terracotta":10,"minecraft:iron_helmet":1,"minecraft:emerald":1,"minecraft:hopper":2,"minecraft:netherrack":10,"minecraft:mangrove_propagule":1,"minecraft:coal":55},"minecraft:mined":{"minecraft:white_bed":5,"minecraft:oak_door":4,"minecraft:cobblestone_stairs":3,"minecraft:spruce_trapdoor":1,"minecraft:acacia_log":3,"minecraft:spruce_fence":3,"minecraft:grass_block":7,"minecraft:hopper":2,"minecraft:mangrove_propagule":1,"minecraft:hay_block":10,"minecraft:tall_seagrass":5,"minecraft:furnace":12,"minecraft:carrots":15,"minecraft:iron_ore":25,"minecraft:pumpkin":16,"minecraft:peony":5,"minecraft:bookshelf":9,"minecraft:potatoes":10,"minecraft:dirt_path":1,"minecraft:oak_stairs":1,"minecraft:stone":195,"minecraft:acacia_leaves":1,"minecraft:glass_pane":1,"minecraft:observer":2,"minecraft:oak_fence":4,"minecraft:crafting_table":4,"minecraft:light_gray_terracotta":9,"minecraft:torch":2,"minecraft:copper_ore":10,"minecraft:tall_grass":10,"minecraft:cobblestone":8,"minecraft:oak_planks":13,"minecraft:wall_torch":2,"minecraft:seagrass":1,"minecraft:white_terracotta":13,"minecraft:coarse_dirt":1,"minecraft:wheat":10,"minecraft:gray_bed":1,"minecraft:yellow_bed":1,"minecraft:grass":35,"minecraft:oak_log":87,"minecraft:coal_ore":36,"minecraft:beetroots":1,"minecraft:gravel":1,"minecraft:dirt":72,"minecraft:brown_terracotta":37,"minecraft:acacia_planks":2,"minecraft:stone_bricks":5,"quark:crimson_chest":1,"minecraft:netherrack":10,"minecraft:oak_leaves":1,"minecraft:infested_stone":3},"minecraft:dropped":{"minecraft:wheat_seeds":38,"minecraft:lilac":2,"minecraft:mangrove_propagule":1,"extraarmor:oak_wood_helmet":1,"minecraft:item_frame":2,"fight_or_die:springer_fragment":1,"minecraft:stone_button":2,"minecraft:wooden_axe":1,"minecraft:rose_bush":2,"minecraft:iron_leggings":2,"minecraft:iron_axe":4,"extraarmor:oak_wood_boots":1,"mvw:wooden_double_axe":1,"minecraft:dandelion":1,"spartanshields:stone_basic_shield":2,"minecraft:wheat":1,"mvw:stone_hammer":1,"minecraft:rotten_flesh":5,"minecraft:iron_boots":2,"minecraft:peony":18,"minecraft:iron_chestplate":1,"apotheosis:gem":8,"minecraft:ladder":4,"minecraft:stone_pickaxe":1,"minecraft:wooden_pickaxe":2,"extraarmor:bone_chestplate":1,"extraarmor:oak_wood_leggings":1,"extraarmor:oak_wood_chestplate":1},"minecraft:killed":{"fight_or_die:springer":1,"undead_revamp2:thesmoker":2,"minecraft:skeleton":2,"minecraft:silverfish":4,"minecraft:drowned":1,"undead_revamp2:therod":1,"minecraft:enderman":2},"minecraft:used":{"minecraft:iron_shovel":75,"minecraft:white_terracotta":15,"minecraft:oak_door":3,"minecraft:netherrack":2,"minecraft:torch":29,"minecraft:dirt":91,"minecraft:carrot":1,"minecraft:spruce_fence":3,"minecraft:brown_terracotta":12,"minecraft:wooden_axe":38,"minecraft:iron_axe":210,"minecraft:lantern":1,"minecraft:oak_stairs":1,"minecraft:iron_helmet":1,"royalvariations:royal_bone_meal":7,"minecraft:stone_bricks":2,"minecraft:furnace":3,"minecraft:gray_bed":1,"minecraft:stone_pressure_plate":1,"minecraft:water_bucket":12,"minecraft:cobblestone_stairs":74,"minecraft:stone_pickaxe":113,"minecraft:oak_planks":24,"minecraft:wooden_pickaxe":19,"minecraft:crafting_table":6,"minecraft:light_gray_terracotta":9,"minecraft:white_bed":5,"mvw:wooden_double_axe":27,"spartanshields:stone_basic_shield":17,"minecraft:bread":24,"minecraft:iron_pickaxe":240,"minecraft:stone_button":1,"minecraft:magenta_banner":1,"minecraft:cobblestone":16,"minecraft:bucket":13,"quark:oak_chest":4,"minecraft:yellow_bed":1,"minecraft:oak_boat":3,"minecraft:coarse_dirt":1}},"DataVersion":3465}