{"stats":{"minecraft:killed_by":{"minecraft:player":2},"minecraft:crafted":{"minecraft:oak_planks":100,"extraarmor:oak_wood_leggings":1,"minecraft:furnace":2,"minecraft:iron_boots":1,"extraarmor:oak_wood_chestplate":1,"minecraft:stone_pickaxe":1,"extraarmor:oak_wood_boots":1,"minecraft:wheat":90,"minecraft:crafting_table":2,"minecraft:wooden_pickaxe":2,"spartanshields:stone_basic_shield":1,"minecraft:bucket":1,"minecraft:bread":35,"minecraft:air":0,"minecraft:oak_boat":1,"minecraft:iron_chestplate":1,"minecraft:stick":24,"quark:oak_chest":4,"minecraft:iron_ingot":23,"minecraft:wooden_axe":2,"minecraft:iron_leggings":1,"mvw:stone_hammer":1,"spartanshields:wooden_basic_shield":1,"minecraft:acacia_planks":12,"minecraft:torch":20,"mvw:wooden_double_axe":1,"extraarmor:oak_wood_helmet":1},"minecraft:custom":{"minecraft:mob_kills":11,"minecraft:interact_with_crafting_table":22,"minecraft:damage_dealt_resisted":30,"minecraft:time_since_death":24876,"minecraft:climb_one_cm":4050,"minecraft:damage_resisted":0,"minecraft:sprint_one_cm":83296,"minecraft:walk_one_cm":245363,"minecraft:damage_blocked_by_shield":430,"minecraft:drop":33,"minecraft:talked_to_villager":1,"minecraft:play_time":64984,"minecraft:deaths":5,"minecraft:sneak_time":2993,"minecraft:walk_under_water_one_cm":27789,"minecraft:boat_one_cm":34713,"minecraft:jump":675,"minecraft:walk_on_water_one_cm":23430,"minecraft:total_world_time":64984,"minecraft:interact_with_furnace":10,"spartanshields:shield_bash_hits":1,"minecraft:sleep_in_bed":4,"minecraft:time_since_rest":9934,"minecraft:damage_taken":2663,"minecraft:damage_dealt":2386,"minecraft:swim_one_cm":32524,"minecraft:fly_one_cm":79190,"minecraft:player_kills":1,"minecraft:open_chest":6,"minecraft:crouch_one_cm":8455,"minecraft:fall_one_cm":10255},"minecraft:picked_up":{"quark:crimson_chest":1,"minecraft:crafting_table":3,"minecraft:iron_chestplate":1,"minecraft:wheat":15,"minecraft:ladder":4,"minecraft:wooden_pickaxe":1,"minecraft:oak_stairs":1,"minecraft:iron_axe":4,"minecraft:iron_leggings":1,"minecraft:item_frame":3,"minecraft:white_carpet":1,"minecraft:iron_shovel":1,"minecraft:oak_boat":1,"minecraft:rose_bush":10,"minecraft:observer":1,"minecraft:iron_pickaxe":1,"minecraft:spruce_trapdoor":1,"minecraft:iron_boots":1,"minecraft:furnace":11,"minecraft:raw_iron":23,"apotheosis:gem":9,"minecraft:oak_door":1,"minecraft:copper_ingot":1,"minecraft:oak_fence":4,"minecraft:torch":4,"minecraft:acacia_log":3,"minecraft:spruce_fence":3,"minecraft:stone_button":3,"minecraft:carrot":37,"spartanshields:stone_basic_shield":2,"minecraft:stone_pressure_plate":1,"minecraft:arrow":3,"minecraft:rotten_flesh":10,"minecraft:peony":21,"minecraft:diamond_boots":1,"minecraft:hay_block":10,"minecraft:cobblestone":52,"fight_or_die:springer_fragment":1,"minecraft:lilac":6,"minecraft:magenta_banner":1,"minecraft:potato":26,"minecraft:oak_log":84,"minecraft:chainmail_chestplate":1,"minecraft:yellow_bed":1,"minecraft:dirt":102,"minecraft:lantern":1,"minecraft:bone":1,"minecraft:stone_bricks":5,"minecraft:bow":1,"minecraft:wheat_seeds":38,"minecraft:iron_ingot":1,"minecraft:gray_bed":1,"minecraft:oak_planks":12,"minecraft:book":27,"minecraft:scaffolding":1,"quark:white_shard":2,"minecraft:white_bed":1,"minecraft:grass_block":1,"minecraft:iron_helmet":1,"minecraft:emerald":1,"minecraft:hopper":2,"minecraft:netherrack":10,"minecraft:mangrove_propagule":1,"minecraft:coal":52},"minecraft:mined":{"minecraft:white_bed":1,"minecraft:spruce_trapdoor":1,"minecraft:acacia_log":3,"minecraft:spruce_fence":3,"minecraft:grass_block":1,"minecraft:hopper":2,"minecraft:mangrove_propagule":1,"minecraft:hay_block":10,"minecraft:furnace":11,"minecraft:carrots":10,"minecraft:iron_ore":25,"minecraft:peony":5,"minecraft:bookshelf":9,"minecraft:potatoes":9,"minecraft:dirt_path":1,"minecraft:oak_stairs":1,"minecraft:stone":44,"minecraft:acacia_leaves":1,"minecraft:glass_pane":1,"minecraft:observer":2,"minecraft:oak_fence":4,"minecraft:crafting_table":3,"minecraft:torch":2,"minecraft:tall_grass":7,"minecraft:cobblestone":8,"minecraft:oak_planks":13,"minecraft:wheat":9,"minecraft:gray_bed":1,"minecraft:yellow_bed":1,"minecraft:grass":8,"minecraft:oak_log":87,"minecraft:coal_ore":36,"minecraft:dirt":66,"minecraft:stone_bricks":5,"quark:crimson_chest":1,"minecraft:netherrack":10,"minecraft:oak_leaves":1,"minecraft:infested_stone":3},"minecraft:dropped":{"minecraft:wheat_seeds":34,"minecraft:lilac":2,"minecraft:mangrove_propagule":1,"extraarmor:oak_wood_helmet":1,"minecraft:item_frame":2,"minecraft:stone_button":2,"minecraft:wooden_axe":1,"minecraft:rose_bush":2,"minecraft:iron_leggings":1,"minecraft:iron_axe":3,"extraarmor:oak_wood_boots":1,"mvw:wooden_double_axe":1,"spartanshields:stone_basic_shield":2,"mvw:stone_hammer":1,"minecraft:rotten_flesh":2,"minecraft:iron_boots":1,"minecraft:peony":9,"minecraft:iron_chestplate":1,"apotheosis:gem":7,"minecraft:stone_pickaxe":1,"minecraft:wooden_pickaxe":2,"extraarmor:oak_wood_leggings":1,"extraarmor:oak_wood_chestplate":1},"minecraft:killed":{"undead_revamp2:thesmoker":2,"minecraft:skeleton":1,"minecraft:silverfish":4,"minecraft:drowned":1,"undead_revamp2:therod":1,"minecraft:enderman":2},"minecraft:used":{"minecraft:iron_shovel":67,"minecraft:netherrack":2,"minecraft:torch":9,"minecraft:dirt":50,"minecraft:spruce_fence":3,"minecraft:wooden_axe":38,"minecraft:iron_axe":140,"minecraft:lantern":1,"minecraft:oak_stairs":1,"minecraft:iron_helmet":1,"minecraft:furnace":2,"minecraft:gray_bed":1,"minecraft:stone_pressure_plate":1,"minecraft:stone_pickaxe":113,"minecraft:oak_planks":21,"minecraft:wooden_pickaxe":19,"minecraft:crafting_table":3,"minecraft:white_bed":1,"mvw:wooden_double_axe":27,"spartanshields:stone_basic_shield":14,"minecraft:bread":19,"minecraft:iron_pickaxe":16,"minecraft:stone_button":1,"minecraft:magenta_banner":1,"minecraft:cobblestone":15,"minecraft:bucket":1,"quark:oak_chest":4,"minecraft:yellow_bed":1,"minecraft:oak_boat":1}},"DataVersion":3465}