{"stats":{"minecraft:killed_by":{"minecraft:player":2},"minecraft:crafted":{"minecraft:oak_planks":100,"extraarmor:oak_wood_leggings":1,"minecraft:crafting_table":2,"minecraft:wooden_pickaxe":2,"minecraft:furnace":2,"spartanshields:stone_basic_shield":1,"minecraft:bucket":1,"minecraft:bread":31,"minecraft:air":0,"minecraft:oak_boat":1,"minecraft:iron_boots":1,"minecraft:iron_chestplate":1,"extraarmor:oak_wood_chestplate":1,"minecraft:stick":24,"minecraft:iron_ingot":23,"minecraft:stone_pickaxe":1,"minecraft:wooden_axe":2,"minecraft:iron_leggings":1,"mvw:stone_hammer":1,"spartanshields:wooden_basic_shield":1,"extraarmor:oak_wood_boots":1,"minecraft:acacia_planks":12,"mvw:wooden_double_axe":1,"minecraft:wheat":90,"extraarmor:oak_wood_helmet":1},"minecraft:custom":{"minecraft:interact_with_furnace":8,"minecraft:mob_kills":9,"minecraft:interact_with_crafting_table":19,"minecraft:damage_dealt_resisted":0,"minecraft:time_since_death":6876,"minecraft:sleep_in_bed":3,"minecraft:climb_one_cm":4050,"minecraft:damage_resisted":0,"minecraft:time_since_rest":6898,"minecraft:sprint_one_cm":61180,"minecraft:damage_taken":2126,"minecraft:walk_one_cm":176710,"minecraft:drop":25,"minecraft:damage_dealt":1616,"minecraft:swim_one_cm":27405,"minecraft:fly_one_cm":58374,"minecraft:player_kills":1,"minecraft:open_chest":1,"minecraft:crouch_one_cm":5286,"minecraft:play_time":46984,"minecraft:deaths":5,"minecraft:sneak_time":1534,"minecraft:walk_under_water_one_cm":11677,"minecraft:boat_one_cm":34713,"minecraft:jump":456,"minecraft:walk_on_water_one_cm":16986,"minecraft:total_world_time":46984,"minecraft:fall_one_cm":7710},"minecraft:picked_up":{"quark:crimson_chest":1,"minecraft:iron_chestplate":1,"minecraft:crafting_table":2,"minecraft:wheat":15,"minecraft:lilac":5,"minecraft:wooden_pickaxe":1,"minecraft:potato":26,"minecraft:oak_log":65,"minecraft:dirt":12,"minecraft:lantern":1,"minecraft:iron_axe":4,"minecraft:iron_leggings":1,"minecraft:item_frame":1,"minecraft:iron_shovel":1,"minecraft:bone":1,"minecraft:stone_bricks":3,"minecraft:bow":1,"minecraft:wheat_seeds":33,"minecraft:iron_ingot":1,"minecraft:oak_boat":1,"minecraft:rose_bush":10,"minecraft:gray_bed":1,"minecraft:oak_planks":12,"minecraft:iron_boots":1,"minecraft:furnace":3,"minecraft:scaffolding":1,"minecraft:raw_iron":23,"apotheosis:gem":8,"quark:white_shard":2,"minecraft:oak_door":1,"minecraft:oak_fence":1,"minecraft:torch":1,"minecraft:acacia_log":3,"minecraft:spruce_fence":3,"minecraft:stone_button":1,"minecraft:white_bed":1,"minecraft:carrot":37,"spartanshields:stone_basic_shield":2,"minecraft:arrow":3,"minecraft:rotten_flesh":3,"minecraft:peony":3,"minecraft:iron_helmet":1,"minecraft:hay_block":10,"minecraft:netherrack":10,"minecraft:coal":52,"minecraft:mangrove_propagule":1,"minecraft:cobblestone":51},"minecraft:mined":{"minecraft:acacia_leaves":1,"minecraft:white_bed":1,"minecraft:glass_pane":1,"minecraft:oak_fence":1,"minecraft:crafting_table":2,"minecraft:torch":1,"minecraft:acacia_log":3,"minecraft:grass_block":1,"minecraft:spruce_fence":3,"minecraft:cobblestone":7,"minecraft:tall_grass":6,"minecraft:oak_planks":13,"minecraft:mangrove_propagule":1,"minecraft:hay_block":10,"minecraft:carrots":10,"minecraft:furnace":3,"minecraft:iron_ore":25,"minecraft:wheat":9,"minecraft:gray_bed":1,"minecraft:peony":1,"minecraft:potatoes":9,"minecraft:grass":4,"minecraft:coal_ore":36,"minecraft:oak_log":67,"minecraft:stone":44,"quark:crimson_chest":1,"minecraft:stone_bricks":3,"minecraft:netherrack":10,"minecraft:oak_leaves":1,"minecraft:infested_stone":3},"minecraft:dropped":{"minecraft:wheat_seeds":1,"spartanshields:stone_basic_shield":2,"minecraft:lilac":2,"mvw:stone_hammer":1,"minecraft:mangrove_propagule":1,"minecraft:iron_boots":1,"extraarmor:oak_wood_helmet":1,"minecraft:iron_chestplate":1,"minecraft:wooden_axe":1,"apotheosis:gem":7,"minecraft:iron_leggings":1,"minecraft:iron_axe":3,"extraarmor:oak_wood_boots":1,"minecraft:wooden_pickaxe":2,"mvw:wooden_double_axe":1,"extraarmor:oak_wood_chestplate":1,"extraarmor:oak_wood_leggings":1},"minecraft:killed":{"undead_revamp2:thesmoker":2,"minecraft:skeleton":1,"minecraft:silverfish":4,"minecraft:enderman":2},"minecraft:used":{"minecraft:stone_pickaxe":113,"minecraft:oak_planks":4,"minecraft:wooden_pickaxe":19,"minecraft:netherrack":2,"minecraft:crafting_table":2,"minecraft:white_bed":1,"minecraft:spruce_fence":3,"minecraft:wooden_axe":38,"mvw:wooden_double_axe":27,"minecraft:lantern":1,"minecraft:iron_axe":85,"minecraft:bread":8,"minecraft:stone_button":1,"minecraft:iron_helmet":1,"minecraft:cobblestone":14,"minecraft:furnace":2,"minecraft:gray_bed":1,"minecraft:bucket":1,"minecraft:oak_boat":1}},"DataVersion":3465}