{"stats":{"minecraft:used":{"minecraft:bread":15,"minecraft:stone_pickaxe":16,"minecraft:iron_boots":2,"extraarmor:rotten_flesh_helmet":1,"minecraft:torch":2,"minecraft:item_frame":1,"minecraft:stone_axe":26,"minecraft:iron_chestplate":1,"minecraft:cobblestone":2,"minecraft:gray_bed":1,"minecraft:iron_leggings":1},"minecraft:killed":{"minecraft:skeleton":1,"alexsmobs:gazelle":1,"alexsmobs:komodo_dragon":2,"alexsmobs:kangaroo":1},"minecraft:custom":{"minecraft:waystone_activated":3,"minecraft:time_since_rest":15655,"minecraft:sprint_one_cm":83225,"minecraft:damage_taken":1376,"minecraft:walk_one_cm":130375,"minecraft:trigger_trapped_chest":1,"minecraft:mob_kills":5,"minecraft:drop":4,"minecraft:damage_dealt":876,"minecraft:interact_with_crafting_table":5,"minecraft:talked_to_villager":1,"minecraft:fly_one_cm":79138,"minecraft:open_chest":14,"minecraft:crouch_one_cm":2600,"minecraft:play_time":28858,"minecraft:deaths":2,"minecraft:sneak_time":817,"minecraft:jump":283,"minecraft:leave_game":2,"minecraft:time_since_death":24892,"minecraft:total_world_time":28858,"minecraft:walk_on_water_one_cm":196,"minecraft:sleep_in_bed":3,"minecraft:climb_one_cm":220,"minecraft:damage_resisted":0,"minecraft:fall_one_cm":5914},"minecraft:crafted":{"minecraft:shield":1,"minecraft:stone_pickaxe":1,"extraarmor:rotten_flesh_helmet":2,"minecraft:stone_axe":1},"minecraft:picked_up":{"minecraft:stick":8,"minecraft:crafting_table":2,"minecraft:iron_chestplate":1,"apotheosis:gem":5,"minecraft:torch":2,"sophisticatedbackpacks:backpack":1,"minecraft:sand":46,"farmersdelight:tomato_seeds":2,"minecraft:oak_log":5,"minecraft:raw_copper":3,"minecraft:yellow_banner":1,"minecraft:iron_leggings":1,"minecraft:light_gray_terracotta":2,"minecraft:item_frame":1,"minecraft:bone":2,"minecraft:arrow":1,"minecraft:rotten_flesh":13,"minecraft:bread":27,"minecraft:white_terracotta":2,"minecraft:gray_bed":2,"minecraft:mutton":1,"minecraft:iron_boots":1,"minecraft:cobblestone":74},"minecraft:mined":{"minecraft:white_terracotta":2,"minecraft:coarse_dirt":1,"minecraft:yellow_wall_banner":1,"alexscaves:amber":1,"minecraft:red_bed":1,"minecraft:crafting_table":3,"minecraft:light_gray_terracotta":2,"minecraft:grass":1,"minecraft:oak_log":5,"minecraft:copper_ore":2,"farmersdelight:wild_tomatoes":2,"minecraft:stone":6,"minecraft:wall_torch":2},"minecraft:dropped":{"farmersdelight:tomato_seeds":2,"minecraft:gray_bed":1,"extraarmor:rotten_flesh_helmet":1}},"DataVersion":3465}