{"stats":{"minecraft:killed_by":{"minecraft:player":2},"minecraft:crafted":{"minecraft:oak_planks":100,"extraarmor:oak_wood_leggings":1,"minecraft:furnace":2,"minecraft:iron_boots":1,"extraarmor:oak_wood_chestplate":1,"minecraft:stone_pickaxe":1,"extraarmor:oak_wood_boots":1,"minecraft:wheat":90,"minecraft:crafting_table":2,"minecraft:wooden_pickaxe":2,"spartanshields:stone_basic_shield":1,"minecraft:bucket":1,"minecraft:bread":35,"minecraft:air":0,"minecraft:oak_boat":1,"minecraft:iron_chestplate":1,"minecraft:stick":24,"quark:oak_chest":4,"minecraft:iron_ingot":23,"minecraft:wooden_axe":2,"minecraft:iron_leggings":1,"mvw:stone_hammer":1,"spartanshields:wooden_basic_shield":1,"minecraft:acacia_planks":12,"minecraft:torch":20,"mvw:wooden_double_axe":1,"extraarmor:oak_wood_helmet":1},"minecraft:custom":{"minecraft:mob_kills":11,"minecraft:interact_with_crafting_table":22,"minecraft:damage_dealt_resisted":30,"minecraft:time_since_death":18876,"minecraft:climb_one_cm":4050,"minecraft:damage_resisted":0,"minecraft:sprint_one_cm":64341,"minecraft:walk_one_cm":215595,"minecraft:damage_blocked_by_shield":250,"minecraft:drop":32,"minecraft:talked_to_villager":1,"minecraft:play_time":58984,"minecraft:deaths":5,"minecraft:sneak_time":2624,"minecraft:walk_under_water_one_cm":17991,"minecraft:boat_one_cm":34713,"minecraft:jump":542,"minecraft:walk_on_water_one_cm":18333,"minecraft:total_world_time":58984,"minecraft:interact_with_furnace":9,"minecraft:sleep_in_bed":4,"minecraft:time_since_rest":3934,"minecraft:damage_taken":2431,"minecraft:damage_dealt":2153,"minecraft:swim_one_cm":29699,"minecraft:fly_one_cm":62062,"minecraft:player_kills":1,"minecraft:open_chest":5,"minecraft:crouch_one_cm":7603,"minecraft:fall_one_cm":8583},"minecraft:picked_up":{"quark:crimson_chest":1,"minecraft:crafting_table":2,"minecraft:iron_chestplate":1,"minecraft:wheat":15,"minecraft:wooden_pickaxe":1,"minecraft:oak_stairs":1,"minecraft:iron_axe":4,"minecraft:iron_leggings":1,"minecraft:item_frame":3,"minecraft:white_carpet":1,"minecraft:iron_shovel":1,"minecraft:oak_boat":1,"minecraft:rose_bush":10,"minecraft:iron_pickaxe":1,"minecraft:spruce_trapdoor":1,"minecraft:iron_boots":1,"minecraft:furnace":4,"minecraft:raw_iron":23,"apotheosis:gem":9,"minecraft:oak_door":1,"minecraft:copper_ingot":1,"minecraft:oak_fence":4,"minecraft:torch":4,"minecraft:acacia_log":3,"minecraft:spruce_fence":3,"minecraft:stone_button":3,"minecraft:carrot":37,"spartanshields:stone_basic_shield":2,"minecraft:stone_pressure_plate":1,"minecraft:arrow":3,"minecraft:rotten_flesh":6,"minecraft:peony":12,"minecraft:hay_block":10,"minecraft:cobblestone":52,"minecraft:lilac":5,"minecraft:magenta_banner":1,"minecraft:potato":26,"minecraft:oak_log":82,"minecraft:chainmail_chestplate":1,"minecraft:yellow_bed":1,"minecraft:dirt":76,"minecraft:lantern":1,"minecraft:bone":1,"minecraft:stone_bricks":3,"minecraft:bow":1,"minecraft:wheat_seeds":34,"minecraft:iron_ingot":1,"minecraft:gray_bed":1,"minecraft:oak_planks":12,"minecraft:book":27,"minecraft:scaffolding":1,"quark:white_shard":2,"minecraft:white_bed":1,"minecraft:iron_helmet":1,"minecraft:emerald":1,"minecraft:netherrack":10,"minecraft:mangrove_propagule":1,"minecraft:coal":52},"minecraft:mined":{"minecraft:white_bed":1,"minecraft:spruce_trapdoor":1,"minecraft:acacia_log":3,"minecraft:spruce_fence":3,"minecraft:grass_block":1,"minecraft:mangrove_propagule":1,"minecraft:hay_block":10,"minecraft:furnace":4,"minecraft:carrots":10,"minecraft:iron_ore":25,"minecraft:peony":3,"minecraft:bookshelf":9,"minecraft:potatoes":9,"minecraft:dirt_path":1,"minecraft:oak_stairs":1,"minecraft:stone":44,"minecraft:acacia_leaves":1,"minecraft:glass_pane":1,"minecraft:oak_fence":4,"minecraft:crafting_table":2,"minecraft:torch":2,"minecraft:tall_grass":6,"minecraft:cobblestone":8,"minecraft:oak_planks":13,"minecraft:wheat":9,"minecraft:gray_bed":1,"minecraft:yellow_bed":1,"minecraft:grass":4,"minecraft:oak_log":85,"minecraft:coal_ore":36,"minecraft:dirt":63,"minecraft:stone_bricks":3,"quark:crimson_chest":1,"minecraft:netherrack":10,"minecraft:oak_leaves":1,"minecraft:infested_stone":3},"minecraft:dropped":{"minecraft:wheat_seeds":34,"minecraft:lilac":2,"minecraft:mangrove_propagule":1,"extraarmor:oak_wood_helmet":1,"minecraft:item_frame":2,"minecraft:stone_button":2,"minecraft:wooden_axe":1,"minecraft:rose_bush":2,"minecraft:iron_leggings":1,"minecraft:iron_axe":3,"extraarmor:oak_wood_boots":1,"mvw:wooden_double_axe":1,"spartanshields:stone_basic_shield":2,"mvw:stone_hammer":1,"minecraft:iron_boots":1,"minecraft:peony":9,"minecraft:iron_chestplate":1,"apotheosis:gem":7,"minecraft:stone_pickaxe":1,"minecraft:wooden_pickaxe":2,"extraarmor:oak_wood_leggings":1,"extraarmor:oak_wood_chestplate":1},"minecraft:killed":{"undead_revamp2:thesmoker":2,"minecraft:skeleton":1,"minecraft:silverfish":4,"minecraft:drowned":1,"undead_revamp2:therod":1,"minecraft:enderman":2},"minecraft:used":{"minecraft:iron_shovel":64,"minecraft:netherrack":2,"minecraft:torch":4,"minecraft:dirt":20,"minecraft:spruce_fence":3,"minecraft:wooden_axe":38,"minecraft:iron_axe":129,"minecraft:lantern":1,"minecraft:oak_stairs":1,"minecraft:iron_helmet":1,"minecraft:furnace":2,"minecraft:gray_bed":1,"minecraft:stone_pressure_plate":1,"minecraft:stone_pickaxe":113,"minecraft:oak_planks":7,"minecraft:wooden_pickaxe":19,"minecraft:crafting_table":3,"minecraft:white_bed":1,"mvw:wooden_double_axe":27,"spartanshields:stone_basic_shield":6,"minecraft:bread":14,"minecraft:iron_pickaxe":2,"minecraft:stone_button":1,"minecraft:magenta_banner":1,"minecraft:cobblestone":15,"minecraft:bucket":1,"quark:oak_chest":2,"minecraft:yellow_bed":1,"minecraft:oak_boat":1}},"DataVersion":3465}