{"stats":{"minecraft:used":{"minecraft:bread":3,"minecraft:stone_pickaxe":12,"minecraft:iron_boots":1,"extraarmor:rotten_flesh_helmet":1,"minecraft:iron_chestplate":1,"minecraft:torch":2,"minecraft:gray_bed":1,"minecraft:iron_leggings":1},"minecraft:crafted":{"minecraft:stone_pickaxe":1,"extraarmor:rotten_flesh_helmet":2,"minecraft:stone_axe":1},"minecraft:mined":{"minecraft:white_terracotta":2,"minecraft:light_gray_terracotta":2,"minecraft:stone":6,"minecraft:wall_torch":2},"minecraft:dropped":{"minecraft:gray_bed":1,"extraarmor:rotten_flesh_helmet":1},"minecraft:picked_up":{"minecraft:stick":8,"minecraft:iron_chestplate":1,"minecraft:torch":2,"sophisticatedbackpacks:backpack":1,"minecraft:sand":46,"minecraft:iron_leggings":1,"minecraft:light_gray_terracotta":2,"minecraft:rotten_flesh":13,"minecraft:bread":27,"minecraft:white_terracotta":2,"minecraft:gray_bed":2,"minecraft:cobblestone":74,"minecraft:iron_boots":1},"minecraft:custom":{"minecraft:time_since_rest":2833,"minecraft:waystone_activated":2,"minecraft:sprint_one_cm":12186,"minecraft:damage_taken":771,"minecraft:walk_one_cm":72729,"minecraft:drop":2,"minecraft:damage_dealt":17,"minecraft:interact_with_crafting_table":5,"minecraft:fly_one_cm":6361,"minecraft:open_chest":6,"minecraft:crouch_one_cm":2059,"minecraft:play_time":16036,"minecraft:deaths":2,"minecraft:sneak_time":594,"minecraft:jump":40,"minecraft:leave_game":1,"minecraft:time_since_death":12070,"minecraft:sleep_in_bed":3,"minecraft:total_world_time":16036,"minecraft:fall_one_cm":627}},"DataVersion":3465}