{"stats":{"minecraft:custom":{"minecraft:jump":22,"minecraft:time_since_rest":1187,"minecraft:leave_game":1,"minecraft:walk_on_water_one_cm":1102,"minecraft:play_time":1187,"minecraft:sprint_one_cm":1537,"minecraft:time_since_death":1187,"minecraft:walk_one_cm":3568,"minecraft:sneak_time":5,"minecraft:total_world_time":1187,"minecraft:climb_one_cm":854,"minecraft:walk_under_water_one_cm":387,"minecraft:swim_one_cm":5291,"minecraft:fall_one_cm":269,"minecraft:drop":1,"minecraft:fly_one_cm":1142},"minecraft:dropped":{"alexsmobs:animal_dictionary":1},"minecraft:used":{"alexsmobs:animal_dictionary":1}},"DataVersion":3465}