{"stats":{"minecraft:killed":{"fight_or_die:springer":1,"minecraft:spider":7,"royalvariations:royal_skeleton":1,"minecraft:skeleton":16,"fight_or_die:mutated_sheep":1,"undead_revamp2:sucker":1,"minecraft:salmon":2,"minecraft:rabbit":4,"undead_revamp2:the_moonflower":6,"alexsmobs:seal":2,"minecraft:creeper":2,"royalvariations:royal_zombie":2,"minecraft:trader_llama":2,"minecraft:zombie":8},"minecraft:mined":{"minecraft:spruce_planks":19,"minecraft:granite":10,"minecraft:dark_oak_fence":1,"minecraft:acacia_log":109,"minecraft:grass_block":28,"minecraft:decorated_pot":2,"minecraft:spruce_leaves":12,"minecraft:spawner":4,"minecraft:furnace":3,"minecraft:iron_ore":114,"minecraft:acacia_wood":2,"minecraft:stone":538,"minecraft:acacia_leaves":26,"minecraft:polished_granite":3,"minecraft:crafting_table":3,"minecraft:clay":20,"minecraft:torch":1,"minecraft:copper_ore":18,"minecraft:cobblestone":13,"minecraft:lapis_ore":6,"minecraft:sugar_cane":3,"minecraft:wall_torch":6,"farmersdelight:wild_beetroots":1,"minecraft:spruce_log":14,"minecraft:birch_leaves":4,"minecraft:yellow_bed":2,"minecraft:grass":20,"minecraft:coal_ore":122,"minecraft:gravel":96,"minecraft:dirt":9,"minecraft:terracotta":3},"minecraft:broken":{"minecraft:iron_pickaxe":2,"minecraft:wooden_axe":1},"minecraft:killed_by":{"minecraft:player":1},"minecraft:custom":{"minecraft:interact_with_smithing_table":3,"minecraft:mob_kills":56,"minecraft:interact_with_crafting_table":34,"minecraft:open_barrel":14,"minecraft:damage_dealt_resisted":47,"minecraft:leave_game":3,"minecraft:time_since_death":50209,"minecraft:climb_one_cm":9796,"minecraft:damage_resisted":0,"minecraft:sprint_one_cm":313575,"minecraft:walk_one_cm":522768,"minecraft:damage_blocked_by_shield":1305,"minecraft:drop":8,"minecraft:talked_to_villager":2,"minecraft:play_time":157928,"minecraft:deaths":7,"minecraft:sneak_time":7444,"minecraft:walk_under_water_one_cm":8406,"minecraft:jump":1786,"minecraft:walk_on_water_one_cm":3382,"minecraft:total_world_time":157928,"minecraft:interact_with_furnace":145,"spartanshields:shield_bash_hits":2,"minecraft:traded_with_villager":7,"minecraft:sleep_in_bed":1,"minecraft:time_since_rest":50233,"minecraft:damage_taken":4047,"minecraft:damage_absorbed":40,"minecraft:damage_dealt":3822,"minecraft:player_kills":4,"minecraft:swim_one_cm":91684,"minecraft:fly_one_cm":284310,"minecraft:open_chest":61,"minecraft:crouch_one_cm":16457,"minecraft:fall_one_cm":25808},"minecraft:picked_up":{"minecraft:wooden_axe":1,"minecraft:crafting_table":3,"minecraft:clay_ball":80,"minecraft:turtle_helmet":1,"minecraft:lead":2,"minecraft:wooden_pickaxe":1,"minecraft:string":5,"minecraft:raw_copper":65,"tacz:ammo":315,"minecraft:gold_nugget":17,"minecraft:spruce_planks":17,"minecraft:iron_pickaxe":1,"minecraft:sugar_cane":6,"minecraft:furnace":3,"minecraft:raw_iron":114,"minecraft:stick":3,"apotheosis:gem":39,"minecraft:torch":16,"minecraft:acacia_log":108,"minecraft:spruce_stairs":2,"minecraft:carrot":71,"minecraft:rabbit_foot":2,"minecraft:arrow":22,"minecraft:rotten_flesh":22,"minecraft:beetroot_seeds":1,"minecraft:gold_ingot":5,"undead_revamp2:arapholia":3,"minecraft:cobblestone":610,"minecraft:salmon":2,"minecraft:acacia_wood":2,"minecraft:flint":10,"minecraft:yellow_bed":3,"minecraft:gunpowder":1,"minecraft:lapis_lazuli":37,"minecraft:dirt":60,"minecraft:polished_granite":3,"minecraft:bone":21,"undead_revamp2:blacpetalblock":1,"minecraft:bow":1,"minecraft:wheat_seeds":2,"minecraft:rabbit_hide":2,"minecraft:iron_ingot":3,"minecraft:rabbit":4,"minecraft:glass_bottle":8,"minecraft:stone_hoe":1,"minecraft:acacia_sapling":2,"royalvariations:royal_bone":1,"minecraft:gravel":88,"minecraft:spruce_sapling":2,"minecraft:spruce_log":10,"minecraft:spectral_arrow":2,"minecraft:spider_eye":2,"minecraft:brewer_pottery_sherd":3,"minecraft:diamond":1,"minecraft:angler_pottery_sherd":4,"tacz:modern_kinetic_gun":1,"minecraft:iron_helmet":1,"minecraft:granite":10,"minecraft:bread":16,"minecraft:terracotta":4,"minecraft:dark_oak_fence":1,"minecraft:bricks":4,"minecraft:coal":177},"minecraft:used":{"minecraft:beetroot":1,"minecraft:stone_sword":14,"tacz:gun_smith_table":1,"minecraft:spruce_planks":37,"minecraft:iron_sword":64,"minecraft:stone_hoe":21,"minecraft:rotten_flesh":1,"minecraft:cooked_salmon":4,"minecraft:torch":43,"minecraft:dirt":28,"minecraft:carrot":26,"minecraft:wooden_axe":77,"minecraft:bricks":1,"minecraft:iron_axe":145,"minecraft:iron_helmet":1,"minecraft:golden_carrot":5,"minecraft:furnace":9,"minecraft:water_bucket":1,"minecraft:stone_pickaxe":70,"minecraft:wooden_pickaxe":12,"spartanshields:iron_tower_shield":29,"minecraft:golden_apple":1,"minecraft:terracotta":1,"minecraft:crafting_table":5,"quark:acacia_chest":1,"minecraft:cod":5,"minecraft:diamond_shovel":119,"minecraft:bread":16,"minecraft:iron_pickaxe":773,"minecraft:spruce_sapling":8,"minecraft:stone_axe":14,"minecraft:cobblestone":75,"minecraft:cooked_rabbit":4,"minecraft:bucket":2,"minecraft:yellow_bed":3,"alexsmobs:animal_dictionary":1,"minecraft:bone_meal":63,"minecraft:experience_bottle":5},"minecraft:dropped":{"minecraft:iron_ingot":37,"minecraft:coal":14,"minecraft:dirt":11,"alexsmobs:animal_dictionary":1,"minecraft:diamond_shovel":1},"minecraft:crafted":{"spartanshields:wooden_tower_shield":1,"minecraft:furnace":6,"minecraft:bone_meal":63,"minecraft:diamond_shovel":1,"quark:acacia_chest":1,"minecraft:iron_boots":1,"minecraft:iron_axe":1,"minecraft:stone_pickaxe":1,"minecraft:cooked_rabbit":4,"minecraft:sugar":31,"minecraft:crafting_table":3,"minecraft:spruce_planks":40,"spartanshields:iron_tower_shield":1,"minecraft:iron_helmet":1,"minecraft:iron_sword":1,"tacz:gun_smith_table":1,"minecraft:cooked_salmon":4,"minecraft:wheat_seeds":7,"minecraft:copper_ingot":127,"minecraft:bucket":1,"minecraft:stone_axe":1,"minecraft:air":0,"minecraft:iron_chestplate":1,"minecraft:charcoal":69,"minecraft:stick":28,"minecraft:gunpowder":18,"minecraft:iron_ingot":97,"minecraft:iron_pickaxe":3,"minecraft:wooden_axe":1,"minecraft:stone_sword":1,"minecraft:iron_block":1,"minecraft:iron_leggings":1,"minecraft:acacia_planks":24,"minecraft:torch":40}},"DataVersion":3465}