{"stats":{"minecraft:mined":{"minecraft:crafting_table":1},"minecraft:picked_up":{"minecraft:crafting_table":1},"minecraft:custom":{"minecraft:time_since_rest":4110,"minecraft:open_chest":4,"minecraft:sprint_one_cm":4047,"minecraft:play_time":4110,"minecraft:damage_taken":194,"minecraft:walk_one_cm":12672,"minecraft:sneak_time":5,"minecraft:walk_under_water_one_cm":1109,"minecraft:drop":1,"minecraft:jump":46,"minecraft:walk_on_water_one_cm":1102,"minecraft:leave_game":1,"minecraft:time_since_death":4110,"minecraft:climb_one_cm":854,"minecraft:total_world_time":4110,"minecraft:swim_one_cm":5291,"minecraft:interact_with_crafting_table":1,"minecraft:fall_one_cm":1025,"minecraft:fly_one_cm":2580},"minecraft:used":{"minecraft:stone_axe":1,"alexsmobs:animal_dictionary":1},"minecraft:dropped":{"alexsmobs:animal_dictionary":1},"minecraft:crafted":{"minecraft:stone_sword":1,"minecraft:stone_axe":1,"minecraft:stick":8,"minecraft:stone_pickaxe":1}},"DataVersion":3465}