{"stats":{"minecraft:used":{"minecraft:sand":4,"alexsmobs:animal_dictionary":1},"minecraft:killed":{"minecraft:spider":1},"minecraft:custom":{"minecraft:time_since_rest":6252,"minecraft:sprint_one_cm":39004,"minecraft:play_time":26809,"minecraft:deaths":1,"minecraft:damage_taken":248,"minecraft:walk_one_cm":16950,"minecraft:sneak_time":71,"minecraft:walk_under_water_one_cm":2271,"minecraft:mob_kills":1,"minecraft:drop":1,"minecraft:damage_dealt_resisted":0,"minecraft:jump":207,"minecraft:damage_dealt":168,"minecraft:leave_game":2,"minecraft:walk_on_water_one_cm":2496,"minecraft:time_since_death":6160,"minecraft:total_world_time":26809,"minecraft:swim_one_cm":1132,"minecraft:fall_one_cm":5173,"minecraft:fly_one_cm":41932},"minecraft:picked_up":{"minecraft:stick":4,"minecraft:rotten_flesh":1,"minecraft:sand":5,"minecraft:string":1},"minecraft:mined":{"minecraft:dead_bush":4,"minecraft:sand":4},"minecraft:dropped":{"minecraft:sand":1}},"DataVersion":3465}