{"stats":{"minecraft:custom":{"minecraft:jump":106,"minecraft:time_since_rest":4073,"minecraft:walk_on_water_one_cm":1095,"minecraft:sprint_one_cm":23272,"minecraft:play_time":4073,"minecraft:damage_taken":50,"minecraft:time_since_death":4073,"minecraft:walk_one_cm":7344,"minecraft:total_world_time":4073,"minecraft:walk_under_water_one_cm":950,"minecraft:swim_one_cm":1132,"minecraft:fall_one_cm":3710,"minecraft:fly_one_cm":25408},"minecraft:used":{"alexsmobs:animal_dictionary":1}},"DataVersion":3465}