{"stats":{"minecraft:used":{"minecraft:azalea":1,"quark:jungle_chest":1,"minecraft:shield":2,"minecraft:white_terracotta":35,"minecraft:iron_sword":286,"minecraft:torch":26,"minecraft:dirt":2,"alexsmobs:cooked_kangaroo_meat":8,"minecraft:acacia_sapling":1,"minecraft:brown_terracotta":4,"minecraft:flowering_azalea":1,"minecraft:iron_axe":1,"minecraft:acacia_planks":14,"minecraft:stone_pickaxe":132,"minecraft:oak_planks":1,"minecraft:sandstone":6,"minecraft:sand":13,"minecraft:crafting_table":1,"minecraft:light_gray_terracotta":33,"minecraft:birch_slab":1,"minecraft:bread":80,"minecraft:cyan_bed":3,"minecraft:iron_pickaxe":207,"mvw:stone_dagger":1,"minecraft:stone_axe":61,"minecraft:cobblestone":22,"minecraft:cooked_porkchop":3,"minecraft:sandstone_slab":2,"quark:oak_chest":2,"alexsmobs:animal_dictionary":1,"minecraft:smooth_stone":9},"minecraft:crafted":{"minecraft:oak_planks":72,"quark:jungle_chest":1,"minecraft:bone_meal":3,"minecraft:stone_pickaxe":1,"alexsmobs:boiled_emu_egg":2,"minecraft:stone_axe":1,"quark:oak_chest":2,"minecraft:stick":4,"minecraft:acacia_planks":24,"minecraft:torch":16},"minecraft:killed":{"fight_or_die:springer":10,"minecraft:spider":5,"undead_revamp2:thesmoker":2,"undead_revamp2:theswarmer":2,"minecraft:skeleton":2,"fight_or_die:mutated_human":4,"fight_or_die:shiller":5,"minecraft:chicken":2,"undead_revamp2:thebidy":1,"undead_revamp2:therod":1,"minecraft:drowned":1,"undead_revamp2:thepregnant":1,"undead_revamp2:sucker":3,"alexsmobs:kangaroo":8,"minecraft:husk":4,"minecraft:pig":3,"minecraft:zombie_villager":1,"undead_revamp2:the_moonflower":1,"minecraft:creeper":3,"alexsmobs:emu":1,"fight_or_die:mutated_villager":2,"undead_revamp2:thesomnolence":3,"minecraft:zombie":19,"alexsmobs:fly":1,"alexsmobs:komodo_dragon":2,"minecraft:enderman":1,"minecraft:cow":2},"minecraft:mined":{"minecraft:acacia_log":30,"minecraft:grass_block":2,"quark:acacia_chest":1,"minecraft:sandstone":3,"minecraft:tall_seagrass":1,"minecraft:hay_block":62,"minecraft:smooth_stone":1,"fight_or_die:blood_splash1":4,"minecraft:iron_ore":2,"minecraft:bookshelf":3,"minecraft:vine":1,"minecraft:azalea":1,"minecraft:stone":210,"minecraft:oak_slab":1,"minecraft:acacia_leaves":1,"minecraft:scaffolding":1,"minecraft:crafting_table":1,"minecraft:light_gray_terracotta":20,"minecraft:dead_bush":13,"minecraft:tall_grass":2,"minecraft:copper_ore":20,"minecraft:cyan_bed":3,"minecraft:oak_planks":2,"minecraft:wall_torch":3,"minecraft:seagrass":1,"minecraft:white_terracotta":42,"fight_or_die:blood_splash2":5,"minecraft:stripped_oak_wood":16,"minecraft:tnt":3,"minecraft:grass":15,"minecraft:oak_log":6,"minecraft:coal_ore":31,"minecraft:sand":12,"minecraft:dirt":1,"minecraft:brown_terracotta":4,"minecraft:acacia_planks":1,"minecraft:small_dripleaf":1},"minecraft:dropped":{"minecraft:bread":47,"minecraft:iron_sword":1,"minecraft:wheat_seeds":2,"minecraft:crossbow":1,"minecraft:feather":2,"alexsmobs:boiled_emu_egg":2,"mvw:stone_dagger":1,"minecraft:leather":5,"minecraft:acacia_log":24,"minecraft:iron_leggings":1,"minecraft:brown_terracotta":1,"minecraft:sand":1,"minecraft:string":2,"minecraft:cooked_chicken":2,"alexsmobs:cooked_kangaroo_meat":1,"alexsmobs:kangaroo_hide":4,"minecraft:iron_chestplate":1,"apotheosis:gem":1},"minecraft:picked_up":{"minecraft:crafting_table":1,"minecraft:iron_chestplate":1,"minecraft:sandstone_slab":2,"minecraft:clay_ball":3,"minecraft:enchanted_book":1,"minecraft:shield":2,"minecraft:oak_trapdoor":1,"minecraft:string":7,"minecraft:raw_copper":73,"minecraft:iron_leggings":1,"minecraft:iron_shovel":1,"minecraft:smooth_stone":13,"mvw:stone_dagger":1,"minecraft:azalea":2,"minecraft:spruce_trapdoor":4,"minecraft:iron_boots":1,"minecraft:egg":2,"fight_or_die:ripping_flesh":4,"minecraft:stick":15,"minecraft:raw_iron":2,"minecraft:sandstone":63,"apotheosis:gem":18,"fight_or_die:rotten_brain":1,"minecraft:copper_ingot":2,"minecraft:brown_terracotta":10,"minecraft:torch":14,"minecraft:acacia_log":30,"sophisticatedbackpacks:backpack":1,"minecraft:tnt":1,"minecraft:rotten_flesh":49,"minecraft:arrow":24,"quark:acacia_chest":1,"minecraft:hay_block":62,"alexsmobs:emu_egg":2,"undead_revamp2:the_somnolenceextract":1,"minecraft:gold_ingot":1,"minecraft:white_terracotta":50,"minecraft:cobblestone":242,"minecraft:feather":2,"minecraft:cooked_beef":3,"minecraft:golden_carrot":1,"minecraft:birch_slab":1,"minecraft:jungle_log":6,"minecraft:cut_sandstone":2,"minecraft:leather":3,"waystones:sandy_waystone":1,"minecraft:oak_log":6,"alexsmobs:cooked_kangaroo_meat":15,"artifacts:flame_pendant":1,"minecraft:gunpowder":2,"minecraft:dirt":24,"minecraft:bone":11,"minecraft:bow":2,"minecraft:wheat_seeds":7,"minecraft:cooked_chicken":2,"minecraft:stripped_oak_wood":16,"minecraft:acacia_sapling":5,"minecraft:iron_sword":1,"minecraft:flowering_azalea":1,"minecraft:oak_planks":1,"minecraft:oak_slab":1,"minecraft:book":18,"minecraft:scaffolding":1,"minecraft:cooked_porkchop":7,"minecraft:sand":36,"minecraft:cyan_bed":3,"minecraft:chiseled_sandstone":2,"fight_or_die:sickened_heart":1,"minecraft:spider_eye":2,"quark:jasper":3,"minecraft:light_gray_terracotta":36,"alexsmobs:kangaroo_hide":4,"minecraft:crossbow":1,"minecraft:bread":40,"alexsmobs:maggot":1,"minecraft:coal":29,"minecraft:ender_pearl":2},"minecraft:custom":{"minecraft:mob_kills":95,"minecraft:interact_with_crafting_table":13,"minecraft:damage_dealt_resisted":769,"minecraft:leave_game":7,"minecraft:time_since_death":138014,"minecraft:climb_one_cm":8242,"minecraft:damage_resisted":295,"minecraft:sprint_one_cm":538546,"minecraft:walk_one_cm":1041068,"minecraft:damage_blocked_by_shield":510,"minecraft:drop":24,"minecraft:talked_to_villager":8,"minecraft:play_time":224050,"minecraft:deaths":6,"minecraft:sneak_time":3729,"minecraft:walk_under_water_one_cm":34190,"minecraft:jump":2944,"minecraft:walk_on_water_one_cm":57990,"minecraft:total_world_time":224050,"minecraft:interact_with_furnace":9,"minecraft:sleep_in_bed":3,"minecraft:time_since_rest":16664,"minecraft:waystone_activated":3,"minecraft:damage_taken":6089,"minecraft:damage_absorbed":54,"minecraft:trigger_trapped_chest":4,"minecraft:damage_dealt":16341,"minecraft:swim_one_cm":10485,"minecraft:fly_one_cm":478575,"minecraft:player_kills":1,"minecraft:open_chest":222,"minecraft:crouch_one_cm":18847,"minecraft:interact_with_smoker":1,"minecraft:fall_one_cm":43493},"minecraft:broken":{"minecraft:stone_pickaxe":1,"minecraft:iron_sword":1}},"DataVersion":3465}