{"stats":{"minecraft:custom":{"minecraft:time_since_rest":23047,"minecraft:sprint_one_cm":9320,"minecraft:damage_taken":729,"minecraft:walk_one_cm":55335,"minecraft:mob_kills":6,"minecraft:damage_dealt":738,"minecraft:swim_one_cm":12044,"minecraft:talked_to_villager":1,"minecraft:fly_one_cm":6418,"minecraft:crouch_one_cm":232,"minecraft:play_time":23047,"minecraft:sneak_time":75,"minecraft:walk_under_water_one_cm":3113,"minecraft:jump":399,"minecraft:damage_dealt_resisted":0,"minecraft:walk_on_water_one_cm":17031,"minecraft:time_since_death":23047,"minecraft:climb_one_cm":281,"minecraft:total_world_time":23047,"minecraft:damage_resisted":0,"minecraft:fall_one_cm":2552},"minecraft:picked_up":{"minecraft:wooden_axe":1,"fight_or_die:ripping_flesh":1,"minecraft:scaffolding":1,"minecraft:chainmail_boots":1,"minecraft:lilac":3,"minecraft:wheat":1,"minecraft:cooked_beef":1,"minecraft:spruce_fence":1,"minecraft:enchanted_book":1,"minecraft:oak_log":3,"minecraft:dirt":17,"minecraft:map":1,"minecraft:spider_eye":2,"minecraft:string":3,"minecraft:lantern":1,"minecraft:white_banner":1,"minecraft:item_frame":2,"minecraft:bone":1,"minecraft:arrow":1,"minecraft:apple":1,"minecraft:bow":1,"minecraft:peony":3,"minecraft:wheat_seeds":5,"minecraft:chainmail_leggings":1,"minecraft:cooked_chicken":1,"minecraft:bread":7,"minecraft:rabbit":1,"minecraft:oak_planks":3},"minecraft:mined":{"fight_or_die:blood_splash2":1,"minecraft:grass":6,"minecraft:spruce_fence":1,"minecraft:oak_log":1},"minecraft:killed":{"fight_or_die:mutated_villager":1,"minecraft:skeleton":1,"fight_or_die:mutated_player":1,"minecraft:spider":1},"minecraft:used":{"minecraft:oak_log":1,"minecraft:apple":1,"minecraft:bread":7,"minecraft:cooked_chicken":1,"minecraft:dirt":4,"minecraft:cooked_porkchop":3,"alexsmobs:animal_dictionary":2,"minecraft:cooked_beef":1,"minecraft:spruce_fence":1,"minecraft:wooden_axe":2}},"DataVersion":3465}