{"stats":{"minecraft:custom":{"minecraft:open_chest":33,"minecraft:time_since_rest":10257,"minecraft:waystone_activated":1,"minecraft:crouch_one_cm":78,"minecraft:sprint_one_cm":152646,"minecraft:play_time":47269,"minecraft:damage_taken":1303,"minecraft:deaths":5,"minecraft:walk_one_cm":77597,"minecraft:sneak_time":97,"minecraft:walk_under_water_one_cm":5424,"minecraft:mob_kills":2,"minecraft:drop":1,"minecraft:damage_dealt_resisted":0,"minecraft:jump":567,"minecraft:damage_dealt":255,"minecraft:leave_game":2,"minecraft:walk_on_water_one_cm":18031,"minecraft:time_since_death":8296,"minecraft:climb_one_cm":656,"minecraft:total_world_time":47269,"minecraft:swim_one_cm":10485,"minecraft:talked_to_villager":4,"minecraft:fall_one_cm":14368,"minecraft:fly_one_cm":130565},"minecraft:killed":{"minecraft:spider":1,"minecraft:zombie_villager":1},"minecraft:mined":{"minecraft:dead_bush":11,"minecraft:sand":12},"minecraft:dropped":{"minecraft:sand":1},"minecraft:used":{"minecraft:sand":5,"minecraft:bread":3,"alexsmobs:animal_dictionary":1},"minecraft:picked_up":{"minecraft:stick":11,"minecraft:rotten_flesh":2,"minecraft:smooth_stone":4,"minecraft:sand":12,"minecraft:string":1}},"DataVersion":3465}