{"stats":{"minecraft:custom":{"minecraft:interact_with_furnace":3,"minecraft:mob_kills":43,"minecraft:interact_with_crafting_table":4,"minecraft:damage_dealt_resisted":0,"minecraft:leave_game":6,"minecraft:time_since_death":26449,"minecraft:climb_one_cm":4965,"minecraft:damage_resisted":148,"minecraft:waystone_activated":2,"minecraft:time_since_rest":27242,"minecraft:sprint_one_cm":244397,"minecraft:damage_taken":3175,"minecraft:walk_one_cm":428970,"minecraft:trigger_trapped_chest":2,"minecraft:drop":6,"minecraft:damage_dealt":6506,"minecraft:swim_one_cm":10485,"minecraft:talked_to_villager":5,"minecraft:fly_one_cm":295077,"minecraft:open_chest":107,"minecraft:crouch_one_cm":15489,"minecraft:play_time":112485,"minecraft:deaths":6,"minecraft:sneak_time":3173,"minecraft:walk_under_water_one_cm":13416,"minecraft:jump":1413,"minecraft:walk_on_water_one_cm":25930,"minecraft:total_world_time":112485,"minecraft:fall_one_cm":20009},"minecraft:killed":{"fight_or_die:springer":5,"minecraft:husk":2,"minecraft:zombie_villager":1,"minecraft:spider":4,"undead_revamp2:thesmoker":2,"undead_revamp2:theswarmer":1,"fight_or_die:mutated_villager":1,"fight_or_die:mutated_human":2,"fight_or_die:shiller":5,"minecraft:zombie":13,"undead_revamp2:thebidy":1,"undead_revamp2:therod":1,"alexsmobs:fly":1,"undead_revamp2:sucker":2},"minecraft:mined":{"minecraft:crafting_table":1,"minecraft:light_gray_terracotta":19,"minecraft:acacia_log":18,"minecraft:grass_block":2,"minecraft:dead_bush":11,"minecraft:tall_grass":1,"minecraft:sandstone":2,"minecraft:wall_torch":3,"minecraft:white_terracotta":41,"minecraft:seagrass":1,"minecraft:smooth_stone":1,"minecraft:tall_seagrass":1,"minecraft:grass":9,"minecraft:vine":1,"minecraft:coal_ore":4,"minecraft:sand":12,"minecraft:brown_terracotta":1,"minecraft:acacia_planks":1,"minecraft:stone":174},"minecraft:used":{"minecraft:stone_pickaxe":97,"minecraft:white_terracotta":30,"minecraft:sandstone":6,"minecraft:iron_sword":126,"minecraft:torch":19,"minecraft:sand":13,"minecraft:crafting_table":1,"minecraft:light_gray_terracotta":3,"minecraft:acacia_sapling":1,"minecraft:flowering_azalea":1,"minecraft:birch_slab":1,"minecraft:bread":30,"minecraft:iron_pickaxe":146,"mvw:stone_dagger":1,"minecraft:stone_axe":17,"minecraft:sandstone_slab":2,"alexsmobs:animal_dictionary":1,"minecraft:acacia_planks":12,"minecraft:smooth_stone":9},"minecraft:dropped":{"minecraft:bread":44,"minecraft:iron_sword":1,"mvw:stone_dagger":1,"minecraft:iron_leggings":1,"minecraft:sand":1},"minecraft:crafted":{"minecraft:bone_meal":3,"minecraft:stone_axe":1,"minecraft:stick":4,"minecraft:stone_pickaxe":1,"minecraft:acacia_planks":24,"minecraft:torch":16},"minecraft:picked_up":{"minecraft:crafting_table":1,"minecraft:sandstone_slab":2,"minecraft:clay_ball":3,"minecraft:birch_slab":1,"minecraft:shield":1,"minecraft:dirt":8,"minecraft:string":5,"minecraft:bone":1,"minecraft:wheat_seeds":1,"minecraft:smooth_stone":13,"mvw:stone_dagger":1,"minecraft:flowering_azalea":1,"minecraft:acacia_sapling":3,"fight_or_die:ripping_flesh":2,"minecraft:stick":11,"apotheosis:gem":1,"minecraft:sandstone":7,"minecraft:brown_terracotta":1,"minecraft:torch":4,"minecraft:acacia_log":15,"minecraft:sand":20,"fight_or_die:sickened_heart":1,"minecraft:spider_eye":2,"minecraft:light_gray_terracotta":23,"minecraft:arrow":1,"minecraft:rotten_flesh":9,"minecraft:crossbow":1,"minecraft:bread":1,"minecraft:white_terracotta":41,"alexsmobs:maggot":1,"minecraft:coal":4,"minecraft:cobblestone":171}},"DataVersion":3465}