{"stats":{"minecraft:custom":{"minecraft:mob_kills":84,"minecraft:interact_with_crafting_table":11,"minecraft:damage_dealt_resisted":769,"minecraft:leave_game":6,"minecraft:time_since_death":110449,"minecraft:climb_one_cm":7998,"minecraft:damage_resisted":280,"minecraft:sprint_one_cm":443264,"minecraft:walk_one_cm":888650,"minecraft:damage_blocked_by_shield":510,"minecraft:drop":21,"minecraft:talked_to_villager":7,"minecraft:play_time":196485,"minecraft:deaths":6,"minecraft:sneak_time":3729,"minecraft:walk_under_water_one_cm":34190,"minecraft:jump":2618,"minecraft:walk_on_water_one_cm":57990,"minecraft:total_world_time":196485,"minecraft:interact_with_furnace":8,"minecraft:sleep_in_bed":2,"minecraft:time_since_rest":14813,"minecraft:waystone_activated":3,"minecraft:damage_taken":5701,"minecraft:trigger_trapped_chest":4,"minecraft:damage_dealt":14319,"minecraft:swim_one_cm":10485,"minecraft:fly_one_cm":440006,"minecraft:player_kills":1,"minecraft:open_chest":177,"minecraft:crouch_one_cm":18847,"minecraft:fall_one_cm":36483},"minecraft:killed":{"fight_or_die:springer":10,"minecraft:spider":5,"undead_revamp2:thesmoker":2,"undead_revamp2:theswarmer":1,"minecraft:skeleton":1,"fight_or_die:mutated_human":4,"fight_or_die:shiller":5,"minecraft:chicken":2,"undead_revamp2:thebidy":1,"minecraft:drowned":1,"undead_revamp2:therod":1,"undead_revamp2:thepregnant":1,"undead_revamp2:sucker":3,"alexsmobs:kangaroo":5,"minecraft:husk":4,"minecraft:pig":3,"minecraft:zombie_villager":1,"undead_revamp2:the_moonflower":1,"minecraft:creeper":2,"alexsmobs:emu":1,"fight_or_die:mutated_villager":2,"minecraft:zombie":19,"alexsmobs:fly":1,"alexsmobs:komodo_dragon":2,"minecraft:cow":2},"minecraft:mined":{"minecraft:acacia_log":30,"minecraft:grass_block":2,"minecraft:sandstone":3,"minecraft:hay_block":52,"minecraft:tall_seagrass":1,"minecraft:smooth_stone":1,"minecraft:iron_ore":2,"minecraft:bookshelf":3,"minecraft:vine":1,"minecraft:stone":209,"minecraft:oak_slab":1,"minecraft:scaffolding":1,"minecraft:acacia_leaves":1,"minecraft:crafting_table":1,"minecraft:light_gray_terracotta":20,"minecraft:dead_bush":13,"minecraft:tall_grass":2,"minecraft:copper_ore":20,"minecraft:cyan_bed":3,"minecraft:oak_planks":2,"minecraft:wall_torch":3,"minecraft:seagrass":1,"minecraft:white_terracotta":42,"minecraft:stripped_oak_wood":16,"minecraft:tnt":3,"minecraft:grass":15,"minecraft:coal_ore":11,"minecraft:oak_log":6,"minecraft:sand":12,"minecraft:dirt":1,"minecraft:brown_terracotta":4,"minecraft:acacia_planks":1,"minecraft:small_dripleaf":1},"minecraft:used":{"minecraft:shield":2,"minecraft:white_terracotta":35,"minecraft:iron_sword":260,"minecraft:torch":26,"minecraft:dirt":2,"alexsmobs:cooked_kangaroo_meat":8,"minecraft:acacia_sapling":1,"minecraft:brown_terracotta":4,"minecraft:flowering_azalea":1,"minecraft:acacia_planks":14,"minecraft:stone_pickaxe":132,"minecraft:oak_planks":1,"minecraft:sandstone":6,"minecraft:sand":13,"minecraft:crafting_table":1,"minecraft:light_gray_terracotta":33,"minecraft:birch_slab":1,"minecraft:cyan_bed":3,"minecraft:bread":69,"minecraft:iron_pickaxe":185,"mvw:stone_dagger":1,"minecraft:stone_axe":61,"minecraft:cobblestone":22,"minecraft:cooked_porkchop":3,"minecraft:sandstone_slab":2,"quark:oak_chest":1,"alexsmobs:animal_dictionary":1,"minecraft:smooth_stone":9},"minecraft:dropped":{"minecraft:bread":47,"minecraft:iron_sword":1,"minecraft:wheat_seeds":2,"minecraft:crossbow":1,"minecraft:feather":2,"alexsmobs:boiled_emu_egg":2,"mvw:stone_dagger":1,"minecraft:acacia_log":24,"minecraft:iron_leggings":1,"minecraft:brown_terracotta":1,"minecraft:sand":1,"minecraft:cooked_chicken":2,"alexsmobs:cooked_kangaroo_meat":1,"minecraft:iron_chestplate":1,"apotheosis:gem":1},"minecraft:crafted":{"minecraft:oak_planks":72,"minecraft:bone_meal":3,"minecraft:stone_pickaxe":1,"alexsmobs:boiled_emu_egg":2,"minecraft:stone_axe":1,"quark:oak_chest":1,"minecraft:stick":4,"minecraft:acacia_planks":24,"minecraft:torch":16},"minecraft:broken":{"minecraft:stone_pickaxe":1},"minecraft:picked_up":{"minecraft:crafting_table":1,"minecraft:iron_chestplate":1,"minecraft:sandstone_slab":2,"minecraft:clay_ball":3,"minecraft:shield":1,"minecraft:string":5,"minecraft:raw_copper":73,"minecraft:iron_shovel":1,"minecraft:smooth_stone":13,"mvw:stone_dagger":1,"minecraft:egg":2,"minecraft:stick":15,"fight_or_die:ripping_flesh":4,"minecraft:raw_iron":2,"minecraft:sandstone":59,"apotheosis:gem":9,"minecraft:brown_terracotta":10,"minecraft:torch":14,"minecraft:acacia_log":30,"minecraft:tnt":1,"minecraft:arrow":8,"minecraft:rotten_flesh":28,"minecraft:hay_block":51,"alexsmobs:emu_egg":2,"minecraft:gold_ingot":1,"minecraft:white_terracotta":50,"minecraft:cobblestone":241,"minecraft:feather":2,"minecraft:cooked_beef":3,"minecraft:golden_carrot":1,"minecraft:birch_slab":1,"minecraft:jungle_log":3,"minecraft:leather":3,"minecraft:cut_sandstone":1,"waystones:sandy_waystone":1,"minecraft:oak_log":6,"alexsmobs:cooked_kangaroo_meat":10,"minecraft:gunpowder":1,"artifacts:flame_pendant":1,"minecraft:dirt":24,"minecraft:bone":11,"minecraft:wheat_seeds":7,"minecraft:cooked_chicken":2,"minecraft:stripped_oak_wood":16,"minecraft:acacia_sapling":5,"minecraft:flowering_azalea":1,"minecraft:oak_planks":1,"minecraft:iron_sword":1,"minecraft:book":3,"minecraft:scaffolding":1,"minecraft:cooked_porkchop":7,"minecraft:sand":26,"minecraft:cyan_bed":3,"fight_or_die:sickened_heart":1,"minecraft:chiseled_sandstone":1,"minecraft:spider_eye":2,"quark:jasper":3,"minecraft:light_gray_terracotta":36,"minecraft:crossbow":1,"minecraft:bread":1,"alexsmobs:maggot":1,"minecraft:coal":10,"minecraft:ender_pearl":2}},"DataVersion":3465}