{"stats":{"minecraft:killed":{"undead_revamp2:thewolf":1,"fight_or_die:mutated_creeper":1,"fight_or_die:springer":20,"fight_or_die:mutated_human_head":6,"undead_revamp2:thehunter":6,"fight_or_die:mutated_pig":2,"minecraft:vindicator":7,"minecraft:spider":21,"royalvariations:royal_skeleton":2,"aquamirae:tortured_soul":2,"undead_revamp2:bomber":4,"undead_revamp2:theswarmer":1,"minecraft:phantom":32,"minecraft:skeleton":194,"fight_or_die:mutated_human":22,"fight_or_die:mutated_sheep":3,"fight_or_die:shiller":9,"minecraft:bee":1,"minecraft:chicken":1,"fight_or_die:mutated_fox":1,"undead_revamp2:thebidy":2,"undead_revamp2:therod":2,"minecraft:drowned":2,"undead_revamp2:thepregnant":1,"undead_revamp2:thespectre":2,"undead_revamp2:sucker":5,"undead_revamp2:thespitter":1,"fight_or_die:mutated_villager_head":2,"minecraft:husk":9,"aquamirae:maw":21,"minecraft:zombie_villager":1,"undead_revamp2:the_moonflower":2,"undead_revamp2:theheavy":1,"fight_or_die:mutated_cow":1,"undead_revamp2:thebeartamer":4,"minecraft:creeper":28,"fight_or_die:mutated_villager":3,"minecraft:pillager":4,"undead_revamp2:slaveman":1,"minecraft:zombie":28,"aquamirae:anglerfish":6,"minecraft:stray":5,"fight_or_die:mutated_player":4,"fight_or_die:mutated_player_head":1,"minecraft:enderman":1},"minecraft:mined":{"minecraft:dark_prismarine":27,"minecraft:allium":10,"minecraft:spruce_leaves":5,"minecraft:spawner":6,"fight_or_die:blood_splash1":11,"minecraft:azure_bluet":3,"minecraft:gold_block":1,"minecraft:pink_tulip":5,"minecraft:white_tulip":2,"minecraft:stone":55,"minecraft:spruce_slab":1,"minecraft:cornflower":3,"minecraft:torch":4,"minecraft:andesite_slab":1,"minecraft:tall_grass":6,"minecraft:cobblestone":4,"minecraft:red_glazed_terracotta":1,"minecraft:wall_torch":6,"minecraft:ice":1,"minecraft:lilac":1,"minecraft:spruce_log":18,"minecraft:birch_leaves":6,"fight_or_die:blood_splash2":23,"minecraft:yellow_bed":2,"minecraft:grass":41,"minecraft:dirt":8,"minecraft:terracotta":3},"minecraft:killed_by":{"sons_of_sins:betrayed_guzzler":1},"minecraft:broken":{"minecraft:chainmail_leggings":1,"minecraft:iron_boots":2,"minecraft:leather_chestplate":1,"minecraft:wooden_pickaxe":1,"minecraft:chainmail_chestplate":1,"minecraft:iron_helmet":2,"minecraft:wooden_axe":1},"minecraft:custom":{"minecraft:interact_with_smithing_table":2,"minecraft:mob_kills":484,"minecraft:interact_with_anvil":3,"minecraft:interact_with_crafting_table":29,"minecraft:open_barrel":116,"minecraft:eat_cake_slice":1,"minecraft:damage_dealt_resisted":2650,"minecraft:leave_game":4,"minecraft:time_since_death":40122,"minecraft:climb_one_cm":31687,"minecraft:damage_resisted":419,"minecraft:sprint_one_cm":417478,"minecraft:walk_one_cm":1957090,"minecraft:damage_blocked_by_shield":615,"minecraft:drop":21,"minecraft:damage_dealt_absorbed":38,"minecraft:talked_to_villager":2,"minecraft:play_time":498165,"minecraft:deaths":3,"minecraft:sneak_time":12071,"minecraft:walk_under_water_one_cm":132567,"minecraft:boat_one_cm":169374,"minecraft:jump":4367,"minecraft:interact_with_blast_furnace":8,"minecraft:walk_on_water_one_cm":51452,"minecraft:total_world_time":498165,"minecraft:interact_with_furnace":9,"spartanshields:shield_bash_hits":1,"minecraft:traded_with_villager":1,"minecraft:sleep_in_bed":7,"minecraft:time_since_rest":40543,"minecraft:waystone_activated":3,"minecraft:damage_taken":11020,"minecraft:damage_dealt":96798,"minecraft:fly_one_cm":535310,"minecraft:player_kills":2,"minecraft:open_chest":154,"minecraft:crouch_one_cm":41190,"minecraft:fall_one_cm":46776},"minecraft:picked_up":{"minecraft:wooden_axe":1,"undead_revamp2:bostroxingot":3,"minecraft:allium":7,"minecraft:chicken":1,"minecraft:leather_leggings":1,"minecraft:turtle_helmet":1,"minecraft:wooden_pickaxe":1,"minecraft:gold_block":1,"minecraft:enchanted_book":1,"minecraft:cornflower":1,"aquamirae:sharp_bones":3,"minecraft:string":45,"minecraft:iron_axe":1,"minecraft:iron_leggings":3,"undead_revamp2:bostroxset_chestplate":1,"minecraft:iron_shovel":1,"minecraft:spruce_planks":4,"minecraft:calcite":1,"minecraft:iron_pickaxe":2,"minecraft:spruce_slab":1,"minecraft:birch_sapling":1,"minecraft:phantom_membrane":21,"minecraft:iron_boots":2,"minecraft:tipped_arrow":2,"fight_or_die:ripping_flesh":15,"minecraft:stick":4,"apotheosis:gem":17,"minecraft:copper_ingot":6,"minecraft:torch":33,"sophisticatedbackpacks:backpack":1,"minecraft:spruce_stairs":3,"farmersdelight:tomato_seeds":2,"minecraft:carrot":1,"aquamirae:esca":3,"minecraft:dark_oak_planks":3,"minecraft:arrow":106,"minecraft:rotten_flesh":120,"minecraft:gold_ingot":2,"minecraft:pink_tulip":3,"aquamirae:treasure_pouch":1,"minecraft:snowball":32,"minecraft:cobblestone":79,"undead_revamp2:bostroxset_boots":1,"fight_or_die:springer_fragment":1,"minecraft:feather":2,"minecraft:leather_chestplate":1,"minecraft:lilac":1,"minecraft:red_glazed_terracotta":1,"minecraft:potato":9,"minecraft:chainmail_chestplate":1,"undead_revamp2:huntereye":1,"minecraft:yellow_bed":5,"minecraft:gunpowder":30,"minecraft:acacia_boat":1,"minecraft:dirt":30,"minecraft:white_banner":1,"aquamirae:fin":42,"minecraft:bone":217,"minecraft:bow":4,"minecraft:iron_ingot":6,"minecraft:cyan_candle":2,"minecraft:iron_sword":3,"minecraft:flowering_azalea":2,"sophisticatedbackpacks:diamond_backpack":1,"minecraft:cooked_porkchop":1,"minecraft:stripped_acacia_wood":2,"aquamirae:anglers_fang":1,"minecraft:gravel":5,"royalvariations:royal_bone":2,"spartanshields:wooden_tower_shield":1,"minecraft:grass_block":1,"minecraft:spruce_sapling":1,"minecraft:spruce_log":19,"sons_of_sins:flesh_of_demise":1,"alexsmobs:animal_dictionary":1,"minecraft:red_terracotta":1,"fight_or_die:sickened_heart":4,"minecraft:spider_eye":10,"minecraft:leather_helmet":1,"undead_revamp2:heavytooth":1,"minecraft:dark_prismarine":27,"minecraft:slime_ball":4,"minecraft:diamond":1,"waystones:waystone":1,"minecraft:chainmail_leggings":1,"minecraft:iron_helmet":2,"minecraft:crossbow":1,"minecraft:gray_wool":1,"minecraft:emerald":21,"alexsmobs:maggot":1,"minecraft:coal":14,"minecraft:andesite_slab":2,"minecraft:ender_pearl":1},"minecraft:used":{"minecraft:stripped_acacia_wood":1,"tacz:gun_smith_table":1,"minecraft:spruce_planks":63,"minecraft:stone":7,"minecraft:iron_sword":1291,"minecraft:rotten_flesh":5,"minecraft:torch":509,"minecraft:dirt":17,"minecraft:spruce_stairs":3,"minecraft:wooden_axe":41,"spartanshields:wooden_tower_shield":1,"minecraft:iron_axe":3,"undead_revamp2:huntereye":42,"minecraft:water_bucket":1,"minecraft:cobblestone_stairs":4,"minecraft:andesite_slab":2,"minecraft:wooden_pickaxe":59,"minecraft:red_glazed_terracotta":1,"minecraft:crafting_table":4,"minecraft:crossbow":171,"minecraft:dark_prismarine":27,"minecraft:iron_pickaxe":59,"spartanshields:diamond_tower_shield":13,"minecraft:red_terracotta":2,"minecraft:cobblestone":77,"minecraft:cooked_porkchop":54,"minecraft:bucket":2,"minecraft:yellow_bed":4,"minecraft:experience_bottle":61},"minecraft:dropped":{"minecraft:lilac":1,"minecraft:coal":14,"minecraft:emerald":14,"minecraft:iron_leggings":2,"spartanshields:diamond_tower_shield":1,"minecraft:bone":131,"alexsmobs:animal_dictionary":1,"minecraft:birch_sapling":1,"sophisticatedbackpacks:diamond_backpack":1,"minecraft:potato":6,"minecraft:spruce_planks":1,"minecraft:yellow_bed":1,"minecraft:spider_eye":1,"fight_or_die:ripping_flesh":3,"minecraft:bow":1},"minecraft:crafted":{"spartanshields:wooden_tower_shield":2,"sophisticatedbackpacks:crafting_upgrade":1,"minecraft:enchanted_golden_apple":1,"quark:spruce_chest":1,"sophisticatedbackpacks:iron_backpack":1,"spartanshields:diamond_tower_shield":3,"skilltree:bone_quiver":5,"minecraft:crafting_table":1,"minecraft:spruce_planks":76,"undead_revamp2:bostroxset_boots":1,"sophisticatedbackpacks:gold_backpack":1,"sophisticatedbackpacks:upgrade_base":2,"minecraft:air":0,"quark:vertical_spruce_planks":12,"sophisticatedbackpacks:diamond_backpack":1,"undead_revamp2:bostroxingot":39}},"DataVersion":3465}