{"stats":{"minecraft:killed":{"fight_or_die:mutated_creeper":1,"fight_or_die:springer":15,"fight_or_die:mutated_human_head":1,"undead_revamp2:thehunter":2,"minecraft:vindicator":1,"minecraft:spider":13,"royalvariations:royal_skeleton":1,"undead_revamp2:bomber":3,"minecraft:phantom":32,"minecraft:skeleton":187,"fight_or_die:mutated_human":7,"fight_or_die:mutated_sheep":1,"fight_or_die:shiller":5,"minecraft:chicken":1,"undead_revamp2:therod":2,"undead_revamp2:sucker":5,"undead_revamp2:thespitter":1,"fight_or_die:mutated_villager_head":2,"minecraft:husk":9,"aquamirae:maw":11,"minecraft:zombie_villager":1,"undead_revamp2:the_moonflower":1,"fight_or_die:mutated_cow":1,"undead_revamp2:thebeartamer":1,"minecraft:creeper":14,"fight_or_die:mutated_villager":2,"minecraft:zombie":9,"aquamirae:anglerfish":4,"fight_or_die:mutated_player":1,"fight_or_die:mutated_player_head":1},"minecraft:mined":{"minecraft:dark_prismarine":27,"minecraft:allium":10,"minecraft:spruce_leaves":5,"minecraft:spawner":6,"fight_or_die:blood_splash1":2,"minecraft:azure_bluet":3,"minecraft:pink_tulip":5,"minecraft:white_tulip":2,"minecraft:stone":55,"minecraft:cornflower":3,"minecraft:torch":3,"minecraft:andesite_slab":1,"minecraft:tall_grass":6,"minecraft:cobblestone":4,"minecraft:red_glazed_terracotta":1,"minecraft:wall_torch":6,"minecraft:ice":1,"minecraft:lilac":1,"minecraft:spruce_log":18,"minecraft:birch_leaves":6,"fight_or_die:blood_splash2":9,"minecraft:yellow_bed":2,"minecraft:grass":41,"minecraft:dirt":8,"minecraft:terracotta":3},"minecraft:killed_by":{"sons_of_sins:betrayed_guzzler":1},"minecraft:broken":{"minecraft:chainmail_leggings":1,"minecraft:iron_boots":2,"minecraft:wooden_pickaxe":1,"minecraft:chainmail_chestplate":1,"minecraft:iron_helmet":2,"minecraft:wooden_axe":1},"minecraft:custom":{"minecraft:interact_with_smithing_table":2,"minecraft:mob_kills":346,"minecraft:interact_with_anvil":3,"minecraft:interact_with_crafting_table":29,"minecraft:open_barrel":74,"minecraft:damage_dealt_resisted":2189,"minecraft:leave_game":3,"minecraft:time_since_death":71294,"minecraft:climb_one_cm":31687,"minecraft:damage_resisted":419,"minecraft:sprint_one_cm":307952,"minecraft:walk_one_cm":1635335,"minecraft:damage_blocked_by_shield":615,"minecraft:drop":18,"minecraft:damage_dealt_absorbed":38,"minecraft:play_time":432647,"minecraft:deaths":2,"minecraft:sneak_time":11662,"minecraft:walk_under_water_one_cm":96938,"minecraft:jump":3701,"minecraft:interact_with_blast_furnace":8,"minecraft:walk_on_water_one_cm":46307,"minecraft:total_world_time":432647,"minecraft:interact_with_furnace":9,"spartanshields:shield_bash_hits":1,"minecraft:sleep_in_bed":7,"minecraft:time_since_rest":71382,"minecraft:waystone_activated":2,"minecraft:damage_taken":9610,"minecraft:damage_dealt":88830,"minecraft:fly_one_cm":369027,"minecraft:player_kills":2,"minecraft:open_chest":122,"minecraft:crouch_one_cm":40699,"minecraft:fall_one_cm":37489},"minecraft:picked_up":{"minecraft:wooden_axe":1,"minecraft:allium":7,"minecraft:chicken":1,"minecraft:leather_leggings":1,"minecraft:turtle_helmet":1,"minecraft:wooden_pickaxe":1,"minecraft:enchanted_book":1,"minecraft:cornflower":1,"minecraft:string":7,"minecraft:spruce_planks":4,"minecraft:calcite":1,"minecraft:iron_pickaxe":1,"minecraft:birch_sapling":1,"minecraft:phantom_membrane":21,"minecraft:iron_boots":1,"fight_or_die:ripping_flesh":4,"minecraft:stick":3,"apotheosis:gem":14,"minecraft:copper_ingot":5,"minecraft:torch":32,"sophisticatedbackpacks:backpack":1,"minecraft:spruce_stairs":3,"farmersdelight:tomato_seeds":2,"minecraft:carrot":1,"aquamirae:esca":3,"minecraft:arrow":106,"minecraft:rotten_flesh":35,"minecraft:pink_tulip":3,"aquamirae:treasure_pouch":1,"minecraft:cobblestone":73,"fight_or_die:springer_fragment":1,"minecraft:feather":2,"minecraft:leather_chestplate":1,"minecraft:lilac":1,"minecraft:red_glazed_terracotta":1,"minecraft:potato":3,"undead_revamp2:huntereye":1,"minecraft:yellow_bed":5,"minecraft:gunpowder":17,"minecraft:dirt":29,"aquamirae:fin":16,"minecraft:bone":181,"minecraft:bow":1,"minecraft:cyan_candle":2,"minecraft:iron_sword":2,"minecraft:flowering_azalea":2,"sophisticatedbackpacks:diamond_backpack":1,"minecraft:cooked_porkchop":1,"minecraft:stripped_acacia_wood":2,"aquamirae:anglers_fang":1,"minecraft:gravel":5,"spartanshields:wooden_tower_shield":1,"minecraft:spruce_sapling":1,"minecraft:spruce_log":19,"alexsmobs:animal_dictionary":1,"minecraft:red_terracotta":1,"fight_or_die:sickened_heart":4,"minecraft:spider_eye":5,"minecraft:leather_helmet":1,"minecraft:dark_prismarine":27,"waystones:waystone":1,"minecraft:chainmail_leggings":1,"minecraft:iron_helmet":2,"minecraft:gray_wool":1,"minecraft:coal":14,"minecraft:andesite_slab":2},"minecraft:used":{"minecraft:stripped_acacia_wood":1,"tacz:gun_smith_table":1,"minecraft:spruce_planks":63,"minecraft:stone":7,"minecraft:iron_sword":1254,"minecraft:rotten_flesh":5,"minecraft:torch":509,"minecraft:dirt":17,"minecraft:spruce_stairs":3,"minecraft:wooden_axe":41,"spartanshields:wooden_tower_shield":1,"undead_revamp2:huntereye":42,"minecraft:cobblestone_stairs":4,"minecraft:andesite_slab":2,"minecraft:wooden_pickaxe":59,"minecraft:red_glazed_terracotta":1,"minecraft:crafting_table":4,"minecraft:crossbow":108,"minecraft:dark_prismarine":27,"minecraft:iron_pickaxe":57,"spartanshields:diamond_tower_shield":13,"minecraft:red_terracotta":2,"minecraft:cobblestone":77,"minecraft:cooked_porkchop":48,"minecraft:bucket":1,"minecraft:yellow_bed":4,"minecraft:experience_bottle":61},"minecraft:dropped":{"minecraft:lilac":1,"minecraft:coal":14,"minecraft:emerald":14,"minecraft:iron_leggings":1,"spartanshields:diamond_tower_shield":1,"minecraft:bone":131,"alexsmobs:animal_dictionary":1,"minecraft:birch_sapling":1,"sophisticatedbackpacks:diamond_backpack":1,"minecraft:potato":6,"minecraft:spruce_planks":1,"minecraft:yellow_bed":1,"minecraft:spider_eye":1},"minecraft:crafted":{"spartanshields:wooden_tower_shield":2,"sophisticatedbackpacks:crafting_upgrade":1,"quark:spruce_chest":1,"sophisticatedbackpacks:iron_backpack":1,"spartanshields:diamond_tower_shield":3,"skilltree:bone_quiver":5,"minecraft:crafting_table":1,"minecraft:spruce_planks":76,"undead_revamp2:bostroxset_boots":1,"sophisticatedbackpacks:gold_backpack":1,"sophisticatedbackpacks:upgrade_base":2,"minecraft:air":0,"quark:vertical_spruce_planks":12,"sophisticatedbackpacks:diamond_backpack":1,"undead_revamp2:bostroxingot":39}},"DataVersion":3465}