{"stats":{"minecraft:killed":{"fight_or_die:springer":25,"fight_or_die:mutated_human_head":2,"minecraft:witch":2,"fight_or_die:mutated_pig":1,"minecraft:vindicator":1,"minecraft:spider":6,"royalvariations:royal_skeleton":1,"undead_revamp2:bomber":1,"undead_revamp2:theswarmer":1,"minecraft:skeleton":7,"minecraft:guardian":1,"fight_or_die:shiller":3,"fight_or_die:mutated_sheep":2,"fight_or_die:mutated_human":5,"undead_revamp2:therod":1,"alexsmobs:skelewag":1,"minecraft:skeleton_horse":1,"undead_revamp2:sucker":2,"alexsmobs:kangaroo":4,"naturalist:firefly":1,"undead_revamp2:the_moonflower":2,"minecraft:creeper":6,"alexsmobs:emu":1,"fight_or_die:mutated_villager":2,"royalvariations:royal_zombie":1,"minecraft:pillager":6,"minecraft:zombie":10,"fight_or_die:mutated_player":2,"minecraft:enderman":1},"minecraft:mined":{"minecraft:white_bed":5,"minecraft:spruce_fence":1,"minecraft:redstone_wire":1,"tacz:gun_smith_table":1,"minecraft:peony":5,"minecraft:light_gray_terracotta":2,"minecraft:cobblestone":2,"minecraft:wall_torch":1,"fight_or_die:blood_splash2":1,"minecraft:grass":8,"minecraft:oak_log":16,"minecraft:brown_terracotta":7,"minecraft:acacia_planks":4},"minecraft:broken":{"minecraft:wooden_axe":1},"minecraft:custom":{"minecraft:mob_kills":103,"minecraft:interact_with_anvil":2,"minecraft:interact_with_crafting_table":5,"minecraft:open_barrel":8,"minecraft:damage_dealt_resisted":257,"minecraft:leave_game":2,"minecraft:time_since_death":222615,"minecraft:climb_one_cm":3208,"minecraft:damage_resisted":11,"minecraft:sprint_one_cm":213022,"minecraft:walk_one_cm":681849,"minecraft:drop":27,"minecraft:talked_to_villager":4,"minecraft:play_time":222615,"minecraft:sneak_time":2662,"minecraft:walk_under_water_one_cm":35215,"minecraft:boat_one_cm":78868,"minecraft:jump":2356,"minecraft:walk_on_water_one_cm":35898,"minecraft:total_world_time":222615,"minecraft:interact_with_furnace":5,"minecraft:sleep_in_bed":5,"minecraft:time_since_rest":29401,"minecraft:damage_taken":2002,"minecraft:damage_dealt":14708,"minecraft:swim_one_cm":15408,"minecraft:fly_one_cm":388872,"minecraft:open_chest":47,"minecraft:crouch_one_cm":10293,"minecraft:fall_one_cm":22558},"minecraft:picked_up":{"minecraft:wooden_axe":1,"minecraft:wheat":2,"minecraft:chainmail_boots":1,"minecraft:leather_leggings":1,"minecraft:golden_pickaxe":1,"minecraft:enchanted_book":1,"minecraft:shield":1,"minecraft:string":15,"minecraft:iron_axe":1,"minecraft:item_frame":5,"tacz:ammo":31,"minecraft:iron_leggings":4,"alexsmobs:emu_feather":2,"minecraft:oak_boat":1,"minecraft:rose_bush":2,"minecraft:poppy":1,"minecraft:iron_pickaxe":1,"minecraft:iron_boots":2,"fight_or_die:ripping_flesh":7,"minecraft:stick":3,"apotheosis:gem":5,"minecraft:copper_ingot":1,"minecraft:brown_terracotta":13,"minecraft:torch":1,"minecraft:spruce_fence":1,"minecraft:stone_button":2,"minecraft:trident":1,"minecraft:carrot":1,"minecraft:redstone":1,"minecraft:arrow":13,"minecraft:rotten_flesh":49,"minecraft:peony":16,"minecraft:white_terracotta":18,"alexsmobs:kangaroo_meat":5,"minecraft:white_wool":2,"minecraft:cobblestone":63,"fight_or_die:springer_fragment":3,"minecraft:leather_chestplate":1,"minecraft:feather":2,"minecraft:cooked_beef":1,"minecraft:lilac":5,"minecraft:leather":16,"minecraft:oak_log":19,"minecraft:gunpowder":6,"minecraft:map":1,"minecraft:dirt":26,"minecraft:lantern":1,"minecraft:white_banner":1,"minecraft:red_carpet":1,"minecraft:bone":34,"minecraft:acacia_planks":5,"minecraft:apple":1,"undead_revamp2:blacpetalblock":1,"minecraft:bow":2,"minecraft:wheat_seeds":41,"minecraft:iron_ingot":60,"minecraft:stone_pickaxe":1,"minecraft:cooked_chicken":1,"minecraft:rabbit":1,"minecraft:glowstone_dust":2,"minecraft:iron_sword":1,"minecraft:oak_planks":4,"minecraft:scaffolding":1,"royalvariations:royal_bone":2,"minecraft:white_bed":7,"minecraft:spectral_arrow":5,"minecraft:spider_eye":5,"undead_revamp2:rawbostrox":3,"minecraft:light_gray_terracotta":16,"alexsmobs:kangaroo_hide":5,"minecraft:white_concrete_powder":2,"tacz:modern_kinetic_gun":1,"minecraft:chainmail_leggings":2,"minecraft:crossbow":1,"minecraft:emerald":1,"minecraft:bread":7,"minecraft:chainmail_helmet":1,"minecraft:ender_pearl":2},"minecraft:used":{"minecraft:peony":4,"minecraft:redstone":1,"tacz:gun_smith_table":1,"minecraft:white_terracotta":10,"minecraft:iron_sword":26,"minecraft:cooked_chicken":1,"minecraft:torch":1,"minecraft:dirt":4,"minecraft:spruce_fence":1,"minecraft:wooden_axe":38,"minecraft:brown_terracotta":12,"minecraft:iron_axe":180,"minecraft:bow":19,"minecraft:cooked_beef":1,"minecraft:acacia_planks":72,"minecraft:stone_pickaxe":9,"minecraft:oak_planks":11,"minecraft:white_bed":7,"minecraft:oak_log":1,"minecraft:apple":1,"minecraft:bread":7,"minecraft:iron_pickaxe":9,"minecraft:stone_button":2,"minecraft:lilac":3,"minecraft:cobblestone":26,"minecraft:cooked_porkchop":20,"alexsmobs:animal_dictionary":2,"minecraft:oak_boat":1},"minecraft:dropped":{"minecraft:iron_ingot":95,"minecraft:oak_log":31,"alexsmobs:kangaroo_meat":5,"minecraft:cooked_porkchop":5,"minecraft:cobblestone":28,"minecraft:leather":29,"minecraft:white_wool":2,"minecraft:acacia_planks":1,"minecraft:white_terracotta":1,"alexsmobs:kangaroo_hide":1,"minecraft:gunpowder":2,"minecraft:oak_boat":1},"minecraft:crafted":{"minecraft:oak_planks":8,"minecraft:leather":2,"tacz:gun_smith_table":1,"minecraft:oak_wood":6,"minecraft:iron_block":1}},"DataVersion":3465}