{"stats":{"minecraft:custom":{"minecraft:time_since_rest":4257,"minecraft:crouch_one_cm":78,"minecraft:sprint_one_cm":121387,"minecraft:play_time":41269,"minecraft:damage_taken":1268,"minecraft:deaths":5,"minecraft:walk_one_cm":38648,"minecraft:sneak_time":85,"minecraft:walk_under_water_one_cm":4894,"minecraft:mob_kills":1,"minecraft:drop":1,"minecraft:damage_dealt_resisted":0,"minecraft:jump":470,"minecraft:damage_dealt":255,"minecraft:leave_game":2,"minecraft:walk_on_water_one_cm":14439,"minecraft:time_since_death":2296,"minecraft:total_world_time":41269,"minecraft:swim_one_cm":1704,"minecraft:fall_one_cm":13474,"minecraft:fly_one_cm":120929},"minecraft:killed":{"minecraft:spider":1},"minecraft:mined":{"minecraft:dead_bush":11,"minecraft:sand":12},"minecraft:dropped":{"minecraft:sand":1},"minecraft:used":{"minecraft:sand":5,"alexsmobs:animal_dictionary":1},"minecraft:picked_up":{"minecraft:stick":11,"minecraft:rotten_flesh":1,"minecraft:sand":12,"minecraft:string":1}},"DataVersion":3465}