{"stats":{"minecraft:killed":{"fight_or_die:springer":8,"minecraft:husk":1,"aquamirae:maw":11,"undead_revamp2:the_moonflower":1,"minecraft:spider":6,"royalvariations:royal_skeleton":1,"undead_revamp2:bomber":2,"minecraft:creeper":12,"minecraft:phantom":32,"fight_or_die:mutated_villager":1,"minecraft:skeleton":113,"minecraft:zombie":7,"fight_or_die:mutated_human":1,"fight_or_die:shiller":1,"minecraft:chicken":1,"aquamirae:anglerfish":4,"undead_revamp2:therod":2,"undead_revamp2:sucker":1},"minecraft:mined":{"minecraft:dark_prismarine":27,"minecraft:torch":1,"minecraft:andesite_slab":1,"minecraft:spruce_leaves":5,"minecraft:red_glazed_terracotta":1,"minecraft:wall_torch":3,"minecraft:spawner":3,"minecraft:ice":1,"minecraft:spruce_log":18,"minecraft:birch_leaves":6,"minecraft:yellow_bed":2,"minecraft:grass":2,"minecraft:dirt":8,"minecraft:terracotta":3,"minecraft:stone":55},"minecraft:custom":{"minecraft:interact_with_smithing_table":2,"minecraft:interact_with_furnace":1,"minecraft:mob_kills":210,"minecraft:interact_with_crafting_table":14,"minecraft:open_barrel":39,"minecraft:damage_dealt_resisted":641,"minecraft:leave_game":1,"minecraft:time_since_death":110185,"minecraft:sleep_in_bed":6,"minecraft:damage_resisted":46,"minecraft:climb_one_cm":15929,"minecraft:time_since_rest":46440,"minecraft:waystone_activated":1,"minecraft:sprint_one_cm":166638,"minecraft:damage_taken":4069,"minecraft:walk_one_cm":895901,"minecraft:damage_blocked_by_shield":75,"minecraft:drop":5,"minecraft:damage_dealt":56362,"minecraft:damage_dealt_absorbed":22,"minecraft:player_kills":2,"minecraft:fly_one_cm":214887,"minecraft:open_chest":53,"minecraft:crouch_one_cm":12760,"minecraft:play_time":232354,"minecraft:deaths":1,"minecraft:sneak_time":4194,"minecraft:walk_under_water_one_cm":80286,"minecraft:jump":2132,"minecraft:walk_on_water_one_cm":29502,"minecraft:total_world_time":232354,"minecraft:fall_one_cm":16257},"minecraft:picked_up":{"minecraft:wooden_axe":1,"minecraft:feather":2,"fight_or_die:springer_fragment":1,"minecraft:chicken":1,"minecraft:turtle_helmet":1,"minecraft:leather_leggings":1,"minecraft:red_glazed_terracotta":1,"minecraft:wooden_pickaxe":1,"minecraft:enchanted_book":1,"minecraft:yellow_bed":5,"minecraft:gunpowder":16,"minecraft:dirt":10,"minecraft:string":4,"aquamirae:fin":16,"minecraft:bone":115,"minecraft:bow":1,"minecraft:spruce_planks":1,"minecraft:birch_sapling":1,"minecraft:iron_sword":2,"minecraft:phantom_membrane":21,"fight_or_die:ripping_flesh":1,"minecraft:stick":3,"apotheosis:gem":11,"minecraft:copper_ingot":3,"minecraft:torch":9,"sophisticatedbackpacks:backpack":1,"aquamirae:anglers_fang":1,"minecraft:gravel":5,"spartanshields:wooden_tower_shield":1,"farmersdelight:tomato_seeds":2,"minecraft:spruce_sapling":1,"minecraft:spruce_log":19,"aquamirae:esca":3,"fight_or_die:sickened_heart":1,"minecraft:spider_eye":2,"alexsmobs:animal_dictionary":1,"minecraft:leather_helmet":1,"minecraft:dark_prismarine":27,"minecraft:arrow":105,"minecraft:rotten_flesh":13,"waystones:waystone":1,"minecraft:iron_helmet":1,"aquamirae:treasure_pouch":1,"minecraft:coal":14,"minecraft:andesite_slab":2,"minecraft:cobblestone":59},"minecraft:broken":{"minecraft:wooden_axe":1,"minecraft:wooden_pickaxe":1},"minecraft:used":{"minecraft:andesite_slab":2,"minecraft:spruce_planks":21,"minecraft:wooden_pickaxe":59,"minecraft:stone":7,"minecraft:iron_sword":819,"minecraft:red_glazed_terracotta":1,"minecraft:rotten_flesh":5,"minecraft:torch":398,"minecraft:dirt":8,"minecraft:crafting_table":4,"minecraft:crossbow":63,"minecraft:dark_prismarine":27,"minecraft:wooden_axe":41,"spartanshields:wooden_tower_shield":1,"minecraft:iron_pickaxe":50,"minecraft:red_terracotta":1,"minecraft:cobblestone":35,"minecraft:cooked_porkchop":25,"minecraft:yellow_bed":4,"minecraft:experience_bottle":26},"minecraft:dropped":{"alexsmobs:animal_dictionary":1,"minecraft:birch_sapling":1,"minecraft:coal":14,"minecraft:spruce_planks":1,"minecraft:yellow_bed":1},"minecraft:crafted":{"spartanshields:diamond_tower_shield":1,"skilltree:bone_quiver":3,"minecraft:crafting_table":1,"minecraft:spruce_planks":20,"spartanshields:wooden_tower_shield":1,"sophisticatedbackpacks:gold_backpack":1,"sophisticatedbackpacks:crafting_upgrade":1,"sophisticatedbackpacks:upgrade_base":2,"quark:vertical_spruce_planks":6,"sophisticatedbackpacks:diamond_backpack":1,"quark:spruce_chest":1,"sophisticatedbackpacks:iron_backpack":1}},"DataVersion":3465}