{"stats":{"minecraft:custom":{"minecraft:time_since_rest":35047,"minecraft:sprint_one_cm":26712,"minecraft:damage_taken":729,"minecraft:walk_one_cm":93947,"minecraft:mob_kills":15,"minecraft:drop":1,"minecraft:damage_dealt":3441,"minecraft:open_barrel":1,"minecraft:swim_one_cm":12044,"minecraft:talked_to_villager":1,"minecraft:fly_one_cm":49423,"minecraft:crouch_one_cm":306,"minecraft:play_time":35047,"minecraft:sneak_time":91,"minecraft:walk_under_water_one_cm":4121,"minecraft:jump":600,"minecraft:damage_dealt_resisted":95,"minecraft:walk_on_water_one_cm":18285,"minecraft:time_since_death":35047,"minecraft:climb_one_cm":1103,"minecraft:total_world_time":35047,"minecraft:damage_resisted":0,"minecraft:fall_one_cm":2552},"minecraft:picked_up":{"minecraft:wooden_axe":1,"fight_or_die:ripping_flesh":1,"minecraft:scaffolding":1,"minecraft:chainmail_boots":1,"minecraft:lilac":5,"minecraft:wheat":1,"minecraft:cooked_beef":1,"minecraft:leather_leggings":1,"minecraft:golden_pickaxe":1,"minecraft:spruce_fence":1,"minecraft:enchanted_book":1,"minecraft:oak_log":4,"minecraft:gunpowder":1,"minecraft:dirt":26,"minecraft:map":1,"minecraft:spider_eye":2,"minecraft:string":3,"minecraft:lantern":1,"minecraft:white_banner":1,"minecraft:item_frame":3,"minecraft:red_carpet":1,"minecraft:bone":5,"minecraft:arrow":2,"minecraft:apple":1,"minecraft:bow":1,"minecraft:peony":3,"minecraft:wheat_seeds":7,"minecraft:chainmail_leggings":1,"minecraft:emerald":1,"minecraft:stone_pickaxe":1,"minecraft:cooked_chicken":1,"minecraft:oak_boat":1,"minecraft:poppy":1,"minecraft:bread":7,"minecraft:rabbit":1,"minecraft:oak_planks":3,"minecraft:leather_chestplate":1,"fight_or_die:springer_fragment":1},"minecraft:mined":{"fight_or_die:blood_splash2":1,"minecraft:grass":6,"minecraft:spruce_fence":1,"minecraft:oak_log":1},"minecraft:dropped":{"minecraft:oak_boat":1},"minecraft:killed":{"fight_or_die:mutated_villager":1,"minecraft:skeleton":2,"fight_or_die:springer":4,"fight_or_die:mutated_player":1,"minecraft:vindicator":1,"minecraft:spider":1,"minecraft:skeleton_horse":1,"minecraft:creeper":2},"minecraft:used":{"minecraft:oak_log":1,"minecraft:apple":1,"minecraft:iron_axe":30,"minecraft:bread":7,"minecraft:lilac":3,"minecraft:cooked_chicken":1,"minecraft:dirt":4,"minecraft:cooked_porkchop":3,"alexsmobs:animal_dictionary":2,"minecraft:cooked_beef":1,"minecraft:spruce_fence":1,"minecraft:wooden_axe":18}},"DataVersion":3465}