{"stats":{"minecraft:custom":{"minecraft:time_since_rest":45,"minecraft:interact_with_furnace":3,"minecraft:sprint_one_cm":228383,"minecraft:damage_taken":2636,"minecraft:walk_one_cm":290288,"minecraft:trigger_trapped_chest":2,"minecraft:mob_kills":38,"minecraft:drop":2,"minecraft:damage_dealt":5759,"minecraft:swim_one_cm":10485,"minecraft:talked_to_villager":5,"minecraft:fly_one_cm":212550,"minecraft:open_chest":106,"minecraft:play_time":85288,"minecraft:crouch_one_cm":13021,"minecraft:sneak_time":2618,"minecraft:deaths":6,"minecraft:walk_under_water_one_cm":13380,"minecraft:jump":1137,"minecraft:damage_dealt_resisted":0,"minecraft:leave_game":6,"minecraft:time_since_death":0,"minecraft:walk_on_water_one_cm":25709,"minecraft:total_world_time":85288,"minecraft:climb_one_cm":4965,"minecraft:damage_resisted":111,"minecraft:fall_one_cm":18425,"minecraft:waystone_activated":2},"minecraft:killed":{"fight_or_die:mutated_villager":1,"fight_or_die:springer":4,"minecraft:husk":2,"fight_or_die:mutated_human":2,"fight_or_die:shiller":5,"minecraft:zombie":12,"minecraft:zombie_villager":1,"undead_revamp2:thebidy":1,"minecraft:spider":4,"undead_revamp2:therod":1,"alexsmobs:fly":1,"undead_revamp2:sucker":2,"undead_revamp2:theswarmer":1},"minecraft:mined":{"minecraft:smooth_stone":1,"minecraft:seagrass":1,"minecraft:tall_seagrass":1,"minecraft:coal_ore":4,"minecraft:vine":1,"minecraft:dead_bush":11,"minecraft:sand":12,"minecraft:stone":3,"minecraft:sandstone":2},"minecraft:used":{"minecraft:birch_slab":1,"minecraft:bread":22,"minecraft:iron_pickaxe":10,"minecraft:sandstone":6,"minecraft:iron_sword":109,"minecraft:sand":13,"minecraft:sandstone_slab":2,"alexsmobs:animal_dictionary":1,"minecraft:smooth_stone":9},"minecraft:dropped":{"minecraft:bread":13,"minecraft:sand":1},"minecraft:picked_up":{"minecraft:stick":11,"fight_or_die:ripping_flesh":2,"minecraft:sandstone":7,"minecraft:sandstone_slab":2,"minecraft:clay_ball":3,"minecraft:birch_slab":1,"minecraft:sand":20,"minecraft:shield":1,"fight_or_die:sickened_heart":1,"minecraft:spider_eye":2,"minecraft:string":4,"minecraft:bone":1,"minecraft:arrow":1,"minecraft:rotten_flesh":9,"minecraft:smooth_stone":13,"alexsmobs:maggot":1,"minecraft:flowering_azalea":1,"minecraft:coal":4,"minecraft:cobblestone":3}},"DataVersion":3465}