{"stats":{"minecraft:custom":{"minecraft:time_since_rest":8712,"minecraft:sprint_one_cm":50517,"minecraft:play_time":29269,"minecraft:damage_taken":428,"minecraft:deaths":1,"minecraft:walk_one_cm":22576,"minecraft:sneak_time":71,"minecraft:walk_under_water_one_cm":2271,"minecraft:mob_kills":1,"minecraft:drop":1,"minecraft:damage_dealt_resisted":0,"minecraft:jump":225,"minecraft:damage_dealt":198,"minecraft:leave_game":2,"minecraft:walk_on_water_one_cm":2496,"minecraft:time_since_death":8620,"minecraft:total_world_time":29269,"minecraft:swim_one_cm":1132,"minecraft:fall_one_cm":5649,"minecraft:fly_one_cm":46418},"minecraft:killed":{"minecraft:spider":1},"minecraft:mined":{"minecraft:dead_bush":4,"minecraft:sand":4},"minecraft:dropped":{"minecraft:sand":1},"minecraft:used":{"minecraft:sand":4,"alexsmobs:animal_dictionary":1},"minecraft:picked_up":{"minecraft:stick":4,"minecraft:rotten_flesh":1,"minecraft:sand":5,"minecraft:string":1}},"DataVersion":3465}