{"stats":{"minecraft:custom":{"minecraft:interact_with_furnace":3,"minecraft:mob_kills":39,"minecraft:interact_with_crafting_table":4,"minecraft:damage_dealt_resisted":0,"minecraft:leave_game":6,"minecraft:time_since_death":20449,"minecraft:climb_one_cm":4965,"minecraft:damage_resisted":145,"minecraft:waystone_activated":2,"minecraft:time_since_rest":21242,"minecraft:sprint_one_cm":241381,"minecraft:damage_taken":3147,"minecraft:walk_one_cm":385571,"minecraft:trigger_trapped_chest":2,"minecraft:drop":6,"minecraft:damage_dealt":5877,"minecraft:swim_one_cm":10485,"minecraft:talked_to_villager":5,"minecraft:fly_one_cm":291771,"minecraft:open_chest":107,"minecraft:crouch_one_cm":15319,"minecraft:play_time":106485,"minecraft:deaths":6,"minecraft:sneak_time":3052,"minecraft:walk_under_water_one_cm":13416,"minecraft:jump":1350,"minecraft:walk_on_water_one_cm":25930,"minecraft:total_world_time":106485,"minecraft:fall_one_cm":19517},"minecraft:killed":{"fight_or_die:springer":4,"minecraft:husk":2,"minecraft:zombie_villager":1,"minecraft:spider":4,"undead_revamp2:theswarmer":1,"fight_or_die:mutated_villager":1,"fight_or_die:mutated_human":2,"fight_or_die:shiller":5,"minecraft:zombie":13,"undead_revamp2:thebidy":1,"undead_revamp2:therod":1,"alexsmobs:fly":1,"undead_revamp2:sucker":2},"minecraft:mined":{"minecraft:crafting_table":1,"minecraft:light_gray_terracotta":15,"minecraft:acacia_log":14,"minecraft:grass_block":2,"minecraft:dead_bush":11,"minecraft:tall_grass":1,"minecraft:sandstone":2,"minecraft:wall_torch":2,"minecraft:white_terracotta":37,"minecraft:seagrass":1,"minecraft:smooth_stone":1,"minecraft:tall_seagrass":1,"minecraft:grass":3,"minecraft:vine":1,"minecraft:coal_ore":4,"minecraft:sand":12,"minecraft:acacia_planks":1,"minecraft:stone":131},"minecraft:used":{"minecraft:stone_pickaxe":44,"minecraft:white_terracotta":1,"minecraft:sandstone":6,"minecraft:iron_sword":111,"minecraft:torch":12,"minecraft:sand":13,"minecraft:crafting_table":1,"minecraft:acacia_sapling":1,"minecraft:flowering_azalea":1,"minecraft:birch_slab":1,"minecraft:bread":28,"minecraft:iron_pickaxe":146,"mvw:stone_dagger":1,"minecraft:stone_axe":13,"minecraft:sandstone_slab":2,"alexsmobs:animal_dictionary":1,"minecraft:acacia_planks":12,"minecraft:smooth_stone":9},"minecraft:dropped":{"minecraft:bread":44,"minecraft:iron_sword":1,"mvw:stone_dagger":1,"minecraft:iron_leggings":1,"minecraft:sand":1},"minecraft:crafted":{"minecraft:bone_meal":3,"minecraft:stone_axe":1,"minecraft:stick":4,"minecraft:stone_pickaxe":1,"minecraft:acacia_planks":24,"minecraft:torch":16},"minecraft:picked_up":{"minecraft:crafting_table":1,"minecraft:sandstone_slab":2,"minecraft:clay_ball":3,"minecraft:birch_slab":1,"minecraft:shield":1,"minecraft:dirt":2,"minecraft:string":5,"minecraft:bone":1,"minecraft:wheat_seeds":1,"minecraft:smooth_stone":13,"mvw:stone_dagger":1,"minecraft:flowering_azalea":1,"minecraft:acacia_sapling":3,"fight_or_die:ripping_flesh":2,"minecraft:stick":11,"minecraft:sandstone":7,"minecraft:torch":3,"minecraft:acacia_log":14,"minecraft:sand":20,"fight_or_die:sickened_heart":1,"minecraft:spider_eye":2,"minecraft:light_gray_terracotta":15,"minecraft:arrow":1,"minecraft:rotten_flesh":9,"minecraft:white_terracotta":37,"alexsmobs:maggot":1,"minecraft:coal":4,"minecraft:cobblestone":129}},"DataVersion":3465}