{"stats":{"minecraft:custom":{"minecraft:time_since_rest":28257,"minecraft:waystone_activated":2,"minecraft:interact_with_furnace":3,"minecraft:sprint_one_cm":163191,"minecraft:damage_taken":1874,"minecraft:walk_one_cm":200979,"minecraft:mob_kills":21,"minecraft:drop":1,"minecraft:damage_dealt":3634,"minecraft:swim_one_cm":10485,"minecraft:talked_to_villager":4,"minecraft:fly_one_cm":138805,"minecraft:open_chest":90,"minecraft:crouch_one_cm":12530,"minecraft:play_time":65269,"minecraft:deaths":5,"minecraft:sneak_time":2545,"minecraft:walk_under_water_one_cm":5424,"minecraft:jump":778,"minecraft:damage_dealt_resisted":0,"minecraft:leave_game":2,"minecraft:time_since_death":26296,"minecraft:walk_on_water_one_cm":18031,"minecraft:total_world_time":65269,"minecraft:climb_one_cm":4321,"minecraft:damage_resisted":49,"minecraft:fall_one_cm":17120},"minecraft:killed":{"fight_or_die:springer":1,"minecraft:husk":2,"minecraft:zombie":10,"minecraft:zombie_villager":1,"minecraft:spider":4,"alexsmobs:fly":1,"undead_revamp2:sucker":2},"minecraft:mined":{"minecraft:smooth_stone":1,"minecraft:coal_ore":4,"minecraft:vine":1,"minecraft:dead_bush":11,"minecraft:sand":12,"minecraft:stone":3,"minecraft:sandstone":1},"minecraft:dropped":{"minecraft:sand":1},"minecraft:used":{"minecraft:birch_slab":1,"minecraft:bread":14,"minecraft:iron_pickaxe":9,"minecraft:sandstone":1,"minecraft:iron_sword":73,"minecraft:sand":13,"minecraft:sandstone_slab":2,"alexsmobs:animal_dictionary":1,"minecraft:smooth_stone":9},"minecraft:picked_up":{"minecraft:stick":11,"minecraft:sandstone":6,"minecraft:sandstone_slab":2,"minecraft:clay_ball":3,"minecraft:birch_slab":1,"minecraft:sand":20,"minecraft:spider_eye":2,"minecraft:string":4,"minecraft:bone":1,"minecraft:rotten_flesh":7,"minecraft:smooth_stone":13,"alexsmobs:maggot":1,"minecraft:coal":4,"minecraft:cobblestone":3}},"DataVersion":3465}