{"stats":{"minecraft:crafted":{"minecraft:oak_planks":8,"tacz:gun_smith_table":1,"minecraft:oak_wood":6,"minecraft:leather":2,"minecraft:iron_block":1},"minecraft:custom":{"minecraft:interact_with_furnace":4,"minecraft:interact_with_anvil":2,"minecraft:mob_kills":66,"minecraft:interact_with_crafting_table":5,"minecraft:open_barrel":7,"minecraft:damage_dealt_resisted":226,"minecraft:leave_game":1,"minecraft:time_since_death":178584,"minecraft:damage_resisted":11,"minecraft:sleep_in_bed":3,"minecraft:climb_one_cm":3159,"minecraft:time_since_rest":98359,"minecraft:sprint_one_cm":131153,"minecraft:damage_taken":1408,"minecraft:walk_one_cm":491244,"minecraft:drop":14,"minecraft:damage_dealt":11802,"minecraft:swim_one_cm":15408,"minecraft:fly_one_cm":280231,"minecraft:talked_to_villager":1,"minecraft:open_chest":25,"minecraft:crouch_one_cm":10002,"minecraft:play_time":178584,"minecraft:sneak_time":2629,"minecraft:walk_under_water_one_cm":33826,"minecraft:boat_one_cm":78868,"minecraft:jump":1716,"minecraft:walk_on_water_one_cm":34875,"minecraft:total_world_time":178584,"minecraft:fall_one_cm":11952},"minecraft:picked_up":{"minecraft:wooden_axe":1,"minecraft:leather_chestplate":1,"minecraft:wheat":2,"minecraft:cooked_beef":1,"fight_or_die:springer_fragment":3,"minecraft:lilac":5,"minecraft:chainmail_boots":1,"minecraft:golden_pickaxe":1,"minecraft:leather_leggings":1,"minecraft:enchanted_book":1,"minecraft:oak_log":19,"minecraft:shield":1,"minecraft:gunpowder":4,"minecraft:map":1,"minecraft:string":8,"minecraft:dirt":26,"minecraft:lantern":1,"minecraft:white_banner":1,"minecraft:iron_axe":1,"minecraft:iron_leggings":2,"minecraft:item_frame":5,"minecraft:red_carpet":1,"minecraft:bone":12,"minecraft:acacia_planks":5,"minecraft:apple":1,"undead_revamp2:blacpetalblock":1,"minecraft:bow":1,"minecraft:wheat_seeds":41,"minecraft:iron_ingot":58,"minecraft:stone_pickaxe":1,"minecraft:cooked_chicken":1,"minecraft:oak_boat":1,"minecraft:rose_bush":2,"minecraft:glowstone_dust":2,"minecraft:poppy":1,"minecraft:iron_pickaxe":1,"minecraft:rabbit":1,"minecraft:oak_planks":3,"minecraft:iron_boots":1,"minecraft:scaffolding":1,"fight_or_die:ripping_flesh":1,"minecraft:stick":1,"apotheosis:gem":3,"minecraft:copper_ingot":1,"minecraft:brown_terracotta":12,"minecraft:torch":1,"minecraft:spruce_fence":1,"minecraft:stone_button":2,"minecraft:white_bed":7,"minecraft:redstone":1,"minecraft:spider_eye":5,"undead_revamp2:rawbostrox":3,"minecraft:light_gray_terracotta":15,"alexsmobs:kangaroo_hide":5,"minecraft:arrow":6,"minecraft:rotten_flesh":19,"minecraft:white_concrete_powder":2,"minecraft:peony":16,"minecraft:chainmail_leggings":1,"minecraft:white_terracotta":11,"minecraft:emerald":1,"minecraft:bread":7,"alexsmobs:kangaroo_meat":5,"minecraft:white_wool":2,"minecraft:cobblestone":62},"minecraft:mined":{"minecraft:white_bed":5,"minecraft:light_gray_terracotta":1,"minecraft:spruce_fence":1,"minecraft:redstone_wire":1,"tacz:gun_smith_table":1,"minecraft:cobblestone":1,"minecraft:wall_torch":1,"fight_or_die:blood_splash2":1,"minecraft:peony":5,"minecraft:grass":6,"minecraft:oak_log":16,"minecraft:brown_terracotta":7,"minecraft:acacia_planks":4},"minecraft:dropped":{"minecraft:iron_ingot":80,"minecraft:oak_log":31,"minecraft:cobblestone":28,"minecraft:white_terracotta":1,"alexsmobs:kangaroo_hide":1,"minecraft:oak_boat":1,"minecraft:white_wool":2,"minecraft:acacia_planks":1},"minecraft:broken":{"minecraft:wooden_axe":1},"minecraft:killed":{"fight_or_die:springer":21,"minecraft:witch":2,"naturalist:firefly":1,"minecraft:vindicator":1,"undead_revamp2:the_moonflower":1,"minecraft:spider":6,"undead_revamp2:bomber":1,"minecraft:creeper":5,"fight_or_die:mutated_villager":1,"minecraft:skeleton":5,"minecraft:guardian":1,"fight_or_die:shiller":3,"minecraft:zombie":7,"fight_or_die:mutated_player":1,"undead_revamp2:therod":1,"alexsmobs:skelewag":1,"minecraft:skeleton_horse":1,"alexsmobs:kangaroo":4},"minecraft:used":{"minecraft:peony":4,"minecraft:redstone":1,"minecraft:stone_pickaxe":9,"minecraft:oak_planks":11,"tacz:gun_smith_table":1,"minecraft:white_terracotta":10,"minecraft:cooked_chicken":1,"minecraft:torch":1,"minecraft:dirt":4,"minecraft:white_bed":7,"minecraft:spruce_fence":1,"minecraft:brown_terracotta":12,"minecraft:oak_log":1,"minecraft:wooden_axe":38,"minecraft:apple":1,"minecraft:bread":7,"minecraft:iron_axe":164,"minecraft:stone_button":2,"minecraft:lilac":3,"minecraft:cobblestone":24,"minecraft:bow":19,"minecraft:cooked_porkchop":16,"alexsmobs:animal_dictionary":2,"minecraft:oak_boat":1,"minecraft:cooked_beef":1,"minecraft:acacia_planks":72}},"DataVersion":3465}