{"stats":{"minecraft:killed":{"fight_or_die:springer":13,"minecraft:spider":7,"undead_revamp2:thesmoker":2,"undead_revamp2:theswarmer":2,"minecraft:skeleton":2,"fight_or_die:mutated_human":5,"fight_or_die:shiller":8,"minecraft:chicken":2,"undead_revamp2:thebidy":1,"undead_revamp2:therod":1,"minecraft:drowned":1,"undead_revamp2:thepregnant":1,"undead_revamp2:sucker":3,"alexsmobs:kangaroo":8,"minecraft:husk":4,"minecraft:pig":3,"minecraft:zombie_villager":1,"undead_revamp2:the_moonflower":3,"minecraft:creeper":5,"alexsmobs:emu":1,"fight_or_die:mutated_villager":3,"undead_revamp2:thesomnolence":4,"minecraft:zombie":19,"alexsmobs:fly":1,"alexsmobs:komodo_dragon":2,"minecraft:enderman":1,"minecraft:cow":2},"minecraft:used":{"minecraft:azalea":1,"waystones:sandy_waystone":1,"quark:jungle_chest":2,"minecraft:shield":2,"minecraft:white_terracotta":35,"minecraft:iron_sword":319,"minecraft:torch":44,"minecraft:dirt":2,"alexsmobs:cooked_kangaroo_meat":8,"minecraft:acacia_sapling":1,"minecraft:brown_terracotta":4,"minecraft:flowering_azalea":1,"minecraft:iron_axe":6,"minecraft:acacia_planks":14,"minecraft:stone_pickaxe":265,"minecraft:oak_planks":1,"minecraft:sandstone":10,"minecraft:sand":13,"minecraft:crafting_table":1,"minecraft:light_gray_terracotta":33,"minecraft:chiseled_sandstone":1,"minecraft:birch_slab":1,"minecraft:bread":99,"minecraft:cyan_bed":5,"minecraft:iron_pickaxe":207,"mvw:stone_dagger":1,"minecraft:stone_axe":61,"minecraft:cobblestone":25,"minecraft:cooked_porkchop":3,"minecraft:sandstone_slab":2,"quark:oak_chest":2,"alexsmobs:animal_dictionary":1,"minecraft:smooth_stone":9},"minecraft:custom":{"minecraft:mob_kills":115,"minecraft:interact_with_crafting_table":18,"minecraft:damage_dealt_resisted":769,"minecraft:leave_game":8,"minecraft:time_since_death":198804,"minecraft:climb_one_cm":8895,"minecraft:damage_resisted":319,"minecraft:sprint_one_cm":647227,"minecraft:walk_one_cm":1443416,"minecraft:damage_blocked_by_shield":510,"minecraft:drop":26,"minecraft:talked_to_villager":8,"minecraft:play_time":284840,"minecraft:sneak_time":4826,"minecraft:deaths":6,"minecraft:walk_under_water_one_cm":34799,"minecraft:jump":3670,"minecraft:walk_on_water_one_cm":59973,"minecraft:total_world_time":284840,"minecraft:interact_with_furnace":9,"minecraft:sleep_in_bed":6,"minecraft:waystone_activated":4,"minecraft:time_since_rest":15623,"minecraft:damage_taken":6648,"minecraft:damage_absorbed":54,"minecraft:trigger_trapped_chest":5,"minecraft:damage_dealt":18184,"minecraft:swim_one_cm":10485,"minecraft:fly_one_cm":547402,"minecraft:player_kills":1,"minecraft:open_chest":269,"minecraft:crouch_one_cm":23081,"minecraft:interact_with_smoker":1,"minecraft:fall_one_cm":54511},"minecraft:crafted":{"minecraft:oak_planks":72,"quark:jungle_chest":2,"minecraft:bone_meal":3,"minecraft:stone_pickaxe":2,"alexsmobs:boiled_emu_egg":2,"minecraft:stone_axe":1,"minecraft:jungle_planks":12,"quark:oak_chest":2,"minecraft:stick":4,"minecraft:acacia_planks":24,"minecraft:torch":52},"minecraft:picked_up":{"minecraft:crafting_table":2,"minecraft:iron_chestplate":1,"minecraft:coarse_dirt":1,"minecraft:sandstone_slab":2,"minecraft:clay_ball":3,"minecraft:enchanted_book":1,"minecraft:shield":2,"minecraft:string":8,"minecraft:oak_trapdoor":1,"minecraft:raw_copper":95,"minecraft:iron_leggings":1,"minecraft:iron_shovel":1,"minecraft:smooth_stone":13,"mvw:stone_dagger":1,"minecraft:azalea":2,"minecraft:sugar_cane":8,"minecraft:spruce_trapdoor":4,"minecraft:iron_boots":1,"minecraft:egg":2,"fight_or_die:ripping_flesh":4,"minecraft:stick":17,"minecraft:raw_iron":2,"minecraft:sandstone":119,"apotheosis:gem":20,"fight_or_die:rotten_brain":1,"minecraft:copper_ingot":2,"minecraft:brown_terracotta":10,"minecraft:torch":15,"minecraft:acacia_log":30,"sophisticatedbackpacks:backpack":1,"minecraft:tnt":4,"minecraft:arrow":24,"minecraft:rotten_flesh":51,"quark:acacia_chest":1,"minecraft:hay_block":62,"undead_revamp2:the_somnolenceextract":1,"alexsmobs:emu_egg":2,"minecraft:gold_ingot":1,"minecraft:white_terracotta":50,"minecraft:cobblestone":249,"minecraft:feather":2,"minecraft:cooked_beef":3,"minecraft:golden_carrot":1,"minecraft:birch_slab":1,"minecraft:jungle_log":6,"minecraft:cut_sandstone":2,"minecraft:leather":3,"alexscaves:limestone":53,"waystones:sandy_waystone":1,"minecraft:oak_log":6,"alexsmobs:cooked_kangaroo_meat":15,"artifacts:flame_pendant":1,"minecraft:gunpowder":6,"minecraft:dirt":24,"alexscaves:amber":2,"extraarmor:rotten_flesh_helmet":1,"minecraft:bone":11,"minecraft:bow":2,"minecraft:wheat_seeds":7,"minecraft:cooked_chicken":2,"minecraft:stripped_oak_wood":16,"minecraft:acacia_sapling":5,"minecraft:gray_bed":2,"minecraft:iron_sword":1,"minecraft:flowering_azalea":1,"minecraft:oak_planks":3,"minecraft:book":18,"minecraft:scaffolding":1,"minecraft:oak_slab":1,"minecraft:cooked_porkchop":7,"minecraft:sand":36,"minecraft:cyan_bed":5,"minecraft:chiseled_sandstone":2,"fight_or_die:sickened_heart":1,"minecraft:spider_eye":2,"quark:jasper":3,"minecraft:light_gray_terracotta":37,"alexsmobs:kangaroo_hide":4,"minecraft:crossbow":1,"minecraft:bread":40,"alexsmobs:maggot":1,"minecraft:coal":29,"minecraft:ender_pearl":2},"minecraft:mined":{"alexscaves:limestone":54,"minecraft:acacia_log":30,"minecraft:grass_block":2,"quark:acacia_chest":1,"minecraft:sandstone":58,"minecraft:tall_seagrass":1,"minecraft:hay_block":62,"minecraft:smooth_stone":1,"fight_or_die:blood_splash1":5,"minecraft:iron_ore":2,"minecraft:bookshelf":3,"minecraft:vine":1,"minecraft:azalea":1,"minecraft:stone":216,"minecraft:oak_slab":1,"minecraft:acacia_leaves":1,"minecraft:scaffolding":1,"alexscaves:amber":1,"minecraft:crafting_table":1,"minecraft:light_gray_terracotta":20,"minecraft:dead_bush":14,"minecraft:tall_grass":2,"minecraft:copper_ore":27,"minecraft:cobblestone":1,"minecraft:cyan_bed":5,"minecraft:oak_planks":4,"minecraft:wall_torch":4,"minecraft:seagrass":1,"minecraft:white_terracotta":42,"fight_or_die:blood_splash2":12,"minecraft:stripped_oak_wood":16,"minecraft:tnt":6,"minecraft:grass":15,"minecraft:oak_log":6,"minecraft:coal_ore":31,"minecraft:sand":12,"minecraft:dirt":1,"minecraft:brown_terracotta":4,"minecraft:acacia_planks":1,"minecraft:small_dripleaf":1},"minecraft:broken":{"minecraft:stone_pickaxe":1,"minecraft:iron_sword":1},"minecraft:dropped":{"minecraft:bread":47,"minecraft:iron_sword":1,"minecraft:wheat_seeds":2,"minecraft:crossbow":1,"minecraft:feather":2,"alexsmobs:boiled_emu_egg":2,"mvw:stone_dagger":1,"minecraft:leather":5,"minecraft:acacia_log":24,"minecraft:gray_bed":2,"minecraft:iron_leggings":1,"minecraft:brown_terracotta":1,"minecraft:sand":1,"minecraft:string":2,"minecraft:cooked_chicken":2,"alexsmobs:cooked_kangaroo_meat":1,"alexsmobs:kangaroo_hide":4,"minecraft:iron_chestplate":1,"apotheosis:gem":1}},"DataVersion":3465}