{"stats":{"minecraft:killed":{"fight_or_die:mutated_villager_head":2,"fight_or_die:springer":9,"minecraft:husk":1,"aquamirae:maw":11,"undead_revamp2:the_moonflower":1,"minecraft:spider":10,"fight_or_die:mutated_cow":1,"royalvariations:royal_skeleton":1,"undead_revamp2:bomber":2,"minecraft:creeper":12,"minecraft:phantom":32,"fight_or_die:mutated_villager":2,"minecraft:skeleton":133,"minecraft:zombie":7,"fight_or_die:mutated_human":4,"fight_or_die:shiller":5,"minecraft:chicken":1,"aquamirae:anglerfish":4,"undead_revamp2:therod":2,"undead_revamp2:sucker":1},"minecraft:mined":{"minecraft:dark_prismarine":27,"minecraft:torch":3,"minecraft:andesite_slab":1,"minecraft:cobblestone":2,"minecraft:spruce_leaves":5,"minecraft:red_glazed_terracotta":1,"minecraft:wall_torch":6,"minecraft:spawner":3,"fight_or_die:blood_splash1":2,"minecraft:ice":1,"minecraft:lilac":1,"fight_or_die:blood_splash2":8,"minecraft:spruce_log":18,"minecraft:birch_leaves":6,"minecraft:yellow_bed":2,"minecraft:grass":2,"minecraft:dirt":8,"minecraft:terracotta":3,"minecraft:stone":55},"minecraft:custom":{"minecraft:interact_with_smithing_table":2,"minecraft:interact_with_furnace":9,"minecraft:mob_kills":248,"minecraft:interact_with_crafting_table":22,"minecraft:open_barrel":58,"minecraft:damage_dealt_resisted":1095,"minecraft:leave_game":1,"minecraft:time_since_death":170185,"minecraft:sleep_in_bed":6,"minecraft:damage_resisted":97,"minecraft:climb_one_cm":28452,"minecraft:time_since_rest":106440,"minecraft:waystone_activated":2,"minecraft:sprint_one_cm":203492,"minecraft:damage_taken":5229,"minecraft:walk_one_cm":1259728,"minecraft:damage_blocked_by_shield":225,"minecraft:drop":14,"minecraft:damage_dealt":63987,"minecraft:damage_dealt_absorbed":38,"minecraft:player_kills":2,"minecraft:fly_one_cm":242452,"minecraft:open_chest":104,"minecraft:crouch_one_cm":28519,"minecraft:play_time":292354,"minecraft:deaths":1,"minecraft:sneak_time":7771,"minecraft:walk_under_water_one_cm":96476,"minecraft:jump":2836,"minecraft:walk_on_water_one_cm":42891,"minecraft:total_world_time":292354,"minecraft:fall_one_cm":26961},"minecraft:picked_up":{"minecraft:wooden_axe":1,"minecraft:lilac":1,"minecraft:feather":2,"fight_or_die:springer_fragment":1,"minecraft:chicken":1,"minecraft:turtle_helmet":1,"minecraft:leather_leggings":1,"minecraft:red_glazed_terracotta":1,"minecraft:wooden_pickaxe":1,"minecraft:potato":3,"minecraft:enchanted_book":1,"minecraft:yellow_bed":5,"minecraft:gunpowder":17,"minecraft:dirt":29,"minecraft:string":5,"aquamirae:fin":16,"minecraft:bone":138,"minecraft:bow":1,"minecraft:spruce_planks":1,"minecraft:birch_sapling":1,"minecraft:iron_sword":2,"minecraft:phantom_membrane":21,"sophisticatedbackpacks:diamond_backpack":1,"fight_or_die:ripping_flesh":3,"minecraft:stick":3,"apotheosis:gem":12,"minecraft:copper_ingot":3,"minecraft:spruce_stairs":3,"minecraft:torch":32,"sophisticatedbackpacks:backpack":1,"aquamirae:anglers_fang":1,"minecraft:gravel":5,"spartanshields:wooden_tower_shield":1,"farmersdelight:tomato_seeds":2,"minecraft:spruce_sapling":1,"minecraft:spruce_log":19,"aquamirae:esca":3,"fight_or_die:sickened_heart":4,"minecraft:spider_eye":4,"alexsmobs:animal_dictionary":1,"minecraft:leather_helmet":1,"minecraft:dark_prismarine":27,"minecraft:arrow":105,"minecraft:rotten_flesh":15,"waystones:waystone":1,"minecraft:iron_helmet":1,"aquamirae:treasure_pouch":1,"minecraft:coal":14,"minecraft:andesite_slab":2,"minecraft:cobblestone":71},"minecraft:broken":{"minecraft:wooden_axe":1,"minecraft:wooden_pickaxe":1},"minecraft:used":{"minecraft:cobblestone_stairs":4,"minecraft:andesite_slab":2,"tacz:gun_smith_table":1,"minecraft:spruce_planks":45,"minecraft:wooden_pickaxe":59,"minecraft:stone":7,"minecraft:iron_sword":923,"minecraft:red_glazed_terracotta":1,"minecraft:rotten_flesh":5,"minecraft:torch":480,"minecraft:dirt":17,"minecraft:crafting_table":4,"minecraft:spruce_stairs":3,"minecraft:crossbow":64,"minecraft:dark_prismarine":27,"minecraft:wooden_axe":41,"spartanshields:wooden_tower_shield":1,"spartanshields:diamond_tower_shield":1,"minecraft:iron_pickaxe":52,"minecraft:red_terracotta":1,"minecraft:cobblestone":60,"minecraft:cooked_porkchop":29,"minecraft:yellow_bed":4,"minecraft:experience_bottle":26},"minecraft:dropped":{"alexsmobs:animal_dictionary":1,"minecraft:birch_sapling":1,"sophisticatedbackpacks:diamond_backpack":1,"minecraft:coal":14,"minecraft:potato":6,"minecraft:spruce_planks":1,"minecraft:yellow_bed":1,"spartanshields:diamond_tower_shield":1,"minecraft:bone":131},"minecraft:crafted":{"spartanshields:diamond_tower_shield":3,"skilltree:bone_quiver":3,"minecraft:crafting_table":1,"minecraft:spruce_planks":76,"spartanshields:wooden_tower_shield":2,"sophisticatedbackpacks:gold_backpack":1,"sophisticatedbackpacks:crafting_upgrade":1,"sophisticatedbackpacks:upgrade_base":2,"quark:vertical_spruce_planks":12,"sophisticatedbackpacks:diamond_backpack":1,"quark:spruce_chest":1,"sophisticatedbackpacks:iron_backpack":1}},"DataVersion":3465}