{"stats":{"minecraft:custom":{"minecraft:time_since_rest":22257,"minecraft:waystone_activated":2,"minecraft:interact_with_furnace":3,"minecraft:sprint_one_cm":162837,"minecraft:damage_taken":1614,"minecraft:walk_one_cm":167004,"minecraft:mob_kills":14,"minecraft:drop":1,"minecraft:damage_dealt":2407,"minecraft:swim_one_cm":10485,"minecraft:talked_to_villager":4,"minecraft:fly_one_cm":136825,"minecraft:open_chest":89,"minecraft:crouch_one_cm":1165,"minecraft:play_time":59269,"minecraft:deaths":5,"minecraft:sneak_time":675,"minecraft:walk_under_water_one_cm":5424,"minecraft:jump":751,"minecraft:damage_dealt_resisted":0,"minecraft:leave_game":2,"minecraft:time_since_death":20296,"minecraft:walk_on_water_one_cm":18031,"minecraft:total_world_time":59269,"minecraft:climb_one_cm":4321,"minecraft:damage_resisted":24,"minecraft:fall_one_cm":16698},"minecraft:killed":{"fight_or_die:springer":1,"minecraft:husk":1,"minecraft:zombie":8,"minecraft:zombie_villager":1,"minecraft:spider":3},"minecraft:mined":{"minecraft:smooth_stone":1,"minecraft:coal_ore":4,"minecraft:vine":1,"minecraft:dead_bush":11,"minecraft:sand":12,"minecraft:stone":3,"minecraft:sandstone":1},"minecraft:dropped":{"minecraft:sand":1},"minecraft:used":{"minecraft:bread":7,"minecraft:iron_pickaxe":9,"minecraft:sandstone":1,"minecraft:iron_sword":49,"minecraft:sand":13,"alexsmobs:animal_dictionary":1,"minecraft:smooth_stone":9},"minecraft:picked_up":{"minecraft:stick":11,"minecraft:sandstone":4,"minecraft:clay_ball":3,"minecraft:sand":20,"minecraft:spider_eye":1,"minecraft:string":3,"minecraft:rotten_flesh":6,"minecraft:smooth_stone":13,"minecraft:coal":4,"minecraft:cobblestone":3}},"DataVersion":3465}