{"stats":{"minecraft:custom":{"minecraft:interact_with_furnace":8,"minecraft:mob_kills":52,"minecraft:interact_with_crafting_table":9,"minecraft:damage_dealt_resisted":0,"minecraft:leave_game":6,"minecraft:time_since_death":50449,"minecraft:climb_one_cm":5169,"minecraft:damage_resisted":148,"minecraft:waystone_activated":2,"minecraft:time_since_rest":51242,"minecraft:sprint_one_cm":292239,"minecraft:damage_taken":3304,"minecraft:walk_one_cm":582353,"minecraft:damage_blocked_by_shield":330,"minecraft:trigger_trapped_chest":2,"minecraft:drop":11,"minecraft:damage_dealt":8034,"minecraft:swim_one_cm":10485,"minecraft:talked_to_villager":5,"minecraft:fly_one_cm":335892,"minecraft:open_chest":112,"minecraft:crouch_one_cm":15489,"minecraft:play_time":136485,"minecraft:deaths":6,"minecraft:sneak_time":3173,"minecraft:walk_under_water_one_cm":13416,"minecraft:jump":1726,"minecraft:walk_on_water_one_cm":25930,"minecraft:total_world_time":136485,"minecraft:fall_one_cm":21608},"minecraft:killed":{"fight_or_die:springer":5,"minecraft:husk":2,"minecraft:zombie_villager":1,"minecraft:spider":5,"undead_revamp2:thesmoker":2,"minecraft:creeper":2,"undead_revamp2:theswarmer":1,"alexsmobs:emu":1,"fight_or_die:mutated_villager":1,"fight_or_die:mutated_human":3,"fight_or_die:shiller":5,"minecraft:zombie":13,"undead_revamp2:thebidy":1,"undead_revamp2:therod":1,"alexsmobs:fly":1,"undead_revamp2:sucker":2,"alexsmobs:kangaroo":4},"minecraft:mined":{"minecraft:acacia_leaves":1,"minecraft:crafting_table":1,"minecraft:light_gray_terracotta":20,"minecraft:acacia_log":30,"minecraft:grass_block":2,"minecraft:dead_bush":11,"minecraft:tall_grass":1,"minecraft:sandstone":2,"minecraft:wall_torch":3,"minecraft:white_terracotta":42,"minecraft:seagrass":1,"minecraft:smooth_stone":1,"minecraft:tall_seagrass":1,"minecraft:grass":11,"minecraft:oak_log":6,"minecraft:vine":1,"minecraft:coal_ore":4,"minecraft:sand":12,"minecraft:brown_terracotta":4,"minecraft:acacia_planks":1,"minecraft:stone":205},"minecraft:used":{"minecraft:stone_pickaxe":132,"minecraft:shield":1,"minecraft:white_terracotta":35,"minecraft:sandstone":6,"minecraft:iron_sword":148,"minecraft:torch":20,"minecraft:dirt":2,"minecraft:sand":13,"minecraft:crafting_table":1,"minecraft:light_gray_terracotta":33,"minecraft:acacia_sapling":1,"minecraft:brown_terracotta":4,"minecraft:flowering_azalea":1,"minecraft:birch_slab":1,"minecraft:bread":34,"minecraft:iron_pickaxe":148,"mvw:stone_dagger":1,"minecraft:stone_axe":36,"minecraft:sandstone_slab":2,"alexsmobs:animal_dictionary":1,"minecraft:acacia_planks":14,"minecraft:smooth_stone":9},"minecraft:dropped":{"minecraft:bread":44,"minecraft:iron_sword":1,"minecraft:crossbow":1,"alexsmobs:boiled_emu_egg":2,"mvw:stone_dagger":1,"minecraft:acacia_log":24,"apotheosis:gem":1,"minecraft:brown_terracotta":1,"minecraft:iron_leggings":1,"minecraft:sand":1},"minecraft:crafted":{"alexsmobs:boiled_emu_egg":2,"minecraft:bone_meal":3,"minecraft:stone_axe":1,"minecraft:stick":4,"minecraft:stone_pickaxe":1,"minecraft:acacia_planks":24,"minecraft:torch":16},"minecraft:broken":{"minecraft:stone_pickaxe":1},"minecraft:picked_up":{"minecraft:crafting_table":1,"minecraft:sandstone_slab":2,"minecraft:clay_ball":3,"minecraft:birch_slab":1,"minecraft:oak_log":6,"alexsmobs:cooked_kangaroo_meat":7,"minecraft:shield":1,"minecraft:gunpowder":1,"minecraft:dirt":24,"minecraft:string":5,"minecraft:iron_shovel":1,"minecraft:bone":1,"minecraft:wheat_seeds":4,"minecraft:smooth_stone":13,"mvw:stone_dagger":1,"minecraft:flowering_azalea":1,"minecraft:acacia_sapling":5,"fight_or_die:ripping_flesh":2,"minecraft:stick":11,"apotheosis:gem":1,"minecraft:sandstone":7,"minecraft:brown_terracotta":10,"minecraft:torch":12,"minecraft:acacia_log":30,"minecraft:sand":20,"fight_or_die:sickened_heart":1,"minecraft:spider_eye":2,"minecraft:light_gray_terracotta":36,"minecraft:arrow":1,"minecraft:rotten_flesh":9,"minecraft:crossbow":1,"alexsmobs:emu_egg":2,"minecraft:bread":1,"minecraft:white_terracotta":50,"alexsmobs:maggot":1,"minecraft:coal":4,"minecraft:cobblestone":202}},"DataVersion":3465}