{"stats":{"minecraft:used":{"alexsmobs:animal_dictionary":1,"minecraft:sand":3},"minecraft:custom":{"minecraft:jump":133,"minecraft:time_since_rest":18070,"minecraft:damage_taken":75,"minecraft:leave_game":1,"minecraft:play_time":18070,"minecraft:sprint_one_cm":27969,"minecraft:time_since_death":18070,"minecraft:walk_on_water_one_cm":2496,"minecraft:walk_one_cm":8371,"minecraft:total_world_time":18070,"minecraft:walk_under_water_one_cm":2271,"minecraft:swim_one_cm":1132,"minecraft:fall_one_cm":4128,"minecraft:fly_one_cm":29157},"minecraft:picked_up":{"minecraft:sand":4},"minecraft:mined":{"minecraft:sand":4}},"DataVersion":3465}