{"stats":{"minecraft:custom":{"minecraft:time_since_rest":11047,"minecraft:crouch_one_cm":232,"minecraft:play_time":11047,"minecraft:sprint_one_cm":8398,"minecraft:damage_taken":354,"minecraft:walk_one_cm":38617,"minecraft:sneak_time":75,"minecraft:walk_under_water_one_cm":3113,"minecraft:mob_kills":2,"minecraft:damage_dealt_resisted":0,"minecraft:jump":227,"minecraft:damage_dealt":367,"minecraft:time_since_death":11047,"minecraft:walk_on_water_one_cm":17031,"minecraft:total_world_time":11047,"minecraft:climb_one_cm":281,"minecraft:talked_to_villager":1,"minecraft:swim_one_cm":12044,"minecraft:fall_one_cm":2552,"minecraft:fly_one_cm":6311},"minecraft:picked_up":{"minecraft:cooked_beef":1,"minecraft:scaffolding":1,"minecraft:wheat":1,"minecraft:item_frame":2,"minecraft:lilac":3,"minecraft:arrow":1,"minecraft:apple":1,"minecraft:bow":1,"minecraft:wheat_seeds":4,"minecraft:peony":3,"minecraft:spruce_fence":1,"minecraft:enchanted_book":1,"minecraft:cooked_chicken":1,"minecraft:spider_eye":1,"minecraft:map":1,"minecraft:string":1,"minecraft:chainmail_boots":1,"minecraft:bone":1},"minecraft:mined":{"minecraft:grass":3,"minecraft:spruce_fence":1},"minecraft:killed":{"minecraft:skeleton":1},"minecraft:used":{"minecraft:apple":1,"alexsmobs:animal_dictionary":2,"minecraft:cooked_beef":1,"minecraft:spruce_fence":1,"minecraft:cooked_chicken":1}},"DataVersion":3465}