{"stats":{"minecraft:custom":{"minecraft:interact_with_furnace":2,"minecraft:mob_kills":61,"minecraft:open_barrel":7,"minecraft:damage_dealt_resisted":226,"minecraft:time_since_death":71047,"minecraft:damage_resisted":11,"minecraft:climb_one_cm":2917,"minecraft:time_since_rest":71047,"minecraft:sprint_one_cm":110915,"minecraft:damage_taken":1084,"minecraft:walk_one_cm":205107,"minecraft:drop":1,"minecraft:damage_dealt":10554,"minecraft:fly_one_cm":268536,"minecraft:swim_one_cm":12044,"minecraft:talked_to_villager":1,"minecraft:open_chest":8,"minecraft:crouch_one_cm":4318,"minecraft:play_time":71047,"minecraft:sneak_time":1118,"minecraft:walk_under_water_one_cm":31994,"minecraft:boat_one_cm":78868,"minecraft:jump":1131,"minecraft:walk_on_water_one_cm":34027,"minecraft:total_world_time":71047,"minecraft:fall_one_cm":9449},"minecraft:picked_up":{"minecraft:wooden_axe":1,"minecraft:leather_chestplate":1,"minecraft:wheat":2,"fight_or_die:springer_fragment":3,"minecraft:cooked_beef":1,"minecraft:lilac":5,"minecraft:chainmail_boots":1,"minecraft:golden_pickaxe":1,"minecraft:leather_leggings":1,"minecraft:enchanted_book":1,"minecraft:oak_log":19,"minecraft:gunpowder":4,"minecraft:map":1,"minecraft:string":8,"minecraft:dirt":26,"minecraft:white_banner":1,"minecraft:lantern":1,"minecraft:iron_leggings":1,"minecraft:item_frame":5,"minecraft:red_carpet":1,"minecraft:bone":12,"minecraft:apple":1,"undead_revamp2:blacpetalblock":1,"minecraft:bow":1,"minecraft:wheat_seeds":41,"minecraft:stone_pickaxe":1,"minecraft:cooked_chicken":1,"minecraft:oak_boat":1,"minecraft:rose_bush":2,"minecraft:glowstone_dust":2,"minecraft:iron_pickaxe":1,"minecraft:poppy":1,"minecraft:rabbit":1,"minecraft:oak_planks":3,"minecraft:stick":1,"minecraft:scaffolding":1,"fight_or_die:ripping_flesh":1,"apotheosis:gem":3,"minecraft:copper_ingot":1,"minecraft:spruce_fence":1,"minecraft:stone_button":2,"minecraft:spider_eye":5,"undead_revamp2:rawbostrox":3,"minecraft:arrow":6,"minecraft:rotten_flesh":19,"minecraft:white_concrete_powder":2,"minecraft:peony":16,"minecraft:chainmail_leggings":1,"minecraft:bread":7,"minecraft:emerald":1,"minecraft:cobblestone":5},"minecraft:mined":{"minecraft:spruce_fence":1,"fight_or_die:blood_splash2":1,"minecraft:peony":5,"minecraft:grass":6,"minecraft:oak_log":16},"minecraft:dropped":{"minecraft:oak_boat":1},"minecraft:broken":{"minecraft:wooden_axe":1},"minecraft:killed":{"fight_or_die:springer":20,"minecraft:witch":2,"naturalist:firefly":1,"undead_revamp2:the_moonflower":1,"minecraft:spider":6,"minecraft:vindicator":1,"undead_revamp2:bomber":1,"minecraft:creeper":5,"fight_or_die:mutated_villager":1,"minecraft:skeleton":5,"minecraft:guardian":1,"minecraft:zombie":7,"fight_or_die:shiller":3,"fight_or_die:mutated_player":1,"undead_revamp2:therod":1,"alexsmobs:skelewag":1,"minecraft:skeleton_horse":1},"minecraft:used":{"minecraft:peony":4,"minecraft:cooked_chicken":1,"minecraft:dirt":4,"minecraft:spruce_fence":1,"minecraft:oak_log":1,"minecraft:wooden_axe":38,"minecraft:apple":1,"minecraft:iron_axe":139,"minecraft:bread":7,"minecraft:stone_button":2,"minecraft:lilac":3,"minecraft:bow":19,"minecraft:cooked_porkchop":8,"minecraft:oak_boat":1,"alexsmobs:animal_dictionary":2,"minecraft:cooked_beef":1}},"DataVersion":3465}