{"stats":{"minecraft:custom":{"minecraft:mob_kills":3,"minecraft:interact_with_crafting_table":6,"minecraft:damage_dealt_resisted":2,"minecraft:leave_game":7,"minecraft:time_since_death":2972,"minecraft:climb_one_cm":1514,"minecraft:time_since_rest":2999,"minecraft:sprint_one_cm":92346,"minecraft:damage_taken":2194,"minecraft:walk_one_cm":174212,"minecraft:trigger_trapped_chest":4,"minecraft:drop":6,"minecraft:damage_dealt":653,"minecraft:swim_one_cm":55443,"minecraft:fly_one_cm":146761,"minecraft:open_chest":14,"minecraft:crouch_one_cm":2572,"minecraft:play_time":39710,"minecraft:deaths":6,"minecraft:sneak_time":491,"minecraft:walk_under_water_one_cm":7766,"minecraft:jump":753,"minecraft:walk_on_water_one_cm":12574,"minecraft:total_world_time":39710,"minecraft:fall_one_cm":12869},"minecraft:killed":{"minecraft:pillager":1,"aquaculture:synodontis":1,"alexsmobs:fly":1},"minecraft:killed_by":{"minecraft:skeleton":1},"minecraft:mined":{"minecraft:large_amethyst_bud":1,"minecraft:cut_sandstone":2,"minecraft:smooth_sandstone":2,"minecraft:crafting_table":4,"minecraft:grass_block":1,"minecraft:dead_bush":2,"minecraft:oak_pressure_plate":1,"minecraft:sugar_cane":2,"minecraft:sandstone":5,"quark:jasper":1,"minecraft:sandstone_stairs":8,"minecraft:red_candle":1,"minecraft:cactus":1,"minecraft:tnt":4,"minecraft:oak_log":5,"minecraft:coal_ore":21,"minecraft:sand":6,"minecraft:dirt":4,"minecraft:smooth_sandstone_stairs":1,"minecraft:cut_copper":1,"minecraft:stone":4,"minecraft:green_bed":1,"minecraft:tripwire":1},"minecraft:dropped":{"minecraft:smooth_sandstone_stairs":1,"minecraft:warped_roots":1,"apotheosis:gem":1,"minecraft:cactus":3},"minecraft:used":{"minecraft:sandstone_stairs":7,"minecraft:stone_pickaxe":86,"minecraft:smooth_sandstone_slab":1,"minecraft:wooden_pickaxe":3,"minecraft:sandstone":4,"minecraft:cut_sandstone":7,"minecraft:smooth_sandstone_stairs":5,"minecraft:iron_chestplate":1,"minecraft:dirt":1,"minecraft:sand":7,"minecraft:crafting_table":4,"minecraft:carrot":15,"minecraft:crossbow":1,"aquaculture:synodontis":1,"minecraft:stripped_spruce_log":1,"minecraft:bread":6,"minecraft:smooth_sandstone":2,"minecraft:red_candle":1,"minecraft:oak_pressure_plate":1,"minecraft:fishing_rod":19,"minecraft:goat_horn":2,"alexsmobs:animal_dictionary":1,"minecraft:potato":10},"minecraft:crafted":{"minecraft:oak_planks":20,"minecraft:fishing_rod":1,"minecraft:crafting_table":1,"minecraft:wooden_pickaxe":1,"minecraft:bread":6,"minecraft:iron_chestplate":1,"minecraft:stick":8,"minecraft:stone_pickaxe":1},"minecraft:picked_up":{"minecraft:crafting_table":4,"aquaculture:synodontis":1,"minecraft:cut_sandstone":7,"minecraft:smooth_sandstone_stairs":6,"minecraft:oak_log":5,"minecraft:string":1,"minecraft:dirt":3,"minecraft:red_candle":1,"minecraft:smooth_sandstone":2,"minecraft:spruce_slab":1,"minecraft:sugar_cane":5,"minecraft:sandstone":9,"apotheosis:gem":2,"minecraft:green_bed":1,"minecraft:oak_pressure_plate":1,"minecraft:sand":9,"minecraft:stripped_spruce_log":4,"minecraft:smooth_sandstone_slab":1,"minecraft:tnt":4,"minecraft:cactus":3,"minecraft:cut_copper":1,"minecraft:sandstone_stairs":10,"minecraft:crossbow":1,"minecraft:spruce_sign":1,"minecraft:coal":21,"minecraft:cobblestone":4}},"DataVersion":3465}