{"stats":{"minecraft:killed":{"alexsmobs:fly":1},"minecraft:used":{"alexsmobs:animal_dictionary":1},"minecraft:custom":{"minecraft:jump":78,"minecraft:time_since_rest":6904,"minecraft:leave_game":1,"minecraft:damage_dealt":20,"minecraft:crouch_one_cm":432,"minecraft:sprint_one_cm":12721,"minecraft:play_time":6904,"minecraft:time_since_death":6904,"minecraft:walk_one_cm":14987,"minecraft:sneak_time":88,"minecraft:total_world_time":6904,"minecraft:mob_kills":1,"minecraft:drop":3,"minecraft:fall_one_cm":627,"minecraft:fly_one_cm":14275},"minecraft:picked_up":{"minecraft:sand":4,"minecraft:cactus":3},"minecraft:mined":{"minecraft:cactus":1,"minecraft:sand":4},"minecraft:dropped":{"minecraft:cactus":3}},"DataVersion":3465}