{"stats":{"minecraft:custom":{"minecraft:time_since_rest":7379,"minecraft:sprint_one_cm":54665,"minecraft:damage_taken":918,"minecraft:walk_one_cm":66744,"minecraft:trigger_trapped_chest":3,"minecraft:mob_kills":2,"minecraft:drop":4,"minecraft:damage_dealt":190,"minecraft:interact_with_crafting_table":3,"minecraft:swim_one_cm":29191,"minecraft:fly_one_cm":94141,"minecraft:open_chest":5,"minecraft:crouch_one_cm":888,"minecraft:play_time":21710,"minecraft:deaths":3,"minecraft:sneak_time":194,"minecraft:walk_under_water_one_cm":4060,"minecraft:jump":357,"minecraft:damage_dealt_resisted":0,"minecraft:leave_game":7,"minecraft:time_since_death":7351,"minecraft:walk_on_water_one_cm":7819,"minecraft:total_world_time":21710,"minecraft:fall_one_cm":5718},"minecraft:killed":{"aquaculture:synodontis":1,"alexsmobs:fly":1},"minecraft:mined":{"minecraft:cactus":1,"minecraft:smooth_sandstone":1,"minecraft:crafting_table":2,"minecraft:coal_ore":21,"minecraft:grass_block":1,"minecraft:oak_log":5,"minecraft:dead_bush":2,"minecraft:sand":4,"minecraft:dirt":4,"minecraft:oak_pressure_plate":1,"minecraft:smooth_sandstone_stairs":1,"minecraft:stone":4,"minecraft:sugar_cane":2,"minecraft:sandstone":3,"quark:jasper":1,"minecraft:sandstone_stairs":3},"minecraft:dropped":{"apotheosis:gem":1,"minecraft:cactus":3},"minecraft:used":{"minecraft:sandstone_stairs":2,"minecraft:bread":2,"minecraft:stone_pickaxe":31,"minecraft:smooth_sandstone":1,"minecraft:wooden_pickaxe":3,"minecraft:sandstone":3,"minecraft:oak_pressure_plate":1,"minecraft:smooth_sandstone_stairs":1,"minecraft:dirt":1,"minecraft:crafting_table":2,"minecraft:goat_horn":1,"aquaculture:synodontis":1,"alexsmobs:animal_dictionary":1},"minecraft:crafted":{"minecraft:oak_planks":20,"minecraft:crafting_table":1,"minecraft:stick":4,"minecraft:wooden_pickaxe":1,"minecraft:stone_pickaxe":1,"minecraft:bread":2},"minecraft:picked_up":{"minecraft:sandstone":3,"minecraft:crafting_table":2,"aquaculture:synodontis":1,"apotheosis:gem":2,"minecraft:oak_pressure_plate":1,"minecraft:sand":7,"minecraft:smooth_sandstone_stairs":1,"minecraft:oak_log":5,"minecraft:dirt":3,"minecraft:smooth_sandstone":1,"minecraft:cactus":3,"minecraft:sandstone_stairs":2,"minecraft:sugar_cane":5,"minecraft:coal":21,"minecraft:cobblestone":4}},"DataVersion":3465}