{"stats":{"minecraft:custom":{"minecraft:interact_with_furnace":7,"minecraft:mob_kills":3,"minecraft:interact_with_crafting_table":12,"minecraft:damage_dealt_resisted":2,"minecraft:leave_game":7,"minecraft:time_since_death":15163,"minecraft:climb_one_cm":4435,"minecraft:damage_resisted":0,"minecraft:time_since_rest":15190,"minecraft:waystone_activated":1,"minecraft:sprint_one_cm":100223,"minecraft:damage_taken":2204,"minecraft:walk_one_cm":241730,"minecraft:trigger_trapped_chest":4,"minecraft:drop":17,"minecraft:damage_dealt":659,"minecraft:talked_to_villager":1,"minecraft:swim_one_cm":67312,"minecraft:fly_one_cm":162131,"minecraft:open_chest":42,"minecraft:crouch_one_cm":4517,"minecraft:play_time":51901,"minecraft:deaths":6,"minecraft:sneak_time":843,"minecraft:walk_under_water_one_cm":7788,"minecraft:jump":925,"minecraft:walk_on_water_one_cm":14217,"minecraft:total_world_time":51901,"minecraft:fall_one_cm":14452},"minecraft:killed":{"minecraft:pillager":1,"aquaculture:synodontis":1,"alexsmobs:fly":1},"minecraft:killed_by":{"minecraft:skeleton":1},"minecraft:mined":{"minecraft:large_amethyst_bud":1,"minecraft:cut_sandstone":2,"minecraft:smooth_sandstone":2,"minecraft:crafting_table":5,"minecraft:torch":3,"minecraft:grass_block":1,"minecraft:dead_bush":2,"minecraft:oak_pressure_plate":1,"minecraft:sugar_cane":2,"minecraft:sandstone":5,"quark:jasper":1,"minecraft:sandstone_stairs":8,"minecraft:red_candle":1,"minecraft:cactus":1,"minecraft:furnace":1,"minecraft:iron_ore":8,"minecraft:andesite":2,"minecraft:tnt":4,"quark:birch_chest":1,"minecraft:oak_log":5,"minecraft:coal_ore":21,"minecraft:sand":7,"minecraft:dirt":4,"minecraft:smooth_sandstone_stairs":1,"minecraft:cut_copper":1,"minecraft:stone":19,"minecraft:green_bed":2,"minecraft:tripwire":1},"minecraft:used":{"minecraft:sandstone_stairs":7,"minecraft:stone_pickaxe":112,"minecraft:smooth_sandstone_slab":1,"minecraft:wooden_pickaxe":3,"minecraft:sandstone":17,"minecraft:cut_sandstone":7,"minecraft:chainmail_helmet":1,"minecraft:green_bed":1,"minecraft:smooth_sandstone_stairs":5,"minecraft:iron_chestplate":1,"minecraft:torch":1,"minecraft:dirt":1,"minecraft:sand":9,"minecraft:crafting_table":5,"minecraft:carrot":15,"minecraft:crossbow":2,"aquaculture:synodontis":1,"minecraft:stripped_spruce_log":1,"minecraft:bread":8,"minecraft:map":1,"minecraft:smooth_sandstone":2,"minecraft:red_candle":1,"minecraft:oak_pressure_plate":1,"minecraft:fishing_rod":19,"minecraft:cobblestone":1,"minecraft:furnace":1,"minecraft:goat_horn":3,"minecraft:bucket":1,"minecraft:andesite":2,"alexsmobs:animal_dictionary":1,"minecraft:potato":10},"minecraft:dropped":{"minecraft:goat_horn":1,"minecraft:sandstone_stairs":6,"minecraft:smooth_sandstone_stairs":1,"minecraft:crossbow":1,"minecraft:warped_roots":1,"farmersdelight:rice":3,"apotheosis:gem":1,"minecraft:wooden_pickaxe":2,"minecraft:cactus":3},"minecraft:crafted":{"minecraft:oak_planks":20,"minecraft:fishing_rod":1,"minecraft:crafting_table":1,"minecraft:wooden_pickaxe":1,"minecraft:iron_sword":1,"minecraft:furnace":1,"minecraft:bucket":1,"minecraft:air":0,"minecraft:bread":6,"minecraft:iron_chestplate":1,"minecraft:shield":1,"minecraft:stick":12,"minecraft:iron_ingot":8,"minecraft:stone_pickaxe":2},"minecraft:broken":{"minecraft:stone_pickaxe":1},"minecraft:picked_up":{"minecraft:crafting_table":5,"aquaculture:synodontis":1,"farmersdelight:rice":3,"minecraft:andesite":2,"minecraft:cut_sandstone":7,"minecraft:wooden_pickaxe":1,"minecraft:smooth_sandstone_stairs":6,"minecraft:oak_log":5,"minecraft:string":1,"minecraft:dirt":3,"minecraft:red_candle":1,"minecraft:smooth_sandstone":2,"minecraft:spruce_slab":1,"minecraft:sugar_cane":5,"minecraft:furnace":1,"minecraft:raw_iron":8,"minecraft:sandstone":9,"apotheosis:gem":3,"minecraft:torch":1,"minecraft:green_bed":2,"minecraft:oak_pressure_plate":1,"minecraft:sand":10,"minecraft:stripped_spruce_log":4,"minecraft:smooth_sandstone_slab":1,"minecraft:tnt":4,"minecraft:cactus":5,"minecraft:cut_copper":1,"minecraft:sandstone_stairs":13,"minecraft:crossbow":1,"minecraft:spruce_sign":1,"minecraft:coal":21,"minecraft:cobblestone":18}},"DataVersion":3465}