{"stats":{"minecraft:custom":{"minecraft:time_since_rest":1379,"minecraft:crouch_one_cm":451,"minecraft:deaths":3,"minecraft:sprint_one_cm":40759,"minecraft:play_time":15710,"minecraft:damage_taken":738,"minecraft:walk_one_cm":37570,"minecraft:sneak_time":143,"minecraft:walk_under_water_one_cm":552,"minecraft:mob_kills":1,"minecraft:drop":3,"minecraft:damage_dealt_resisted":0,"minecraft:jump":285,"minecraft:damage_dealt":156,"minecraft:leave_game":7,"minecraft:walk_on_water_one_cm":6013,"minecraft:time_since_death":1351,"minecraft:total_world_time":15710,"minecraft:swim_one_cm":16237,"minecraft:fall_one_cm":5509,"minecraft:fly_one_cm":75606},"minecraft:killed":{"alexsmobs:fly":1},"minecraft:mined":{"minecraft:oak_log":2,"minecraft:cactus":1,"minecraft:dead_bush":1,"minecraft:sand":4,"minecraft:sugar_cane":2},"minecraft:used":{"alexsmobs:animal_dictionary":1},"minecraft:dropped":{"minecraft:cactus":3},"minecraft:picked_up":{"minecraft:cactus":3,"minecraft:sand":7,"minecraft:oak_log":2,"minecraft:sugar_cane":5}},"DataVersion":3465}