{"stats":{"minecraft:custom":{"minecraft:time_since_rest":106,"minecraft:sprint_one_cm":74513,"minecraft:damage_taken":1620,"minecraft:walk_one_cm":140406,"minecraft:trigger_trapped_chest":4,"minecraft:mob_kills":3,"minecraft:drop":5,"minecraft:damage_dealt":409,"minecraft:interact_with_crafting_table":6,"minecraft:swim_one_cm":46628,"minecraft:fly_one_cm":111415,"minecraft:open_chest":13,"minecraft:crouch_one_cm":1810,"minecraft:play_time":33710,"minecraft:deaths":4,"minecraft:sneak_time":352,"minecraft:walk_under_water_one_cm":5111,"minecraft:jump":591,"minecraft:damage_dealt_resisted":0,"minecraft:leave_game":7,"minecraft:time_since_death":93,"minecraft:walk_on_water_one_cm":10396,"minecraft:climb_one_cm":1514,"minecraft:total_world_time":33710,"minecraft:fall_one_cm":10673},"minecraft:killed_by":{"minecraft:skeleton":1},"minecraft:killed":{"minecraft:pillager":1,"aquaculture:synodontis":1,"alexsmobs:fly":1},"minecraft:mined":{"minecraft:large_amethyst_bud":1,"minecraft:cactus":1,"minecraft:smooth_sandstone":1,"minecraft:crafting_table":4,"minecraft:coal_ore":21,"minecraft:grass_block":1,"minecraft:oak_log":5,"minecraft:dead_bush":2,"minecraft:sand":5,"minecraft:dirt":4,"minecraft:oak_pressure_plate":1,"minecraft:smooth_sandstone_stairs":1,"minecraft:cut_copper":1,"minecraft:stone":4,"minecraft:sugar_cane":2,"minecraft:sandstone":3,"quark:jasper":1,"minecraft:sandstone_stairs":3},"minecraft:dropped":{"apotheosis:gem":1,"minecraft:warped_roots":1,"minecraft:cactus":3},"minecraft:used":{"minecraft:sandstone_stairs":2,"minecraft:bread":6,"minecraft:stone_pickaxe":47,"minecraft:smooth_sandstone":1,"minecraft:wooden_pickaxe":3,"minecraft:sandstone":4,"minecraft:oak_pressure_plate":1,"minecraft:smooth_sandstone_stairs":1,"minecraft:fishing_rod":17,"minecraft:iron_chestplate":1,"minecraft:sand":6,"minecraft:dirt":1,"minecraft:crafting_table":4,"minecraft:goat_horn":2,"minecraft:carrot":11,"minecraft:crossbow":1,"aquaculture:synodontis":1,"alexsmobs:animal_dictionary":1,"minecraft:potato":10},"minecraft:crafted":{"minecraft:oak_planks":20,"minecraft:fishing_rod":1,"minecraft:iron_chestplate":1,"minecraft:crafting_table":1,"minecraft:stick":8,"minecraft:wooden_pickaxe":1,"minecraft:stone_pickaxe":1,"minecraft:bread":6},"minecraft:picked_up":{"minecraft:sandstone":3,"minecraft:crafting_table":4,"aquaculture:synodontis":1,"apotheosis:gem":2,"minecraft:oak_pressure_plate":1,"minecraft:sand":8,"minecraft:smooth_sandstone_stairs":1,"minecraft:oak_log":5,"minecraft:dirt":3,"minecraft:smooth_sandstone":1,"minecraft:cactus":3,"minecraft:cut_copper":1,"minecraft:crossbow":1,"minecraft:sandstone_stairs":2,"minecraft:sugar_cane":5,"minecraft:coal":21,"minecraft:cobblestone":4}},"DataVersion":3465}