{"stats":{"minecraft:picked_up":{"minecraft:iron_ingot":1,"minecraft:torch":1},"minecraft:custom":{"minecraft:jump":14,"minecraft:time_since_rest":28638,"minecraft:damage_dealt":10,"minecraft:sprint_one_cm":623,"minecraft:leave_game":2,"minecraft:play_time":28638,"minecraft:time_since_death":28638,"minecraft:walk_one_cm":11893,"minecraft:total_world_time":28638,"minecraft:climb_one_cm":278,"minecraft:drop":3,"minecraft:fly_one_cm":218},"minecraft:mined":{"minecraft:wall_torch":1},"minecraft:dropped":{"alexsmobs:animal_dictionary":1,"minecraft:iron_ingot":1,"patchouli:guide_book":1},"minecraft:used":{"minecraft:torch":1}},"DataVersion":3465}