{"stats":{"minecraft:killed":{"fight_or_die:springer":17,"minecraft:spider":3,"minecraft:vindicator":3,"undead_revamp2:bomber":1,"minecraft:skeleton":9,"fight_or_die:shiller":4,"minecraft:silverfish":6,"undead_revamp2:therod":2,"minecraft:zombie_villager":1,"undead_revamp2:the_moonflower":1,"undead_revamp2:theheavy":1,"fight_or_die:mutated_villager":1,"royalvariations:royal_zombie":2,"undead_revamp2:thesomnolence":1,"sons_of_sins:betrayed_guzzler":1,"minecraft:zombie":8,"cave_dweller:cave_dweller":1},"minecraft:mined":{"minecraft:red_carpet":1,"minecraft:spruce_planks":7,"minecraft:white_bed":2,"minecraft:black_terracotta":1,"minecraft:oak_door":1,"minecraft:jungle_slab":1,"minecraft:stone_brick_wall":3,"minecraft:jungle_planks":3,"minecraft:white_stained_glass":3,"quark:jasper":21,"minecraft:hay_block":3,"minecraft:oak_trapdoor":1,"minecraft:furnace":2,"minecraft:carrots":13,"minecraft:iron_ore":76,"minecraft:fire":4,"minecraft:peony":12,"minecraft:gold_block":1,"minecraft:potatoes":5,"minecraft:dirt_path":3,"quark:limestone":2,"minecraft:lantern":1,"minecraft:stone":505,"minecraft:scaffolding":4,"minecraft:glass_pane":1,"minecraft:stone_brick_slab":1,"minecraft:dandelion":1,"minecraft:crafting_table":2,"minecraft:torch":5,"minecraft:light_gray_terracotta":31,"minecraft:white_stained_glass_pane":1,"minecraft:copper_ore":45,"minecraft:tall_grass":12,"minecraft:cobblestone":19,"minecraft:grindstone":2,"minecraft:oak_planks":11,"minecraft:sugar_cane":3,"minecraft:damaged_anvil":1,"minecraft:wall_torch":10,"minecraft:white_terracotta":26,"minecraft:black_stained_glass":2,"minecraft:coarse_dirt":1,"minecraft:beehive":1,"minecraft:wheat":93,"minecraft:stone_brick_stairs":1,"minecraft:grass":26,"minecraft:oak_log":13,"minecraft:coal_ore":113,"minecraft:beetroots":3,"minecraft:dirt":20,"minecraft:crimson_planks":1,"minecraft:cobweb":5,"minecraft:brown_terracotta":7,"minecraft:acacia_planks":3,"minecraft:stone_bricks":8,"minecraft:netherrack":1,"minecraft:chipped_anvil":1,"minecraft:oak_leaves":5},"minecraft:broken":{"minecraft:stone_pickaxe":4,"minecraft:wooden_sword":2,"minecraft:iron_pickaxe":2},"minecraft:killed_by":{"minecraft:player":1},"minecraft:custom":{"minecraft:mob_kills":64,"minecraft:interact_with_crafting_table":56,"minecraft:open_barrel":5,"minecraft:damage_dealt_resisted":128,"minecraft:leave_game":1,"minecraft:time_since_death":9598,"minecraft:climb_one_cm":4399,"minecraft:damage_resisted":0,"minecraft:sprint_one_cm":300928,"minecraft:walk_one_cm":367507,"minecraft:drop":72,"minecraft:play_time":148204,"minecraft:deaths":3,"minecraft:sneak_time":15914,"minecraft:walk_under_water_one_cm":24755,"minecraft:boat_one_cm":124031,"minecraft:jump":2150,"minecraft:walk_on_water_one_cm":49566,"minecraft:total_world_time":148204,"minecraft:interact_with_furnace":31,"minecraft:interact_with_grindstone":2,"minecraft:sleep_in_bed":9,"minecraft:time_since_rest":7498,"minecraft:damage_taken":5347,"minecraft:damage_dealt":13486,"minecraft:player_kills":1,"minecraft:swim_one_cm":38331,"minecraft:open_chest":14,"minecraft:fly_one_cm":234188,"minecraft:crouch_one_cm":33898,"minecraft:fall_one_cm":28712},"minecraft:picked_up":{"minecraft:crafting_table":3,"minecraft:iron_chestplate":1,"minecraft:coarse_dirt":1,"minecraft:wheat":99,"minecraft:chainmail_boots":1,"minecraft:leather_leggings":1,"minecraft:wooden_pickaxe":2,"minecraft:stone_brick_wall":3,"minecraft:gold_block":1,"minecraft:stone_brick_stairs":2,"minecraft:crimson_planks":1,"minecraft:string":7,"minecraft:oak_trapdoor":5,"minecraft:raw_copper":192,"minecraft:iron_leggings":1,"minecraft:item_frame":6,"minecraft:white_carpet":5,"minecraft:beetroot":2,"minecraft:cobbled_deepslate":1,"minecraft:spruce_planks":7,"minecraft:oak_boat":4,"minecraft:rose_bush":1,"quark:black_shard":11,"minecraft:iron_pickaxe":2,"minecraft:spruce_slab":1,"minecraft:sugar_cane":3,"minecraft:spruce_trapdoor":1,"minecraft:furnace":2,"minecraft:beehive":1,"minecraft:raw_iron":76,"apotheosis:gem":27,"minecraft:oak_door":4,"minecraft:copper_ingot":3,"minecraft:brown_terracotta":12,"minecraft:torch":34,"minecraft:acacia_log":2,"sophisticatedbackpacks:backpack":1,"minecraft:spruce_stairs":3,"minecraft:spruce_fence":1,"minecraft:stone_button":3,"minecraft:carrot":51,"minecraft:redstone":1,"minecraft:stone_sword":1,"minecraft:arrow":7,"minecraft:rotten_flesh":67,"minecraft:beetroot_seeds":7,"minecraft:peony":20,"minecraft:hay_block":3,"minecraft:gold_ingot":5,"minecraft:white_terracotta":27,"undead_revamp2:arapholia":1,"minecraft:white_wool":2,"minecraft:cobblestone":560,"fight_or_die:springer_fragment":1,"minecraft:golden_carrot":1,"minecraft:potato":10,"minecraft:oak_log":21,"minecraft:chainmail_chestplate":1,"minecraft:cobblestone_stairs":1,"minecraft:lantern":5,"minecraft:lapis_lazuli":1,"quark:limestone":5,"minecraft:dirt":37,"minecraft:white_banner":2,"minecraft:purple_carpet":5,"minecraft:red_carpet":10,"minecraft:bone":3,"minecraft:chipped_anvil":1,"minecraft:acacia_planks":1,"minecraft:stone_bricks":10,"minecraft:wheat_seeds":253,"minecraft:iron_ingot":3,"minecraft:grindstone":2,"minecraft:stone_pickaxe":1,"minecraft:iron_sword":1,"minecraft:oak_planks":65,"minecraft:book":16,"minecraft:scaffolding":4,"minecraft:black_terracotta":1,"quark:white_shard":5,"minecraft:stone_brick_slab":4,"minecraft:dandelion":1,"minecraft:jungle_planks":3,"sons_of_sins:flesh_of_demise":1,"minecraft:white_bed":1,"minecraft:jungle_slab":1,"minecraft:mossy_cobblestone":1,"undead_revamp2:heavytooth":1,"quark:jasper":2,"minecraft:light_gray_terracotta":32,"undead_revamp2:rawbostrox":2,"minecraft:slime_ball":1,"minecraft:chainmail_leggings":1,"minecraft:emerald":2,"minecraft:oak_sapling":1,"minecraft:damaged_anvil":1,"minecraft:netherrack":1,"minecraft:coal":160,"minecraft:wooden_axe":2},"minecraft:used":{"minecraft:oak_trapdoor":1,"minecraft:beetroot":1,"minecraft:stone_sword":109,"minecraft:spruce_slab":1,"minecraft:spruce_planks":7,"minecraft:iron_sword":188,"minecraft:stone_hoe":37,"minecraft:oak_door":1,"minecraft:netherrack":1,"minecraft:torch":111,"minecraft:dirt":4,"minecraft:white_carpet":5,"minecraft:spruce_stairs":3,"minecraft:carrot":78,"minecraft:jungle_slab":1,"minecraft:beehive":1,"minecraft:spruce_fence":1,"minecraft:brown_terracotta":8,"minecraft:wooden_axe":27,"quark:limestone":3,"minecraft:stone_brick_slab":4,"minecraft:lantern":2,"minecraft:crimson_planks":1,"minecraft:stone_brick_stairs":2,"minecraft:stone_bricks":9,"minecraft:item_frame":1,"minecraft:red_carpet":10,"minecraft:golden_carrot":4,"minecraft:scaffolding":4,"minecraft:furnace":2,"minecraft:beetroot_seeds":2,"minecraft:potato":11,"minecraft:cobbled_deepslate":1,"minecraft:acacia_planks":5,"minecraft:wheat_seeds":61,"minecraft:stone_pickaxe":560,"minecraft:oak_planks":24,"minecraft:wooden_pickaxe":16,"minecraft:mossy_cobblestone":1,"minecraft:crafting_table":6,"minecraft:light_gray_terracotta":10,"minecraft:white_bed":1,"minecraft:stone_brick_wall":1,"minecraft:iron_pickaxe":324,"minecraft:map":1,"minecraft:bread":47,"minecraft:stone_button":2,"quark:jasper":1,"minecraft:spruce_trapdoor":1,"minecraft:wooden_sword":126,"minecraft:cobblestone":83,"minecraft:white_banner":2,"minecraft:oak_boat":4,"alexsmobs:animal_dictionary":1,"minecraft:coarse_dirt":1,"minecraft:purple_carpet":5,"minecraft:bone_meal":6},"minecraft:dropped":{"minecraft:wheat_seeds":83,"minecraft:lantern":3,"minecraft:copper_ingot":2,"quark:limestone":2,"minecraft:item_frame":5,"minecraft:cobblestone_stairs":1,"fight_or_die:springer_fragment":1,"minecraft:dirt":18,"minecraft:stone_button":1,"minecraft:wooden_axe":3,"minecraft:rose_bush":1,"minecraft:iron_pickaxe":1,"quark:jasper":1,"minecraft:white_wool":2,"quark:black_shard":11,"minecraft:redstone":1,"minecraft:dandelion":1,"minecraft:oak_door":6,"minecraft:oak_trapdoor":4,"minecraft:stone_sword":2,"minecraft:light_gray_terracotta":22,"undead_revamp2:arapholia":1,"minecraft:rotten_flesh":36,"minecraft:oak_planks":46,"quark:white_shard":5,"minecraft:white_terracotta":23,"undead_revamp2:heavytooth":1,"minecraft:peony":18,"minecraft:beetroot_seeds":5,"minecraft:stone_brick_wall":2,"minecraft:oak_sapling":1,"minecraft:stone_bricks":1,"minecraft:wooden_pickaxe":3,"undead_revamp2:rawbostrox":2},"minecraft:crafted":{"minecraft:golden_carrot":3,"minecraft:wooden_sword":2,"minecraft:oak_door":3,"minecraft:oak_planks":84,"minecraft:furnace":1,"minecraft:bone_meal":6,"minecraft:stone_pickaxe":3,"minecraft:stone_hoe":1,"sophisticatedbackpacks:iron_backpack":1,"minecraft:wheat":27,"minecraft:crafting_table":4,"minecraft:wooden_pickaxe":1,"minecraft:iron_helmet":1,"minecraft:iron_sword":1,"sophisticatedbackpacks:gold_backpack":1,"minecraft:bread":42,"minecraft:air":0,"minecraft:oak_boat":1,"minecraft:iron_chestplate":1,"minecraft:gold_nugget":27,"minecraft:stick":44,"minecraft:iron_ingot":47,"minecraft:iron_pickaxe":2,"minecraft:wooden_axe":1,"minecraft:stone_sword":1,"minecraft:iron_leggings":1,"minecraft:gold_ingot":9,"minecraft:acacia_planks":8,"minecraft:torch":88}},"DataVersion":3465}