{"stats":{"minecraft:killed_by":{"minecraft:player":1},"minecraft:crafted":{"minecraft:wooden_sword":2,"minecraft:oak_planks":72,"minecraft:furnace":1,"minecraft:bone_meal":6,"minecraft:stone_pickaxe":1,"minecraft:wheat":27,"minecraft:crafting_table":1,"minecraft:wooden_pickaxe":1,"minecraft:iron_helmet":1,"minecraft:iron_sword":1,"minecraft:bread":14,"minecraft:air":0,"minecraft:iron_chestplate":1,"minecraft:gold_nugget":27,"minecraft:stick":12,"minecraft:iron_ingot":22,"minecraft:iron_pickaxe":1,"minecraft:wooden_axe":1,"minecraft:stone_sword":1,"minecraft:iron_leggings":1,"minecraft:acacia_planks":8,"minecraft:golden_carrot":3},"minecraft:custom":{"minecraft:mob_kills":39,"minecraft:interact_with_crafting_table":36,"minecraft:open_barrel":2,"minecraft:damage_dealt_resisted":128,"minecraft:time_since_death":47946,"minecraft:climb_one_cm":3998,"minecraft:damage_resisted":0,"minecraft:sprint_one_cm":90288,"minecraft:walk_one_cm":188601,"minecraft:drop":49,"minecraft:play_time":57821,"minecraft:deaths":2,"minecraft:sneak_time":5542,"minecraft:walk_under_water_one_cm":7431,"minecraft:boat_one_cm":35847,"minecraft:jump":794,"minecraft:walk_on_water_one_cm":19246,"minecraft:total_world_time":57821,"minecraft:interact_with_furnace":7,"minecraft:sleep_in_bed":2,"minecraft:time_since_rest":27314,"minecraft:damage_taken":2960,"minecraft:damage_dealt":8566,"minecraft:player_kills":1,"minecraft:swim_one_cm":10988,"minecraft:fly_one_cm":61486,"minecraft:open_chest":4,"minecraft:crouch_one_cm":16957,"minecraft:fall_one_cm":6903},"minecraft:picked_up":{"minecraft:wooden_axe":2,"minecraft:coarse_dirt":1,"minecraft:wheat":57,"minecraft:chainmail_boots":1,"minecraft:wooden_pickaxe":2,"minecraft:stone_brick_wall":2,"minecraft:stone_brick_stairs":2,"minecraft:oak_trapdoor":5,"minecraft:string":5,"minecraft:iron_leggings":1,"minecraft:item_frame":5,"minecraft:beetroot":2,"minecraft:rose_bush":1,"quark:black_shard":11,"minecraft:sugar_cane":3,"minecraft:furnace":1,"minecraft:beehive":1,"minecraft:raw_iron":22,"apotheosis:gem":5,"minecraft:copper_ingot":3,"minecraft:acacia_log":2,"minecraft:stone_button":3,"minecraft:carrot":51,"minecraft:redstone":1,"minecraft:stone_sword":1,"minecraft:arrow":5,"minecraft:rotten_flesh":26,"minecraft:beetroot_seeds":7,"minecraft:peony":7,"minecraft:hay_block":3,"minecraft:gold_ingot":5,"undead_revamp2:arapholia":1,"minecraft:cobblestone":45,"minecraft:golden_carrot":1,"minecraft:potato":10,"minecraft:oak_log":18,"minecraft:lapis_lazuli":1,"minecraft:lantern":4,"minecraft:red_carpet":10,"minecraft:bone":2,"minecraft:stone_bricks":9,"minecraft:wheat_seeds":155,"minecraft:iron_ingot":3,"minecraft:oak_planks":60,"minecraft:book":16,"minecraft:scaffolding":4,"quark:white_shard":5,"minecraft:stone_brick_slab":4,"minecraft:dandelion":1,"minecraft:white_bed":1,"minecraft:mossy_cobblestone":1,"undead_revamp2:heavytooth":1,"undead_revamp2:rawbostrox":2,"minecraft:chainmail_leggings":1,"minecraft:oak_sapling":1,"minecraft:coal":34},"minecraft:mined":{"minecraft:red_carpet":1,"minecraft:white_bed":1,"minecraft:stone_brick_wall":3,"minecraft:white_stained_glass":3,"minecraft:hay_block":3,"minecraft:oak_trapdoor":1,"minecraft:furnace":1,"minecraft:carrots":13,"minecraft:iron_ore":22,"minecraft:peony":9,"minecraft:potatoes":5,"minecraft:lantern":1,"minecraft:stone":27,"minecraft:scaffolding":4,"minecraft:glass_pane":1,"minecraft:stone_brick_slab":1,"minecraft:dandelion":1,"minecraft:white_stained_glass_pane":1,"minecraft:tall_grass":10,"minecraft:cobblestone":10,"minecraft:oak_planks":9,"minecraft:sugar_cane":3,"minecraft:black_stained_glass":2,"minecraft:coarse_dirt":1,"minecraft:beehive":1,"minecraft:wheat":59,"minecraft:stone_brick_stairs":1,"minecraft:grass":22,"minecraft:oak_log":13,"minecraft:coal_ore":38,"minecraft:beetroots":3,"minecraft:cobweb":5,"minecraft:stone_bricks":8,"minecraft:oak_leaves":5},"minecraft:dropped":{"minecraft:wheat_seeds":82,"minecraft:lantern":3,"minecraft:copper_ingot":2,"minecraft:item_frame":5,"minecraft:stone_button":1,"minecraft:wooden_axe":3,"minecraft:rose_bush":1,"minecraft:redstone":1,"minecraft:dandelion":1,"quark:black_shard":11,"minecraft:oak_trapdoor":4,"minecraft:stone_sword":2,"undead_revamp2:arapholia":1,"minecraft:rotten_flesh":5,"minecraft:oak_planks":46,"quark:white_shard":5,"undead_revamp2:heavytooth":1,"minecraft:peony":7,"minecraft:beetroot_seeds":5,"minecraft:stone_brick_wall":2,"minecraft:oak_sapling":1,"minecraft:stone_bricks":1,"minecraft:wooden_pickaxe":3,"undead_revamp2:rawbostrox":2},"minecraft:broken":{"minecraft:wooden_sword":2},"minecraft:killed":{"fight_or_die:springer":10,"minecraft:spider":3,"minecraft:skeleton":6,"fight_or_die:shiller":1,"minecraft:silverfish":6,"undead_revamp2:therod":2,"minecraft:zombie_villager":1,"undead_revamp2:the_moonflower":1,"undead_revamp2:theheavy":1,"royalvariations:royal_zombie":2,"minecraft:zombie":5},"minecraft:used":{"minecraft:beetroot":1,"minecraft:oak_trapdoor":1,"minecraft:stone_sword":109,"minecraft:iron_sword":48,"minecraft:carrot":35,"minecraft:beehive":1,"minecraft:wooden_axe":27,"minecraft:stone_brick_slab":4,"minecraft:lantern":1,"minecraft:stone_brick_stairs":2,"minecraft:stone_bricks":8,"minecraft:red_carpet":10,"minecraft:golden_carrot":4,"minecraft:scaffolding":4,"minecraft:furnace":1,"minecraft:beetroot_seeds":2,"minecraft:potato":11,"minecraft:acacia_planks":4,"minecraft:wheat_seeds":52,"minecraft:stone_pickaxe":108,"minecraft:oak_planks":23,"minecraft:wooden_pickaxe":16,"minecraft:mossy_cobblestone":1,"minecraft:crafting_table":1,"minecraft:bread":19,"minecraft:map":1,"minecraft:wooden_sword":126,"minecraft:cobblestone":21,"alexsmobs:animal_dictionary":1,"minecraft:coarse_dirt":1,"minecraft:bone_meal":6}},"DataVersion":3465}