{"stats":{"minecraft:killed_by":{"minecraft:player":1},"minecraft:crafted":{"minecraft:wooden_sword":2,"minecraft:oak_planks":32,"minecraft:crafting_table":1,"minecraft:wooden_pickaxe":1,"minecraft:bread":11,"minecraft:stick":8,"minecraft:stone_pickaxe":1,"minecraft:wooden_axe":1,"minecraft:acacia_planks":8},"minecraft:custom":{"minecraft:mob_kills":17,"minecraft:interact_with_crafting_table":9,"minecraft:damage_dealt_resisted":90,"minecraft:time_since_death":11946,"minecraft:sleep_in_bed":1,"minecraft:climb_one_cm":1320,"minecraft:time_since_rest":11952,"minecraft:sprint_one_cm":28417,"minecraft:damage_taken":1595,"minecraft:walk_one_cm":82883,"minecraft:damage_dealt":3514,"minecraft:swim_one_cm":10988,"minecraft:fly_one_cm":30979,"minecraft:player_kills":1,"minecraft:open_chest":1,"minecraft:crouch_one_cm":5394,"minecraft:play_time":21821,"minecraft:deaths":2,"minecraft:sneak_time":1960,"minecraft:walk_under_water_one_cm":5141,"minecraft:boat_one_cm":35847,"minecraft:jump":393,"minecraft:walk_on_water_one_cm":8909,"minecraft:total_world_time":21821,"minecraft:fall_one_cm":3449},"minecraft:picked_up":{"minecraft:coarse_dirt":1,"minecraft:wheat":35,"minecraft:potato":3,"minecraft:stone_brick_wall":2,"minecraft:oak_log":8,"minecraft:lapis_lazuli":1,"minecraft:red_carpet":5,"minecraft:bone":2,"minecraft:stone_bricks":5,"minecraft:wheat_seeds":99,"minecraft:iron_ingot":1,"quark:black_shard":7,"minecraft:sugar_cane":3,"minecraft:oak_planks":5,"minecraft:book":3,"minecraft:scaffolding":1,"minecraft:raw_iron":2,"quark:white_shard":5,"minecraft:copper_ingot":2,"minecraft:acacia_log":2,"minecraft:stone_button":1,"minecraft:white_bed":1,"minecraft:carrot":2,"undead_revamp2:heavytooth":1,"undead_revamp2:rawbostrox":1,"minecraft:rotten_flesh":5,"minecraft:peony":4,"minecraft:gold_ingot":1,"minecraft:coal":2,"minecraft:cobblestone":14},"minecraft:mined":{"minecraft:scaffolding":2,"minecraft:white_bed":1,"minecraft:glass_pane":1,"minecraft:stone_brick_wall":3,"minecraft:white_stained_glass":3,"minecraft:tall_grass":5,"minecraft:sugar_cane":3,"minecraft:oak_planks":4,"minecraft:black_stained_glass":2,"minecraft:coarse_dirt":1,"minecraft:carrots":2,"minecraft:iron_ore":2,"minecraft:wheat":39,"minecraft:peony":5,"minecraft:grass":19,"minecraft:coal_ore":2,"minecraft:potatoes":3,"minecraft:oak_log":7,"minecraft:stone":7,"minecraft:stone_bricks":5,"minecraft:oak_leaves":2},"minecraft:broken":{"minecraft:wooden_sword":2},"minecraft:killed":{"fight_or_die:springer":5,"minecraft:spider":1,"undead_revamp2:theheavy":1,"minecraft:skeleton":2,"fight_or_die:shiller":1,"minecraft:silverfish":6,"undead_revamp2:therod":1},"minecraft:used":{"minecraft:stone_pickaxe":8,"minecraft:oak_planks":3,"minecraft:wooden_pickaxe":15,"minecraft:crafting_table":1,"minecraft:carrot":2,"minecraft:wooden_axe":13,"minecraft:bread":11,"minecraft:stone_bricks":5,"minecraft:red_carpet":1,"minecraft:wooden_sword":126,"minecraft:cobblestone":1,"minecraft:scaffolding":1,"alexsmobs:animal_dictionary":1,"minecraft:potato":6,"minecraft:coarse_dirt":1,"minecraft:acacia_planks":4}},"DataVersion":3465}