{"stats":{"minecraft:killed_by":{"minecraft:player":1},"minecraft:crafted":{"minecraft:wooden_sword":2,"minecraft:oak_planks":56,"minecraft:crafting_table":1,"minecraft:wooden_pickaxe":1,"minecraft:furnace":1,"minecraft:bone_meal":6,"minecraft:bread":14,"minecraft:air":0,"minecraft:iron_chestplate":1,"minecraft:gold_nugget":9,"minecraft:stick":12,"minecraft:stone_sword":1,"minecraft:iron_ingot":15,"minecraft:stone_pickaxe":1,"minecraft:wooden_axe":1,"minecraft:iron_leggings":1,"minecraft:acacia_planks":8,"minecraft:golden_carrot":1},"minecraft:custom":{"minecraft:interact_with_furnace":4,"minecraft:mob_kills":27,"minecraft:interact_with_crafting_table":29,"minecraft:open_barrel":2,"minecraft:damage_dealt_resisted":128,"minecraft:time_since_death":35946,"minecraft:sleep_in_bed":2,"minecraft:climb_one_cm":3632,"minecraft:time_since_rest":15314,"minecraft:sprint_one_cm":68089,"minecraft:damage_taken":2381,"minecraft:walk_one_cm":147122,"minecraft:drop":29,"minecraft:damage_dealt":5539,"minecraft:swim_one_cm":10988,"minecraft:fly_one_cm":47092,"minecraft:player_kills":1,"minecraft:open_chest":1,"minecraft:crouch_one_cm":15909,"minecraft:play_time":45821,"minecraft:deaths":2,"minecraft:sneak_time":5238,"minecraft:walk_under_water_one_cm":5141,"minecraft:boat_one_cm":35847,"minecraft:jump":598,"minecraft:walk_on_water_one_cm":9821,"minecraft:total_world_time":45821,"minecraft:fall_one_cm":5491},"minecraft:picked_up":{"minecraft:wooden_axe":2,"minecraft:coarse_dirt":1,"minecraft:wheat":50,"minecraft:chainmail_boots":1,"minecraft:wooden_pickaxe":2,"minecraft:potato":7,"minecraft:stone_brick_wall":2,"minecraft:stone_brick_stairs":2,"minecraft:oak_log":17,"minecraft:lapis_lazuli":1,"minecraft:oak_trapdoor":3,"minecraft:lantern":2,"minecraft:item_frame":3,"minecraft:red_carpet":6,"minecraft:bone":2,"minecraft:beetroot":2,"minecraft:stone_bricks":9,"minecraft:wheat_seeds":137,"minecraft:iron_ingot":1,"minecraft:rose_bush":1,"quark:black_shard":11,"minecraft:sugar_cane":3,"minecraft:oak_planks":9,"minecraft:book":9,"minecraft:scaffolding":3,"apotheosis:gem":5,"minecraft:raw_iron":15,"quark:white_shard":5,"minecraft:stone_brick_slab":2,"minecraft:copper_ingot":3,"minecraft:dandelion":1,"minecraft:acacia_log":2,"minecraft:stone_button":1,"minecraft:mossy_cobblestone":1,"minecraft:white_bed":1,"minecraft:carrot":38,"minecraft:arrow":2,"undead_revamp2:heavytooth":1,"undead_revamp2:rawbostrox":1,"minecraft:rotten_flesh":16,"minecraft:beetroot_seeds":7,"minecraft:peony":7,"minecraft:chainmail_leggings":1,"minecraft:gold_ingot":2,"minecraft:oak_sapling":1,"minecraft:coal":30,"minecraft:cobblestone":37},"minecraft:mined":{"minecraft:red_carpet":1,"minecraft:scaffolding":4,"minecraft:white_bed":1,"minecraft:glass_pane":1,"minecraft:stone_brick_slab":1,"minecraft:dandelion":1,"minecraft:stone_brick_wall":3,"minecraft:white_stained_glass_pane":1,"minecraft:white_stained_glass":3,"minecraft:cobblestone":9,"minecraft:tall_grass":9,"minecraft:sugar_cane":3,"minecraft:oak_planks":4,"minecraft:black_stained_glass":2,"minecraft:coarse_dirt":1,"minecraft:oak_trapdoor":1,"minecraft:carrots":10,"minecraft:iron_ore":15,"minecraft:wheat":53,"minecraft:beetroots":3,"minecraft:stone_brick_stairs":1,"minecraft:peony":9,"minecraft:grass":19,"minecraft:coal_ore":32,"minecraft:potatoes":4,"minecraft:oak_log":13,"minecraft:lantern":1,"minecraft:stone":20,"minecraft:stone_bricks":8,"minecraft:oak_leaves":5},"minecraft:dropped":{"minecraft:wheat_seeds":82,"minecraft:rotten_flesh":5,"minecraft:lantern":2,"quark:white_shard":5,"minecraft:copper_ingot":2,"minecraft:item_frame":3,"undead_revamp2:heavytooth":1,"minecraft:stone_button":1,"minecraft:peony":7,"minecraft:wooden_axe":2,"minecraft:stone_bricks":1,"minecraft:stone_brick_wall":2,"minecraft:oak_sapling":1,"minecraft:wooden_pickaxe":3,"minecraft:dandelion":1,"quark:black_shard":7},"minecraft:broken":{"minecraft:wooden_sword":2},"minecraft:killed":{"fight_or_die:springer":8,"minecraft:zombie_villager":1,"minecraft:spider":1,"undead_revamp2:theheavy":1,"minecraft:skeleton":4,"minecraft:zombie":2,"fight_or_die:shiller":1,"minecraft:silverfish":6,"undead_revamp2:therod":2},"minecraft:used":{"minecraft:wheat_seeds":45,"minecraft:oak_trapdoor":1,"minecraft:stone_sword":77,"minecraft:stone_pickaxe":82,"minecraft:oak_planks":15,"minecraft:wooden_pickaxe":16,"minecraft:crafting_table":1,"minecraft:carrot":24,"minecraft:stone_brick_slab":2,"minecraft:wooden_axe":21,"minecraft:bread":19,"minecraft:map":1,"minecraft:stone_brick_stairs":2,"minecraft:stone_bricks":8,"minecraft:red_carpet":6,"minecraft:wooden_sword":126,"minecraft:golden_carrot":1,"minecraft:cobblestone":21,"minecraft:scaffolding":3,"minecraft:furnace":1,"minecraft:beetroot_seeds":2,"alexsmobs:animal_dictionary":1,"minecraft:potato":6,"minecraft:coarse_dirt":1,"minecraft:acacia_planks":4,"minecraft:bone_meal":6}},"DataVersion":3465}