{"stats":{"minecraft:killed_by":{"minecraft:player":1},"minecraft:crafted":{"minecraft:wooden_sword":2,"minecraft:oak_planks":32,"minecraft:crafting_table":1,"minecraft:wooden_pickaxe":1,"minecraft:furnace":1,"minecraft:bone_meal":6,"minecraft:bread":14,"minecraft:air":0,"minecraft:iron_chestplate":1,"minecraft:gold_nugget":9,"minecraft:stick":12,"minecraft:stone_sword":1,"minecraft:iron_ingot":15,"minecraft:stone_pickaxe":1,"minecraft:wooden_axe":1,"minecraft:iron_leggings":1,"minecraft:acacia_planks":8,"minecraft:golden_carrot":1},"minecraft:custom":{"minecraft:interact_with_furnace":4,"minecraft:mob_kills":18,"minecraft:interact_with_crafting_table":28,"minecraft:damage_dealt_resisted":90,"minecraft:time_since_death":23946,"minecraft:sleep_in_bed":2,"minecraft:climb_one_cm":1320,"minecraft:time_since_rest":3314,"minecraft:sprint_one_cm":49103,"minecraft:damage_taken":1701,"minecraft:walk_one_cm":108355,"minecraft:drop":6,"minecraft:damage_dealt":3713,"minecraft:swim_one_cm":10988,"minecraft:fly_one_cm":34157,"minecraft:player_kills":1,"minecraft:open_chest":1,"minecraft:crouch_one_cm":8262,"minecraft:play_time":33821,"minecraft:deaths":2,"minecraft:sneak_time":3098,"minecraft:walk_under_water_one_cm":5141,"minecraft:boat_one_cm":35847,"minecraft:jump":439,"minecraft:walk_on_water_one_cm":8909,"minecraft:total_world_time":33821,"minecraft:fall_one_cm":4262},"minecraft:picked_up":{"minecraft:wooden_axe":2,"minecraft:coarse_dirt":1,"minecraft:wheat":43,"minecraft:wooden_pickaxe":2,"minecraft:potato":3,"minecraft:stone_brick_wall":2,"minecraft:stone_brick_stairs":2,"minecraft:oak_log":8,"minecraft:lapis_lazuli":1,"minecraft:oak_trapdoor":1,"minecraft:red_carpet":6,"minecraft:bone":2,"minecraft:stone_bricks":5,"minecraft:wheat_seeds":122,"minecraft:iron_ingot":1,"quark:black_shard":7,"minecraft:sugar_cane":3,"minecraft:oak_planks":9,"minecraft:book":3,"minecraft:scaffolding":1,"apotheosis:gem":4,"minecraft:raw_iron":15,"quark:white_shard":5,"minecraft:copper_ingot":2,"minecraft:dandelion":1,"minecraft:acacia_log":2,"minecraft:stone_button":1,"minecraft:white_bed":1,"minecraft:carrot":24,"undead_revamp2:heavytooth":1,"undead_revamp2:rawbostrox":1,"minecraft:rotten_flesh":5,"minecraft:peony":5,"minecraft:gold_ingot":1,"minecraft:coal":30,"minecraft:cobblestone":27},"minecraft:mined":{"minecraft:red_carpet":1,"minecraft:scaffolding":2,"minecraft:white_bed":1,"minecraft:glass_pane":1,"minecraft:dandelion":1,"minecraft:stone_brick_wall":3,"minecraft:white_stained_glass":3,"minecraft:tall_grass":5,"minecraft:sugar_cane":3,"minecraft:oak_planks":4,"minecraft:black_stained_glass":2,"minecraft:coarse_dirt":1,"minecraft:oak_trapdoor":1,"minecraft:carrots":7,"minecraft:iron_ore":15,"minecraft:wheat":47,"minecraft:stone_brick_stairs":1,"minecraft:peony":6,"minecraft:grass":19,"minecraft:coal_ore":32,"minecraft:potatoes":3,"minecraft:oak_log":7,"minecraft:stone":20,"minecraft:stone_bricks":5,"minecraft:oak_leaves":3},"minecraft:dropped":{"minecraft:wheat_seeds":18,"minecraft:wooden_axe":2,"minecraft:wooden_pickaxe":3},"minecraft:broken":{"minecraft:wooden_sword":2},"minecraft:killed":{"fight_or_die:springer":5,"minecraft:spider":1,"undead_revamp2:theheavy":1,"minecraft:skeleton":2,"minecraft:zombie":1,"fight_or_die:shiller":1,"minecraft:silverfish":6,"undead_revamp2:therod":1},"minecraft:used":{"minecraft:wheat_seeds":40,"minecraft:oak_trapdoor":1,"minecraft:stone_sword":7,"minecraft:stone_pickaxe":67,"minecraft:oak_planks":8,"minecraft:wooden_pickaxe":16,"minecraft:crafting_table":1,"minecraft:carrot":4,"minecraft:wooden_axe":14,"minecraft:bread":12,"minecraft:stone_brick_stairs":1,"minecraft:stone_bricks":5,"minecraft:red_carpet":6,"minecraft:wooden_sword":126,"minecraft:golden_carrot":1,"minecraft:cobblestone":12,"minecraft:scaffolding":1,"minecraft:furnace":1,"alexsmobs:animal_dictionary":1,"minecraft:potato":6,"minecraft:coarse_dirt":1,"minecraft:acacia_planks":4,"minecraft:bone_meal":6}},"DataVersion":3465}