{"stats":{"minecraft:killed_by":{"minecraft:player":1},"minecraft:crafted":{"minecraft:wooden_sword":1,"minecraft:oak_planks":24,"minecraft:crafting_table":1,"minecraft:stick":4,"minecraft:wooden_pickaxe":1,"minecraft:acacia_planks":8},"minecraft:picked_up":{"minecraft:coarse_dirt":1,"quark:white_shard":5,"minecraft:acacia_log":2,"minecraft:oak_log":6,"minecraft:stone_button":1,"minecraft:red_carpet":2,"minecraft:peony":2,"minecraft:wheat_seeds":1,"minecraft:iron_ingot":1,"minecraft:gold_ingot":1,"minecraft:sugar_cane":3,"minecraft:oak_planks":1},"minecraft:custom":{"minecraft:time_since_rest":2903,"minecraft:sprint_one_cm":5227,"minecraft:damage_taken":747,"minecraft:walk_one_cm":34535,"minecraft:mob_kills":4,"minecraft:damage_dealt":483,"minecraft:swim_one_cm":10988,"minecraft:interact_with_crafting_table":3,"minecraft:fly_one_cm":12272,"minecraft:player_kills":1,"minecraft:open_chest":1,"minecraft:crouch_one_cm":467,"minecraft:play_time":9821,"minecraft:deaths":1,"minecraft:sneak_time":443,"minecraft:walk_under_water_one_cm":5141,"minecraft:boat_one_cm":35847,"minecraft:jump":167,"minecraft:walk_on_water_one_cm":8518,"minecraft:time_since_death":2878,"minecraft:sleep_in_bed":1,"minecraft:climb_one_cm":894,"minecraft:total_world_time":9821,"minecraft:fall_one_cm":2820},"minecraft:mined":{"minecraft:coarse_dirt":1,"minecraft:peony":4,"minecraft:grass":15,"minecraft:oak_log":5,"minecraft:white_stained_glass":3,"minecraft:tall_grass":2,"minecraft:sugar_cane":3},"minecraft:killed":{"minecraft:silverfish":4},"minecraft:used":{"minecraft:wooden_sword":23,"minecraft:red_carpet":1,"minecraft:crafting_table":1,"alexsmobs:animal_dictionary":1,"minecraft:coarse_dirt":1,"minecraft:acacia_planks":4}},"DataVersion":3465}