{"stats":{"minecraft:killed_by":{"minecraft:player":1},"minecraft:crafted":{"minecraft:wooden_sword":2,"minecraft:oak_door":3,"minecraft:oak_planks":84,"minecraft:furnace":1,"minecraft:bone_meal":6,"minecraft:stone_pickaxe":2,"minecraft:wheat":27,"minecraft:crafting_table":3,"minecraft:wooden_pickaxe":1,"minecraft:iron_helmet":1,"minecraft:iron_sword":1,"minecraft:bread":42,"minecraft:air":0,"minecraft:oak_boat":1,"minecraft:iron_chestplate":1,"minecraft:gold_nugget":27,"minecraft:stick":20,"minecraft:iron_ingot":22,"minecraft:iron_pickaxe":1,"minecraft:wooden_axe":1,"minecraft:stone_sword":1,"minecraft:iron_leggings":1,"minecraft:acacia_planks":8,"minecraft:torch":16,"minecraft:golden_carrot":3},"minecraft:custom":{"minecraft:mob_kills":51,"minecraft:interact_with_crafting_table":42,"minecraft:open_barrel":5,"minecraft:damage_dealt_resisted":128,"minecraft:time_since_death":83946,"minecraft:climb_one_cm":4399,"minecraft:damage_resisted":0,"minecraft:sprint_one_cm":141370,"minecraft:walk_one_cm":263250,"minecraft:drop":60,"minecraft:play_time":93821,"minecraft:deaths":2,"minecraft:sneak_time":11146,"minecraft:walk_under_water_one_cm":20310,"minecraft:boat_one_cm":124031,"minecraft:jump":1250,"minecraft:walk_on_water_one_cm":24668,"minecraft:total_world_time":93821,"minecraft:interact_with_furnace":8,"minecraft:interact_with_grindstone":2,"minecraft:sleep_in_bed":8,"minecraft:time_since_rest":14822,"minecraft:damage_taken":4339,"minecraft:damage_dealt":10849,"minecraft:player_kills":1,"minecraft:swim_one_cm":30983,"minecraft:fly_one_cm":138404,"minecraft:open_chest":4,"minecraft:crouch_one_cm":23094,"minecraft:fall_one_cm":17219},"minecraft:picked_up":{"minecraft:wooden_axe":2,"minecraft:coarse_dirt":1,"minecraft:wheat":99,"minecraft:chainmail_boots":1,"minecraft:leather_leggings":1,"minecraft:wooden_pickaxe":2,"minecraft:stone_brick_wall":3,"minecraft:gold_block":1,"minecraft:stone_brick_stairs":2,"minecraft:crimson_planks":1,"minecraft:oak_trapdoor":5,"minecraft:string":5,"minecraft:iron_leggings":1,"minecraft:item_frame":6,"minecraft:white_carpet":5,"minecraft:beetroot":2,"minecraft:spruce_planks":7,"minecraft:oak_boat":2,"minecraft:rose_bush":1,"quark:black_shard":11,"minecraft:spruce_slab":1,"minecraft:sugar_cane":3,"minecraft:spruce_trapdoor":1,"minecraft:furnace":1,"minecraft:beehive":1,"minecraft:raw_iron":25,"apotheosis:gem":7,"minecraft:oak_door":1,"minecraft:brown_terracotta":8,"minecraft:copper_ingot":3,"minecraft:torch":5,"minecraft:spruce_stairs":3,"minecraft:acacia_log":2,"minecraft:spruce_fence":1,"sophisticatedbackpacks:backpack":1,"minecraft:stone_button":3,"minecraft:carrot":51,"minecraft:redstone":1,"minecraft:stone_sword":1,"minecraft:arrow":7,"minecraft:rotten_flesh":32,"minecraft:beetroot_seeds":7,"minecraft:peony":16,"minecraft:hay_block":3,"minecraft:gold_ingot":5,"minecraft:white_terracotta":23,"minecraft:white_wool":2,"undead_revamp2:arapholia":1,"minecraft:cobblestone":370,"fight_or_die:springer_fragment":1,"minecraft:golden_carrot":1,"minecraft:potato":10,"minecraft:oak_log":21,"minecraft:chainmail_chestplate":1,"minecraft:cobblestone_stairs":1,"minecraft:lapis_lazuli":1,"minecraft:dirt":23,"minecraft:lantern":5,"minecraft:white_banner":2,"minecraft:purple_carpet":5,"minecraft:chipped_anvil":1,"minecraft:red_carpet":10,"minecraft:bone":3,"minecraft:acacia_planks":1,"minecraft:stone_bricks":10,"minecraft:wheat_seeds":252,"minecraft:grindstone":2,"minecraft:iron_ingot":3,"minecraft:oak_planks":62,"minecraft:book":16,"minecraft:scaffolding":4,"quark:white_shard":5,"minecraft:stone_brick_slab":4,"minecraft:dandelion":1,"minecraft:jungle_planks":3,"minecraft:white_bed":1,"minecraft:jungle_slab":1,"minecraft:mossy_cobblestone":1,"undead_revamp2:heavytooth":1,"minecraft:light_gray_terracotta":25,"undead_revamp2:rawbostrox":2,"minecraft:slime_ball":1,"minecraft:chainmail_leggings":1,"minecraft:emerald":2,"minecraft:oak_sapling":1,"minecraft:damaged_anvil":1,"minecraft:netherrack":1,"minecraft:coal":35},"minecraft:mined":{"minecraft:red_carpet":1,"minecraft:spruce_planks":7,"minecraft:white_bed":2,"minecraft:oak_door":1,"minecraft:jungle_slab":1,"minecraft:stone_brick_wall":3,"minecraft:jungle_planks":3,"minecraft:white_stained_glass":3,"minecraft:hay_block":3,"minecraft:oak_trapdoor":1,"minecraft:furnace":1,"minecraft:carrots":13,"minecraft:iron_ore":25,"minecraft:fire":4,"minecraft:peony":12,"minecraft:gold_block":1,"minecraft:dirt_path":3,"minecraft:potatoes":5,"minecraft:lantern":1,"minecraft:stone":322,"minecraft:scaffolding":4,"minecraft:glass_pane":1,"minecraft:stone_brick_slab":1,"minecraft:dandelion":1,"minecraft:light_gray_terracotta":26,"minecraft:white_stained_glass_pane":1,"minecraft:tall_grass":12,"minecraft:cobblestone":11,"minecraft:grindstone":2,"minecraft:oak_planks":9,"minecraft:sugar_cane":3,"minecraft:damaged_anvil":1,"minecraft:wall_torch":3,"minecraft:white_terracotta":25,"minecraft:black_stained_glass":2,"minecraft:coarse_dirt":1,"minecraft:beehive":1,"minecraft:wheat":93,"minecraft:stone_brick_stairs":1,"minecraft:grass":24,"minecraft:oak_log":13,"minecraft:coal_ore":38,"minecraft:beetroots":3,"minecraft:dirt":6,"minecraft:crimson_planks":1,"minecraft:cobweb":5,"minecraft:brown_terracotta":6,"minecraft:acacia_planks":3,"minecraft:stone_bricks":8,"minecraft:netherrack":1,"minecraft:chipped_anvil":1,"minecraft:oak_leaves":5},"minecraft:dropped":{"minecraft:wheat_seeds":82,"minecraft:lantern":3,"minecraft:copper_ingot":2,"minecraft:item_frame":5,"minecraft:cobblestone_stairs":1,"minecraft:dirt":18,"minecraft:stone_button":1,"minecraft:wooden_axe":3,"minecraft:rose_bush":1,"minecraft:white_wool":2,"minecraft:redstone":1,"minecraft:dandelion":1,"quark:black_shard":11,"minecraft:oak_trapdoor":4,"minecraft:stone_sword":2,"minecraft:light_gray_terracotta":22,"undead_revamp2:arapholia":1,"minecraft:rotten_flesh":5,"minecraft:oak_planks":46,"quark:white_shard":5,"undead_revamp2:heavytooth":1,"minecraft:peony":14,"minecraft:beetroot_seeds":5,"minecraft:stone_brick_wall":2,"minecraft:oak_sapling":1,"minecraft:stone_bricks":1,"minecraft:wooden_pickaxe":3,"undead_revamp2:rawbostrox":2},"minecraft:broken":{"minecraft:stone_pickaxe":1,"minecraft:wooden_sword":2,"minecraft:iron_pickaxe":1},"minecraft:killed":{"fight_or_die:springer":14,"minecraft:vindicator":3,"minecraft:spider":3,"undead_revamp2:bomber":1,"minecraft:skeleton":8,"fight_or_die:shiller":1,"minecraft:silverfish":6,"undead_revamp2:therod":2,"minecraft:zombie_villager":1,"undead_revamp2:the_moonflower":1,"undead_revamp2:theheavy":1,"royalvariations:royal_zombie":2,"minecraft:zombie":6},"minecraft:used":{"minecraft:beetroot":1,"minecraft:oak_trapdoor":1,"minecraft:stone_sword":109,"minecraft:spruce_slab":1,"minecraft:spruce_planks":7,"minecraft:iron_sword":134,"minecraft:oak_door":1,"minecraft:netherrack":1,"minecraft:torch":16,"minecraft:dirt":4,"minecraft:white_carpet":5,"minecraft:spruce_stairs":3,"minecraft:carrot":45,"minecraft:jungle_slab":1,"minecraft:beehive":1,"minecraft:spruce_fence":1,"minecraft:brown_terracotta":8,"minecraft:wooden_axe":27,"minecraft:stone_brick_slab":4,"minecraft:lantern":2,"minecraft:crimson_planks":1,"minecraft:stone_brick_stairs":2,"minecraft:stone_bricks":9,"minecraft:item_frame":1,"minecraft:red_carpet":10,"minecraft:golden_carrot":4,"minecraft:scaffolding":4,"minecraft:furnace":1,"minecraft:beetroot_seeds":2,"minecraft:potato":11,"minecraft:acacia_planks":5,"minecraft:wheat_seeds":61,"minecraft:stone_pickaxe":225,"minecraft:oak_planks":23,"minecraft:wooden_pickaxe":16,"minecraft:mossy_cobblestone":1,"minecraft:crafting_table":3,"minecraft:light_gray_terracotta":3,"minecraft:white_bed":1,"minecraft:stone_brick_wall":1,"minecraft:iron_pickaxe":254,"minecraft:bread":42,"minecraft:stone_button":2,"minecraft:map":1,"minecraft:spruce_trapdoor":1,"minecraft:wooden_sword":126,"minecraft:cobblestone":29,"minecraft:white_banner":2,"minecraft:oak_boat":2,"alexsmobs:animal_dictionary":1,"minecraft:purple_carpet":5,"minecraft:coarse_dirt":1,"minecraft:bone_meal":6}},"DataVersion":3465}