{"stats":{"minecraft:custom":{"minecraft:time_since_rest":9500,"minecraft:waystone_activated":1,"minecraft:sprint_one_cm":152421,"minecraft:damage_taken":3849,"minecraft:walk_one_cm":95441,"minecraft:mob_kills":2,"minecraft:drop":1,"minecraft:damage_dealt":291,"minecraft:talked_to_villager":1,"minecraft:swim_one_cm":62792,"minecraft:interact_with_crafting_table":9,"minecraft:fly_one_cm":195947,"minecraft:open_chest":20,"minecraft:crouch_one_cm":1393,"minecraft:play_time":40823,"minecraft:deaths":13,"minecraft:sneak_time":1227,"minecraft:walk_under_water_one_cm":7636,"minecraft:jump":711,"minecraft:leave_game":4,"minecraft:time_since_death":9459,"minecraft:walk_on_water_one_cm":11877,"minecraft:total_world_time":40823,"minecraft:climb_one_cm":2578,"minecraft:damage_resisted":0,"minecraft:fall_one_cm":26554},"minecraft:killed":{"naturalist:tortoise":1,"naturalist:snail":1},"minecraft:killed_by":{"minecraft:skeleton":1},"minecraft:mined":{"minecraft:hay_block":7,"minecraft:coal_ore":1,"minecraft:dead_bush":16,"minecraft:sand":32,"minecraft:dirt":5,"minecraft:stripped_oak_log":15,"minecraft:stone":35,"farmersdelight:wild_tomatoes":2,"minecraft:sugar_cane":11,"minecraft:sandstone":12},"minecraft:dropped":{"minecraft:rail":2},"minecraft:used":{"minecraft:bread":1,"minecraft:stone_pickaxe":1,"minecraft:wooden_pickaxe":59,"minecraft:sugar_cane":1,"minecraft:dirt":5,"minecraft:sand":13,"minecraft:rail":4,"minecraft:crafting_table":2,"minecraft:goat_horn":1,"mvw:stone_double_axe":6,"minecraft:carrot":2},"minecraft:crafted":{"extraarmor:oak_wood_helmet":1,"minecraft:oak_planks":60,"extraarmor:oak_wood_leggings":1,"mvw:stone_double_axe":1,"minecraft:crafting_table":2,"extraarmor:oak_wood_chestplate":1,"minecraft:stick":12,"minecraft:stone_pickaxe":1,"minecraft:wooden_pickaxe":1,"spartanshields:wooden_tower_shield":1,"extraarmor:oak_wood_boots":1,"spartanshields:stone_tower_shield":1,"minecraft:bread":9,"minecraft:wheat":63},"minecraft:broken":{"minecraft:wooden_pickaxe":1},"minecraft:picked_up":{"minecraft:stripped_oak_log":15,"minecraft:stick":8,"minecraft:sandstone":12,"minecraft:clay_ball":1,"minecraft:leather":2,"minecraft:torch":2,"minecraft:sand":32,"farmersdelight:tomato_seeds":3,"quark:birch_chest":1,"minecraft:carrot":23,"minecraft:goat_horn":1,"minecraft:dirt":5,"minecraft:beetroot":4,"minecraft:slime_ball":1,"minecraft:wheat_seeds":1,"minecraft:beetroot_seeds":9,"minecraft:hay_block":7,"minecraft:crossbow":1,"minecraft:beef":1,"alexsmobs:maggot":1,"minecraft:sugar_cane":19,"minecraft:coal":1,"minecraft:cobblestone":35,"minecraft:rail":6}},"DataVersion":3465}