{"stats":{"minecraft:custom":{"minecraft:time_since_rest":647,"minecraft:crouch_one_cm":815,"minecraft:sprint_one_cm":83084,"minecraft:play_time":22632,"minecraft:deaths":10,"minecraft:damage_taken":2824,"minecraft:walk_one_cm":48231,"minecraft:sneak_time":547,"minecraft:walk_under_water_one_cm":5521,"minecraft:mob_kills":1,"minecraft:jump":427,"minecraft:damage_dealt":238,"minecraft:leave_game":3,"minecraft:walk_on_water_one_cm":9228,"minecraft:time_since_death":619,"minecraft:total_world_time":22632,"minecraft:swim_one_cm":29951,"minecraft:fly_one_cm":137620,"minecraft:fall_one_cm":18286},"minecraft:killed":{"naturalist:tortoise":1},"minecraft:mined":{"minecraft:dead_bush":15,"minecraft:sand":17,"minecraft:sugar_cane":11},"minecraft:used":{"minecraft:sand":10,"minecraft:sugar_cane":1},"minecraft:picked_up":{"minecraft:stick":8,"minecraft:sand":15,"alexsmobs:maggot":1,"minecraft:sugar_cane":19}},"DataVersion":3465}