{"stats":{"minecraft:custom":{"minecraft:jump":111,"minecraft:time_since_rest":3874,"minecraft:damage_taken":2078,"minecraft:leave_game":3,"minecraft:crouch_one_cm":311,"minecraft:time_since_death":0,"minecraft:play_time":12130,"minecraft:sprint_one_cm":33845,"minecraft:walk_one_cm":9414,"minecraft:walk_on_water_one_cm":120,"minecraft:deaths":7,"minecraft:sneak_time":282,"minecraft:total_world_time":12130,"minecraft:fall_one_cm":9112,"minecraft:fly_one_cm":23939},"minecraft:picked_up":{"alexsmobs:maggot":1}},"DataVersion":3465}