{"stats":{"minecraft:custom":{"minecraft:time_since_rest":475,"minecraft:waystone_activated":1,"minecraft:crouch_one_cm":984,"minecraft:sprint_one_cm":112462,"minecraft:play_time":28632,"minecraft:deaths":12,"minecraft:damage_taken":3527,"minecraft:walk_one_cm":71578,"minecraft:sneak_time":661,"minecraft:walk_under_water_one_cm":5590,"minecraft:mob_kills":1,"minecraft:jump":553,"minecraft:damage_dealt":271,"minecraft:leave_game":3,"minecraft:walk_on_water_one_cm":9348,"minecraft:time_since_death":441,"minecraft:climb_one_cm":933,"minecraft:total_world_time":28632,"minecraft:interact_with_crafting_table":2,"minecraft:swim_one_cm":44694,"minecraft:fly_one_cm":173906,"minecraft:fall_one_cm":23732},"minecraft:killed":{"naturalist:tortoise":1},"minecraft:killed_by":{"minecraft:skeleton":1},"minecraft:mined":{"minecraft:hay_block":3,"minecraft:dead_bush":15,"minecraft:dirt":2,"minecraft:sand":17,"minecraft:stripped_oak_log":3,"farmersdelight:wild_tomatoes":2,"minecraft:sugar_cane":11},"minecraft:used":{"minecraft:sand":10,"minecraft:crafting_table":1,"minecraft:bread":1,"minecraft:sugar_cane":1},"minecraft:crafted":{"minecraft:oak_planks":12,"minecraft:crafting_table":1,"minecraft:stick":4,"minecraft:bread":9,"minecraft:wheat":27},"minecraft:picked_up":{"minecraft:stripped_oak_log":3,"minecraft:stick":8,"minecraft:hay_block":3,"minecraft:sand":15,"farmersdelight:tomato_seeds":1,"alexsmobs:maggot":1,"minecraft:sugar_cane":19,"minecraft:dirt":1}},"DataVersion":3465}