{"stats":{"minecraft:crafted":{"minecraft:oak_planks":80,"minecraft:oak_slab":18,"minecraft:crafting_table":4,"minecraft:wooden_pickaxe":1,"minecraft:bread":23,"minecraft:acacia_boat":1,"minecraft:shield":1,"minecraft:stick":8,"quark:oak_chest":1,"minecraft:stone_pickaxe":1,"minecraft:stone_sword":1,"minecraft:acacia_planks":16},"minecraft:custom":{"spartanshields:shield_bash_hits":1,"minecraft:mob_kills":5,"minecraft:interact_with_crafting_table":12,"minecraft:open_barrel":3,"minecraft:damage_dealt_resisted":200,"minecraft:time_since_death":23699,"minecraft:climb_one_cm":1868,"minecraft:damage_resisted":0,"minecraft:time_since_rest":23699,"minecraft:sprint_one_cm":43162,"minecraft:damage_taken":530,"minecraft:walk_one_cm":88191,"minecraft:damage_blocked_by_shield":75,"minecraft:drop":23,"minecraft:damage_dealt":1096,"minecraft:swim_one_cm":35687,"minecraft:fly_one_cm":53973,"minecraft:open_chest":5,"minecraft:crouch_one_cm":4220,"minecraft:play_time":23699,"minecraft:sneak_time":1522,"minecraft:walk_under_water_one_cm":4247,"minecraft:boat_one_cm":22716,"minecraft:jump":362,"minecraft:walk_on_water_one_cm":6465,"minecraft:total_world_time":23699,"minecraft:fall_one_cm":4409},"minecraft:picked_up":{"minecraft:coarse_dirt":3,"minecraft:leather_chestplate":1,"minecraft:wheat":71,"minecraft:lilac":1,"minecraft:leather_leggings":1,"minecraft:stone_brick_wall":1,"minecraft:oak_log":20,"minecraft:brewing_stand":1,"minecraft:oak_trapdoor":1,"minecraft:lapis_lazuli":2,"minecraft:dirt":9,"minecraft:string":10,"minecraft:paper":1,"minecraft:bone":1,"minecraft:stone_bricks":2,"minecraft:kelp":1,"minecraft:wheat_seeds":173,"minecraft:iron_ingot":2,"minecraft:poppy":1,"minecraft:coal_block":4,"minecraft:iron_sword":1,"minecraft:oak_planks":6,"minecraft:raw_iron":30,"apotheosis:gem":6,"minecraft:dandelion":1,"minecraft:acacia_log":4,"minecraft:white_dye":2,"minecraft:stone_button":2,"minecraft:carrot":1,"minecraft:leather_helmet":1,"minecraft:rotten_flesh":6,"minecraft:diamond_boots":1,"minecraft:gold_ingot":2,"minecraft:bread":1,"alexsmobs:maggot":2,"minecraft:oak_sapling":2,"minecraft:coal":9,"minecraft:cobblestone":7},"minecraft:mined":{"minecraft:brewing_stand":1,"minecraft:acacia_log":4,"minecraft:grass_block":1,"minecraft:stone_brick_wall":1,"minecraft:white_stained_glass_pane":4,"minecraft:coal_block":4,"minecraft:tall_grass":2,"minecraft:oak_planks":1,"minecraft:coarse_dirt":3,"minecraft:iron_ore":30,"minecraft:wheat":41,"minecraft:grass":2,"minecraft:oak_log":14,"minecraft:coal_ore":9,"minecraft:oak_stairs":1,"minecraft:purple_carpet":1,"minecraft:dirt":3,"minecraft:cobweb":11,"minecraft:stone":7,"minecraft:stone_bricks":3,"minecraft:oak_leaves":1,"minecraft:infested_stone":2},"minecraft:dropped":{"minecraft:bread":12,"minecraft:kelp":1,"minecraft:lilac":1,"minecraft:stone_sword":1,"minecraft:rotten_flesh":1,"minecraft:oak_planks":5,"minecraft:leather_chestplate":1,"minecraft:stone_button":2,"minecraft:oak_sapling":1,"minecraft:leather_leggings":1,"minecraft:stone_bricks":1},"minecraft:killed":{"undead_revamp2:theswarmer":1,"minecraft:zombie":1,"minecraft:silverfish":3},"minecraft:used":{"minecraft:wheat_seeds":40,"minecraft:acacia_boat":1,"minecraft:stone_sword":37,"minecraft:stone_pickaxe":56,"minecraft:oak_planks":17,"minecraft:shield":3,"minecraft:wooden_pickaxe":3,"minecraft:iron_sword":1,"minecraft:iron_chestplate":1,"minecraft:dirt":9,"minecraft:oak_slab":18,"minecraft:crafting_table":4,"minecraft:carrot":1,"minecraft:stone_brick_wall":1,"minecraft:bread":10,"minecraft:stone_bricks":1,"minecraft:coal_block":2,"minecraft:cobblestone":1,"quark:oak_chest":1,"minecraft:acacia_planks":1,"minecraft:coarse_dirt":3}},"DataVersion":3465}