{"stats":{"minecraft:killed":{"fight_or_die:mutated_human_head":2,"fight_or_die:springer":27,"undead_revamp2:thehunter":6,"minecraft:spider":5,"undead_revamp2:thesmoker":2,"royalvariations:royal_skeleton":1,"undead_revamp2:bomber":2,"undead_revamp2:theswarmer":3,"minecraft:skeleton":8,"fight_or_die:mutated_human":8,"fight_or_die:shiller":4,"minecraft:silverfish":3,"undead_revamp2:therod":1,"fight_or_die:mutated_cow_head":1,"minecraft:pig":3,"undead_revamp2:the_moonflower":3,"minecraft:creeper":8,"royalvariations:royal_zombie":2,"minecraft:zombie":6,"fight_or_die:mutated_player":4,"alexsmobs:gazelle":2,"minecraft:stray":1,"fight_or_die:mutated_player_head":1,"minecraft:enderman":2},"minecraft:mined":{"minecraft:tuff":3,"quark:yellow_blossom_leaves":2,"minecraft:mossy_cobblestone":7,"minecraft:deepslate_diamond_ore":93,"minecraft:black_terracotta":9,"minecraft:brewing_stand":1,"minecraft:stone_brick_wall":1,"minecraft:acacia_log":11,"minecraft:grass_block":6,"minecraft:decorated_pot":1,"minecraft:coal_block":5,"minecraft:white_concrete_powder":2,"minecraft:hay_block":6,"minecraft:redstone_ore":4,"minecraft:iron_ore":102,"minecraft:fire":8,"minecraft:cobbled_deepslate":1,"minecraft:peony":5,"minecraft:dirt_path":1,"minecraft:deepslate_iron_ore":11,"minecraft:vine":1,"minecraft:oak_stairs":1,"quark:limestone":2,"minecraft:purple_carpet":1,"minecraft:stone":426,"minecraft:iron_block":2,"minecraft:kelp_plant":4,"minecraft:stone_brick_slab":1,"minecraft:crafting_table":1,"minecraft:light_gray_terracotta":22,"minecraft:white_stained_glass_pane":4,"minecraft:rose_bush":2,"minecraft:copper_ore":21,"minecraft:tall_grass":16,"minecraft:cobblestone":22,"minecraft:lapis_ore":17,"minecraft:oak_planks":1,"minecraft:wall_torch":4,"minecraft:seagrass":2,"minecraft:white_terracotta":38,"minecraft:coarse_dirt":3,"minecraft:wheat":47,"minecraft:lilac":3,"minecraft:gray_bed":2,"minecraft:grass":53,"minecraft:coal_ore":14,"minecraft:oak_log":48,"minecraft:gravel":17,"minecraft:sand":1,"minecraft:dirt":13,"minecraft:cobweb":11,"minecraft:brown_terracotta":43,"minecraft:cracked_stone_bricks":2,"minecraft:acacia_planks":2,"minecraft:stone_bricks":6,"minecraft:gold_ore":8,"minecraft:mossy_stone_bricks":4,"minecraft:oak_leaves":4,"minecraft:deepslate":319,"minecraft:infested_stone":2},"minecraft:broken":{"minecraft:stone_pickaxe":2,"minecraft:iron_pickaxe":1,"minecraft:iron_helmet":1},"minecraft:killed_by":{"minecraft:player":1,"undead_revamp2:thesmoker":1},"minecraft:custom":{"minecraft:interact_with_anvil":6,"minecraft:mob_kills":111,"minecraft:interact_with_crafting_table":62,"minecraft:open_barrel":5,"minecraft:damage_dealt_resisted":1371,"minecraft:leave_game":2,"minecraft:time_since_death":4709,"minecraft:climb_one_cm":2779,"minecraft:damage_resisted":11,"minecraft:sprint_one_cm":176609,"minecraft:walk_one_cm":635522,"minecraft:damage_blocked_by_shield":3580,"minecraft:drop":151,"minecraft:play_time":213419,"minecraft:sneak_time":11029,"minecraft:deaths":10,"minecraft:walk_under_water_one_cm":30510,"minecraft:boat_one_cm":93051,"minecraft:jump":2474,"minecraft:walk_on_water_one_cm":37599,"minecraft:total_world_time":213419,"minecraft:interact_with_furnace":33,"spartanshields:shield_bash_hits":8,"minecraft:sleep_in_bed":7,"minecraft:time_since_rest":4733,"minecraft:damage_absorbed":16,"minecraft:damage_taken":5397,"minecraft:damage_dealt":16986,"minecraft:player_kills":1,"minecraft:swim_one_cm":60505,"minecraft:fly_one_cm":285177,"minecraft:open_chest":79,"minecraft:crouch_one_cm":21503,"minecraft:fall_one_cm":38964},"minecraft:picked_up":{"minecraft:coarse_dirt":3,"minecraft:crafting_table":1,"minecraft:chainmail_boots":1,"minecraft:wheat":93,"extraarmor:bone_chestplate":1,"minecraft:leather_leggings":3,"minecraft:stone_brick_wall":1,"minecraft:brewing_stand":1,"minecraft:oak_trapdoor":1,"minecraft:string":26,"minecraft:raw_copper":64,"minecraft:iron_leggings":1,"minecraft:item_frame":3,"minecraft:cracked_stone_bricks":1,"minecraft:cobbled_deepslate":251,"minecraft:rose_bush":1,"minecraft:poppy":1,"minecraft:iron_pickaxe":3,"minecraft:coal_block":5,"minecraft:spruce_trapdoor":2,"fight_or_die:ripping_flesh":1,"minecraft:iron_boots":1,"minecraft:furnace":1,"minecraft:tipped_arrow":1,"minecraft:raw_iron":111,"minecraft:stick":1,"apotheosis:gem":38,"minecraft:oak_door":1,"minecraft:brown_terracotta":48,"minecraft:copper_ingot":12,"minecraft:torch":8,"minecraft:acacia_log":11,"minecraft:spruce_stairs":1,"minecraft:porkchop":6,"minecraft:white_dye":2,"farmersdelight:tomato_seeds":3,"minecraft:stone_button":5,"minecraft:carrot":2,"minecraft:redstone":20,"minecraft:arrow":17,"minecraft:rotten_flesh":54,"minecraft:peony":6,"minecraft:diamond_boots":1,"minecraft:hay_block":5,"minecraft:iron_block":2,"alexsmobs:emu_egg":1,"minecraft:gold_ingot":3,"minecraft:white_terracotta":43,"minecraft:white_wool":2,"minecraft:cobblestone":466,"minecraft:leather_chestplate":5,"minecraft:lilac":11,"fight_or_die:springer_fragment":2,"minecraft:golden_carrot":1,"minecraft:potato":3,"minecraft:flint":2,"minecraft:tuff":2,"minecraft:oak_log":85,"minecraft:gunpowder":6,"minecraft:lapis_lazuli":95,"quark:limestone":2,"minecraft:dirt":85,"minecraft:paper":1,"extraarmor:acacia_wood_helmet":1,"minecraft:purple_carpet":8,"minecraft:bone":14,"minecraft:acacia_planks":8,"undead_revamp2:blacpetalblock":1,"minecraft:stone_bricks":5,"minecraft:kelp":1,"minecraft:bow":2,"minecraft:wheat_seeds":296,"minecraft:raw_gold":8,"minecraft:iron_ingot":3,"minecraft:mossy_stone_bricks":3,"minecraft:glass_bottle":1,"minecraft:gray_bed":2,"minecraft:oak_planks":77,"minecraft:iron_sword":5,"minecraft:black_terracotta":8,"spartanshields:iron_tower_shield":2,"royalvariations:royal_bone":1,"minecraft:dandelion":4,"minecraft:gravel":27,"minecraft:sand":1,"minecraft:white_bed":1,"minecraft:spider_eye":2,"minecraft:mossy_cobblestone":7,"minecraft:leather_helmet":1,"minecraft:light_gray_terracotta":72,"minecraft:white_concrete_powder":2,"minecraft:diamond":93,"undead_revamp2:beespheromones":1,"minecraft:iron_helmet":1,"minecraft:emerald":2,"minecraft:bread":4,"alexsmobs:maggot":2,"minecraft:oak_sapling":2,"extraarmor:mangrove_wood_chestplate":1,"minecraft:coal":24,"minecraft:ender_pearl":1},"minecraft:used":{"minecraft:stone_sword":38,"minecraft:white_concrete_powder":2,"minecraft:white_terracotta":21,"minecraft:shield":7,"minecraft:iron_sword":298,"minecraft:rotten_flesh":13,"minecraft:oak_door":1,"minecraft:iron_chestplate":1,"minecraft:torch":17,"minecraft:brewing_stand":1,"minecraft:dirt":78,"minecraft:anvil":1,"minecraft:carrot":4,"minecraft:brown_terracotta":5,"minecraft:iron_axe":52,"minecraft:stone_bricks":1,"minecraft:bow":63,"minecraft:golden_carrot":1,"minecraft:furnace":2,"minecraft:gray_bed":2,"minecraft:cobbled_deepslate":44,"minecraft:acacia_planks":5,"minecraft:wheat_seeds":40,"minecraft:cooked_mutton":2,"minecraft:acacia_boat":1,"minecraft:stone_pickaxe":706,"minecraft:oak_planks":115,"minecraft:ender_pearl":1,"minecraft:wooden_pickaxe":3,"minecraft:diamond_axe":1,"spartanshields:iron_tower_shield":47,"minecraft:oak_slab":18,"minecraft:crafting_table":13,"quark:acacia_chest":2,"minecraft:light_gray_terracotta":39,"spartanshields:stone_tower_shield":9,"minecraft:stone_brick_wall":1,"minecraft:diamond_pickaxe":40,"minecraft:string":1,"minecraft:iron_pickaxe":463,"minecraft:bread":41,"spartanshields:diamond_tower_shield":93,"minecraft:diamond_sword":88,"minecraft:coal_block":2,"sons_of_sins:flesh_of_demise":1,"minecraft:cobblestone":58,"quark:oak_chest":4,"minecraft:oak_boat":1,"minecraft:coarse_dirt":3,"minecraft:purple_carpet":3},"minecraft:dropped":{"farmersdelight:tomato_seeds":3,"minecraft:bread":12,"minecraft:iron_sword":3,"minecraft:porkchop":6,"spartanshields:iron_tower_shield":3,"minecraft:wheat_seeds":63,"minecraft:lilac":2,"minecraft:iron_helmet":1,"minecraft:cobblestone":23,"minecraft:cracked_stone_bricks":1,"minecraft:copper_ingot":3,"quark:limestone":2,"minecraft:spruce_stairs":1,"minecraft:coal":3,"minecraft:leather_helmet":1,"fight_or_die:springer_fragment":1,"spartanshields:stone_tower_shield":1,"minecraft:dirt":7,"minecraft:stone_button":5,"minecraft:rose_bush":1,"minecraft:brown_terracotta":18,"minecraft:iron_leggings":1,"minecraft:iron_pickaxe":3,"minecraft:chainmail_leggings":1,"minecraft:paper":6,"minecraft:acacia_planks":3,"minecraft:dandelion":1,"minecraft:bone":1,"minecraft:gravel":18,"minecraft:kelp":1,"minecraft:iron_nugget":2,"minecraft:stone_sword":1,"minecraft:cobbled_deepslate":2,"minecraft:light_gray_terracotta":3,"minecraft:tuff":2,"minecraft:wheat":12,"minecraft:black_terracotta":3,"minecraft:rotten_flesh":7,"minecraft:oak_planks":16,"minecraft:white_terracotta":8,"minecraft:white_bed":3,"minecraft:leather_chestplate":2,"minecraft:potato":1,"minecraft:tipped_arrow":1,"minecraft:shield":1,"minecraft:peony":6,"minecraft:mossy_stone_bricks":3,"apotheosis:gem":14,"minecraft:oak_sapling":1,"fight_or_die:ripping_flesh":1,"minecraft:leather_leggings":1,"minecraft:spider_eye":2,"minecraft:stone_bricks":2,"minecraft:diamond_boots":1,"minecraft:bow":2,"minecraft:stone_pickaxe":5},"minecraft:crafted":{"minecraft:oak_planks":314,"minecraft:coal":9,"spartanshields:wooden_tower_shield":3,"minecraft:furnace":2,"spartanshields:stone_tower_shield":1,"minecraft:cooked_mutton":2,"quark:acacia_chest":2,"minecraft:bow":2,"minecraft:diamond_helmet":1,"minecraft:diamond_leggings":1,"minecraft:iron_axe":1,"minecraft:stone_pickaxe":10,"minecraft:diamond_boots":1,"minecraft:wheat":45,"minecraft:coal_block":1,"minecraft:oak_slab":18,"minecraft:diamond_sword":1,"spartanshields:diamond_tower_shield":1,"minecraft:diamond_axe":1,"minecraft:crafting_table":12,"minecraft:wooden_pickaxe":1,"spartanshields:iron_tower_shield":1,"minecraft:iron_helmet":1,"minecraft:iron_sword":1,"minecraft:bread":42,"minecraft:acacia_boat":1,"minecraft:air":0,"minecraft:oak_boat":1,"minecraft:white_wool":4,"minecraft:diamond_pickaxe":1,"minecraft:shield":1,"minecraft:stick":48,"quark:oak_chest":4,"minecraft:iron_ingot":129,"minecraft:iron_pickaxe":1,"minecraft:iron_block":3,"minecraft:stone_sword":1,"minecraft:iron_leggings":1,"minecraft:anvil":1,"minecraft:white_bed":2,"minecraft:acacia_planks":44,"minecraft:torch":20,"minecraft:diamond_chestplate":1}},"DataVersion":3465}