{"stats":{"minecraft:killed":{"fight_or_die:springer":28,"minecraft:spider":5,"undead_revamp2:thesmoker":2,"royalvariations:royal_skeleton":1,"undead_revamp2:theswarmer":3,"minecraft:skeleton":10,"minecraft:silverfish":3,"undead_revamp2:therod":1,"fight_or_die:mutated_cow_head":1,"minecraft:pig":3,"fight_or_die:mutated_cow":1,"minecraft:creeper":10,"fight_or_die:mutated_villager":1,"minecraft:trader_llama":2,"minecraft:pillager":8,"minecraft:zombie":10,"fight_or_die:mutated_player":5,"minecraft:stray":1,"fight_or_die:mutated_human_head":2,"undead_revamp2:thehunter":6,"undead_revamp2:bomber":2,"fight_or_die:shiller":4,"fight_or_die:mutated_human":10,"minecraft:drowned":5,"naturalist:giraffe":1,"undead_revamp2:the_moonflower":4,"royalvariations:royal_zombie":2,"alexsmobs:elephant":1,"alexsmobs:gazelle":4,"fight_or_die:mutated_player_head":1,"minecraft:enderman":2},"minecraft:mined":{"quark:yellow_blossom_leaves":2,"minecraft:black_terracotta":9,"minecraft:brewing_stand":1,"minecraft:obsidian":4,"minecraft:budding_amethyst":1,"minecraft:acacia_log":11,"minecraft:grass_block":9,"minecraft:stone_brick_wall":1,"minecraft:coal_block":5,"minecraft:iron_ore":104,"minecraft:cobbled_deepslate":5,"minecraft:fire":8,"minecraft:dirt_path":1,"minecraft:purple_carpet":1,"minecraft:oak_stairs":1,"quark:limestone":2,"minecraft:iron_block":2,"minecraft:kelp_plant":4,"minecraft:light_gray_terracotta":27,"minecraft:calcite":3,"minecraft:white_stained_glass_pane":4,"minecraft:cobblestone":23,"minecraft:oak_planks":1,"minecraft:wall_torch":5,"minecraft:amethyst_block":4,"minecraft:seagrass":2,"minecraft:white_terracotta":38,"minecraft:wheat":47,"minecraft:lilac":3,"minecraft:grass":89,"minecraft:oak_log":48,"minecraft:sand":2,"minecraft:dirt":13,"minecraft:smooth_basalt":2,"minecraft:oak_leaves":4,"minecraft:deepslate":319,"minecraft:tuff":3,"minecraft:mossy_cobblestone":7,"minecraft:deepslate_diamond_ore":93,"minecraft:decorated_pot":2,"minecraft:white_concrete_powder":2,"minecraft:hay_block":6,"minecraft:redstone_ore":4,"minecraft:suspicious_sand":1,"minecraft:peony":5,"minecraft:deepslate_iron_ore":11,"minecraft:vine":1,"minecraft:stone":435,"minecraft:stone_brick_slab":1,"minecraft:crafting_table":1,"minecraft:rose_bush":2,"minecraft:tall_grass":16,"minecraft:copper_ore":21,"minecraft:lapis_ore":17,"minecraft:coarse_dirt":3,"minecraft:gray_bed":3,"minecraft:coal_ore":15,"minecraft:gravel":17,"minecraft:cobweb":11,"minecraft:brown_terracotta":43,"minecraft:cracked_stone_bricks":2,"minecraft:acacia_planks":2,"minecraft:stone_bricks":6,"minecraft:mossy_stone_bricks":4,"minecraft:gold_ore":8,"minecraft:infested_stone":2},"minecraft:killed_by":{"undead_revamp2:thesmoker":1,"minecraft:player":2},"minecraft:broken":{"minecraft:stone_pickaxe":2,"minecraft:iron_pickaxe":1,"minecraft:iron_helmet":1},"minecraft:custom":{"minecraft:interact_with_crafting_table":64,"minecraft:open_barrel":6,"minecraft:leave_game":3,"minecraft:time_since_death":1014,"minecraft:damage_resisted":11,"minecraft:sprint_one_cm":307329,"minecraft:damage_blocked_by_shield":4590,"minecraft:drop":202,"minecraft:talked_to_villager":8,"minecraft:play_time":254213,"minecraft:deaths":14,"minecraft:jump":3561,"minecraft:interact_with_brewingstand":1,"minecraft:walk_on_water_one_cm":60230,"minecraft:interact_with_furnace":38,"minecraft:traded_with_villager":8,"minecraft:sleep_in_bed":9,"minecraft:damage_dealt":24390,"minecraft:player_kills":1,"minecraft:crouch_one_cm":26231,"minecraft:mob_kills":147,"minecraft:interact_with_anvil":8,"minecraft:damage_dealt_resisted":1436,"minecraft:climb_one_cm":4898,"minecraft:walk_one_cm":752134,"minecraft:damage_dealt_absorbed":43,"minecraft:sneak_time":12305,"minecraft:walk_under_water_one_cm":68648,"minecraft:boat_one_cm":93051,"minecraft:total_world_time":254213,"spartanshields:shield_bash_hits":9,"minecraft:time_since_rest":2,"minecraft:damage_taken":7399,"minecraft:damage_absorbed":16,"minecraft:swim_one_cm":104519,"minecraft:fly_one_cm":560780,"minecraft:open_chest":107,"minecraft:fall_one_cm":72569},"minecraft:picked_up":{"minecraft:wheat":93,"minecraft:chainmail_boots":2,"minecraft:lead":2,"minecraft:brewing_stand":1,"minecraft:amethyst_block":3,"alexsmobs:gazelle_horn":1,"minecraft:string":26,"minecraft:raw_copper":64,"minecraft:iron_leggings":1,"minecraft:cobbled_deepslate":429,"minecraft:rose_bush":1,"minecraft:calcite":3,"minecraft:iron_pickaxe":3,"minecraft:coal_block":5,"minecraft:iron_boots":2,"minecraft:furnace":1,"minecraft:tipped_arrow":1,"minecraft:stick":1,"apotheosis:gem":46,"minecraft:brown_terracotta":50,"minecraft:spruce_stairs":1,"minecraft:torch":8,"minecraft:acacia_log":11,"minecraft:porkchop":6,"minecraft:rotten_flesh":64,"minecraft:iron_block":2,"alexsmobs:emu_egg":2,"minecraft:white_terracotta":47,"minecraft:obsidian":7,"minecraft:cobblestone":476,"minecraft:leather_chestplate":5,"fight_or_die:springer_fragment":2,"minecraft:lilac":11,"minecraft:potato":3,"minecraft:flint":6,"minecraft:tuff":2,"minecraft:lapis_lazuli":142,"minecraft:dirt":88,"minecraft:purple_carpet":8,"minecraft:bone":26,"minecraft:acacia_planks":8,"undead_revamp2:blacpetalblock":1,"minecraft:bow":2,"minecraft:wheat_seeds":297,"minecraft:raw_gold":16,"minecraft:mossy_stone_bricks":3,"minecraft:oak_planks":77,"minecraft:black_terracotta":8,"spartanshields:iron_tower_shield":2,"royalvariations:royal_bone":1,"minecraft:sand":1,"minecraft:mossy_cobblestone":7,"minecraft:light_gray_terracotta":97,"minecraft:diamond":93,"minecraft:emerald":2,"minecraft:bread":4,"alexsmobs:maggot":2,"minecraft:oak_sapling":2,"extraarmor:mangrove_wood_chestplate":1,"minecraft:coarse_dirt":9,"minecraft:crafting_table":1,"minecraft:leather_leggings":4,"extraarmor:bone_chestplate":1,"minecraft:stone_brick_wall":1,"minecraft:brick":1,"minecraft:oak_trapdoor":1,"minecraft:item_frame":3,"minecraft:cracked_stone_bricks":1,"minecraft:poppy":1,"minecraft:iron_nugget":9,"minecraft:spruce_trapdoor":2,"fight_or_die:ripping_flesh":3,"minecraft:raw_iron":118,"minecraft:oak_door":1,"minecraft:copper_ingot":113,"minecraft:white_dye":2,"farmersdelight:tomato_seeds":3,"minecraft:stone_button":5,"minecraft:carrot":2,"minecraft:redstone":42,"minecraft:arrow":21,"minecraft:peony":6,"minecraft:diamond_boots":1,"minecraft:hay_block":5,"minecraft:saddle":1,"minecraft:gold_ingot":3,"minecraft:white_wool":2,"minecraft:golden_carrot":1,"minecraft:leather":32,"minecraft:oak_log":85,"minecraft:gunpowder":14,"quark:limestone":2,"minecraft:paper":1,"extraarmor:acacia_wood_helmet":1,"minecraft:stone_bricks":5,"minecraft:kelp":1,"minecraft:iron_ingot":3,"minecraft:cobweb":4,"minecraft:glass_bottle":1,"minecraft:gray_bed":4,"minecraft:iron_sword":5,"minecraft:smooth_basalt":2,"minecraft:dandelion":4,"minecraft:gravel":27,"minecraft:amethyst_shard":2,"minecraft:white_bed":2,"quark:oak_chest":1,"minecraft:spider_eye":2,"minecraft:leather_helmet":2,"minecraft:slime_ball":9,"minecraft:white_concrete_powder":2,"undead_revamp2:beespheromones":1,"minecraft:iron_helmet":1,"minecraft:coal":44,"minecraft:ender_pearl":1},"minecraft:used":{"minecraft:white_concrete_powder":2,"minecraft:white_terracotta":21,"minecraft:shield":7,"minecraft:iron_sword":381,"minecraft:rotten_flesh":47,"minecraft:iron_chestplate":1,"minecraft:carrot":4,"minecraft:stone_bricks":1,"minecraft:bow":90,"minecraft:furnace":3,"minecraft:gray_bed":4,"minecraft:stone_pickaxe":706,"minecraft:oak_planks":134,"minecraft:ender_pearl":1,"minecraft:wooden_pickaxe":3,"minecraft:diamond_axe":1,"minecraft:light_gray_terracotta":58,"spartanshields:stone_tower_shield":9,"minecraft:stone_brick_wall":1,"minecraft:bread":41,"minecraft:string":1,"spartanshields:diamond_tower_shield":131,"minecraft:diamond_sword":144,"minecraft:coal_block":2,"sons_of_sins:flesh_of_demise":1,"minecraft:oak_boat":1,"minecraft:coarse_dirt":3,"minecraft:stone_sword":38,"minecraft:oak_door":1,"minecraft:torch":17,"minecraft:brewing_stand":1,"minecraft:dirt":80,"minecraft:anvil":2,"minecraft:brown_terracotta":5,"minecraft:iron_axe":52,"minecraft:smooth_basalt":2,"minecraft:golden_carrot":8,"minecraft:acacia_planks":5,"minecraft:cobbled_deepslate":54,"minecraft:calcite":3,"minecraft:wheat_seeds":40,"minecraft:cooked_mutton":2,"minecraft:acacia_boat":1,"minecraft:water_bucket":21,"spartanshields:iron_tower_shield":47,"minecraft:oak_slab":18,"minecraft:crafting_table":14,"quark:acacia_chest":2,"minecraft:white_bed":1,"minecraft:diamond_pickaxe":76,"minecraft:iron_pickaxe":463,"minecraft:cobblestone":124,"minecraft:bucket":21,"quark:oak_chest":5,"minecraft:purple_carpet":3},"minecraft:dropped":{"minecraft:iron_sword":3,"minecraft:porkchop":6,"minecraft:diamond":8,"minecraft:leather":16,"minecraft:cracked_stone_bricks":1,"quark:limestone":2,"minecraft:leather_helmet":1,"minecraft:dirt":8,"spartanshields:stone_tower_shield":1,"minecraft:stone_button":5,"minecraft:iron_pickaxe":3,"minecraft:bone":1,"minecraft:gravel":18,"minecraft:iron_nugget":2,"minecraft:cobbled_deepslate":2,"minecraft:wheat":12,"minecraft:black_terracotta":3,"minecraft:rotten_flesh":24,"minecraft:oak_planks":16,"minecraft:white_bed":3,"minecraft:leather_chestplate":2,"minecraft:tipped_arrow":1,"apotheosis:gem":14,"minecraft:leather_leggings":1,"fight_or_die:ripping_flesh":3,"farmersdelight:tomato_seeds":3,"minecraft:iron_ingot":24,"minecraft:bread":12,"spartanshields:iron_tower_shield":3,"minecraft:wheat_seeds":63,"minecraft:lilac":2,"minecraft:iron_helmet":1,"minecraft:cobblestone":23,"minecraft:copper_ingot":3,"minecraft:spruce_stairs":1,"minecraft:coal":3,"fight_or_die:springer_fragment":1,"minecraft:rose_bush":1,"minecraft:brown_terracotta":20,"minecraft:iron_leggings":1,"minecraft:chainmail_leggings":1,"minecraft:paper":6,"minecraft:acacia_planks":3,"minecraft:dandelion":1,"minecraft:kelp":1,"minecraft:stone_sword":1,"minecraft:light_gray_terracotta":3,"minecraft:tuff":2,"minecraft:white_terracotta":10,"minecraft:diamond_sword":1,"minecraft:potato":1,"minecraft:shield":1,"minecraft:peony":6,"minecraft:mossy_stone_bricks":3,"minecraft:oak_sapling":1,"minecraft:spider_eye":2,"minecraft:stone_bricks":2,"minecraft:diamond_boots":1,"minecraft:bow":2,"minecraft:stone_pickaxe":5},"minecraft:crafted":{"minecraft:oak_planks":314,"spartanshields:wooden_tower_shield":3,"minecraft:cooked_mutton":2,"minecraft:diamond_helmet":1,"minecraft:diamond_leggings":1,"minecraft:bow":2,"minecraft:oak_slab":18,"spartanshields:diamond_tower_shield":1,"sophisticatedbackpacks:backpack":1,"minecraft:diamond_axe":1,"minecraft:crafting_table":13,"spartanshields:iron_tower_shield":1,"minecraft:wooden_pickaxe":1,"minecraft:iron_helmet":1,"minecraft:diamond_pickaxe":1,"minecraft:shield":1,"minecraft:stick":48,"quark:oak_chest":5,"minecraft:iron_ingot":129,"minecraft:iron_pickaxe":1,"minecraft:iron_block":3,"minecraft:stone_sword":1,"minecraft:golden_carrot":8,"minecraft:coal":9,"minecraft:furnace":3,"spartanshields:stone_tower_shield":1,"quark:acacia_chest":2,"minecraft:iron_axe":1,"minecraft:stone_pickaxe":10,"minecraft:diamond_boots":1,"minecraft:wheat":45,"minecraft:coal_block":1,"minecraft:diamond_sword":1,"minecraft:iron_sword":1,"minecraft:acacia_boat":1,"minecraft:bread":42,"minecraft:air":0,"minecraft:oak_boat":1,"minecraft:white_wool":4,"minecraft:gold_nugget":54,"minecraft:iron_leggings":1,"minecraft:anvil":1,"minecraft:white_bed":2,"minecraft:acacia_planks":44,"minecraft:torch":20,"minecraft:diamond_chestplate":1}},"DataVersion":3465}