{"stats":{"minecraft:killed":{"fight_or_die:springer":1,"minecraft:pig":2,"minecraft:zombie":1},"minecraft:mined":{"minecraft:dark_oak_planks":2,"minecraft:light_gray_carpet":1,"minecraft:smoker":1,"minecraft:brown_carpet":2,"minecraft:dark_oak_fence":3,"minecraft:campfire":2,"minecraft:cobblestone":9,"minecraft:lime_stained_glass":1,"minecraft:spruce_leaves":3,"minecraft:sugar_cane":3,"minecraft:blue_bed":1,"minecraft:smooth_stone":2,"minecraft:light_blue_wall_banner":1,"minecraft:beehive":1,"minecraft:sticky_piston":1,"minecraft:spruce_log":11,"minecraft:stripped_spruce_log":4,"minecraft:dark_oak_stairs":11,"minecraft:grass":5,"minecraft:cobblestone_slab":1,"minecraft:bookshelf":12,"minecraft:coal_ore":11,"minecraft:dirt_path":7,"minecraft:dirt":1,"minecraft:packed_ice":88,"minecraft:stone":14,"minecraft:oak_leaves":1},"minecraft:broken":{"minecraft:wooden_pickaxe":1},"minecraft:killed_by":{"undead_revamp2:thehunter":1,"minecraft:player":7,"minecraft:spider":1,"minecraft:zombie":2},"minecraft:custom":{"minecraft:interact_with_furnace":2,"spartanshields:shield_bash_hits":1,"minecraft:mob_kills":4,"minecraft:interact_with_crafting_table":9,"minecraft:open_barrel":4,"minecraft:interact_with_campfire":12,"minecraft:damage_dealt_resisted":0,"minecraft:leave_game":1,"minecraft:time_since_death":0,"minecraft:climb_one_cm":1521,"minecraft:damage_resisted":0,"minecraft:time_since_rest":0,"minecraft:sprint_one_cm":134004,"minecraft:damage_taken":6008,"minecraft:walk_one_cm":111590,"minecraft:damage_blocked_by_shield":270,"minecraft:drop":16,"minecraft:damage_dealt":1551,"minecraft:swim_one_cm":1942,"minecraft:talked_to_villager":1,"minecraft:open_chest":7,"minecraft:fly_one_cm":402519,"minecraft:player_kills":3,"minecraft:crouch_one_cm":5093,"minecraft:play_time":38528,"minecraft:deaths":19,"minecraft:sneak_time":1755,"minecraft:walk_under_water_one_cm":9720,"minecraft:jump":1119,"minecraft:interact_with_brewingstand":1,"minecraft:walk_on_water_one_cm":11747,"minecraft:total_world_time":38528,"minecraft:fall_one_cm":13060},"minecraft:picked_up":{"minecraft:charcoal":4,"minecraft:wheat":4,"minecraft:cooked_beef":2,"minecraft:leather":2,"minecraft:smoker":1,"minecraft:blue_bed":1,"minecraft:paper":1,"minecraft:dirt":10,"minecraft:cooked_mutton":2,"minecraft:item_frame":5,"quark:yellow_shard":5,"minecraft:bone":4,"minecraft:light_blue_banner":1,"minecraft:wheat_seeds":6,"minecraft:smooth_stone":2,"minecraft:beef":2,"minecraft:cobblestone_slab":1,"minecraft:sugar_cane":8,"minecraft:dark_oak_stairs":11,"minecraft:book":42,"apotheosis:gem":3,"minecraft:cooked_porkchop":1,"minecraft:porkchop":1,"minecraft:stripped_spruce_log":4,"minecraft:spruce_sapling":1,"minecraft:spruce_log":11,"minecraft:dark_oak_planks":2,"minecraft:brown_carpet":2,"minecraft:rotten_flesh":6,"minecraft:arrow":3,"minecraft:honey_block":3,"quark:lime_shard":3,"minecraft:emerald":2,"minecraft:bread":1,"minecraft:gold_ingot":1,"minecraft:baked_potato":9,"minecraft:dark_oak_fence":2,"minecraft:cod":5,"minecraft:coal":10,"minecraft:snowball":23,"minecraft:cobblestone":30},"minecraft:used":{"minecraft:stone_sword":31,"minecraft:shield":2,"minecraft:spruce_planks":1,"minecraft:wooden_pickaxe":99,"minecraft:crafting_table":3,"spartanshields:stone_tower_shield":4,"minecraft:snowball":23,"minecraft:wooden_axe":35,"minecraft:dark_oak_planks":2,"minecraft:apple":3,"minecraft:bread":4,"minecraft:stone_axe":16,"minecraft:spruce_sapling":1,"minecraft:wooden_sword":8,"minecraft:cobblestone":4,"minecraft:splash_potion":1},"minecraft:dropped":{"quark:lime_shard":3,"minecraft:dark_oak_stairs":11,"minecraft:stone_sword":1,"minecraft:wheat":1,"minecraft:cobblestone":8,"minecraft:cod":5,"minecraft:cobblestone_slab":1,"spartanshields:stone_tower_shield":1,"minecraft:dirt":4,"minecraft:dark_oak_fence":2,"minecraft:wooden_axe":1,"minecraft:honey_block":3,"minecraft:gold_nugget":3,"minecraft:brown_carpet":2,"minecraft:wooden_sword":1,"minecraft:wooden_pickaxe":1},"minecraft:crafted":{"minecraft:wooden_sword":1,"minecraft:crafting_table":3,"minecraft:spruce_planks":60,"minecraft:wooden_pickaxe":2,"spartanshields:wooden_tower_shield":1,"minecraft:stone_axe":1,"spartanshields:stone_tower_shield":1,"minecraft:bread":1,"minecraft:stick":16,"minecraft:stone_pickaxe":1,"minecraft:wooden_axe":1,"minecraft:stone_sword":2}},"DataVersion":3465}