{"stats":{"minecraft:killed_by":{"minecraft:player":1},"minecraft:crafted":{"minecraft:coal_block":1,"minecraft:oak_planks":80,"minecraft:oak_slab":18,"minecraft:crafting_table":4,"minecraft:wooden_pickaxe":1,"minecraft:bread":39,"minecraft:acacia_boat":1,"minecraft:shield":1,"minecraft:stick":8,"quark:oak_chest":3,"minecraft:iron_ingot":21,"minecraft:stone_pickaxe":1,"minecraft:stone_sword":1,"minecraft:iron_leggings":1,"minecraft:acacia_planks":16,"minecraft:wheat":45},"minecraft:picked_up":{"minecraft:coarse_dirt":3,"minecraft:leather_chestplate":1,"minecraft:wheat":72,"minecraft:lilac":1,"minecraft:leather_leggings":1,"minecraft:stone_brick_wall":1,"minecraft:oak_log":20,"minecraft:brewing_stand":1,"minecraft:oak_trapdoor":1,"minecraft:lapis_lazuli":2,"minecraft:dirt":26,"minecraft:string":11,"minecraft:paper":1,"minecraft:bone":3,"minecraft:stone_bricks":2,"minecraft:kelp":1,"minecraft:wheat_seeds":176,"minecraft:iron_ingot":2,"minecraft:iron_pickaxe":1,"minecraft:poppy":1,"minecraft:coal_block":4,"minecraft:iron_sword":1,"minecraft:oak_planks":6,"minecraft:raw_iron":31,"apotheosis:gem":7,"minecraft:dandelion":1,"minecraft:acacia_log":4,"minecraft:white_dye":2,"minecraft:stone_button":2,"minecraft:carrot":1,"minecraft:leather_helmet":1,"minecraft:rotten_flesh":6,"minecraft:hay_block":5,"minecraft:iron_helmet":1,"minecraft:diamond_boots":1,"minecraft:iron_block":2,"minecraft:emerald":2,"minecraft:gold_ingot":2,"minecraft:bread":1,"alexsmobs:maggot":2,"minecraft:oak_sapling":2,"minecraft:coal":12,"minecraft:cobblestone":7},"minecraft:custom":{"minecraft:interact_with_furnace":3,"spartanshields:shield_bash_hits":3,"minecraft:mob_kills":10,"minecraft:interact_with_crafting_table":17,"minecraft:open_barrel":3,"minecraft:damage_dealt_resisted":200,"minecraft:time_since_death":135,"minecraft:climb_one_cm":1868,"minecraft:damage_resisted":0,"minecraft:time_since_rest":164,"minecraft:sprint_one_cm":48015,"minecraft:damage_taken":1004,"minecraft:walk_one_cm":120110,"minecraft:damage_blocked_by_shield":205,"minecraft:drop":27,"minecraft:damage_dealt":1561,"minecraft:swim_one_cm":35687,"minecraft:fly_one_cm":58050,"minecraft:open_chest":12,"minecraft:crouch_one_cm":4443,"minecraft:play_time":35699,"minecraft:deaths":2,"minecraft:sneak_time":1594,"minecraft:walk_under_water_one_cm":4247,"minecraft:boat_one_cm":22716,"minecraft:jump":428,"minecraft:walk_on_water_one_cm":9903,"minecraft:total_world_time":35699,"minecraft:fall_one_cm":5338},"minecraft:mined":{"minecraft:brewing_stand":1,"minecraft:acacia_log":4,"minecraft:grass_block":1,"minecraft:stone_brick_wall":1,"minecraft:white_stained_glass_pane":4,"minecraft:coal_block":4,"minecraft:tall_grass":3,"minecraft:oak_planks":1,"minecraft:hay_block":6,"minecraft:coarse_dirt":3,"minecraft:iron_ore":30,"minecraft:wheat":41,"minecraft:peony":1,"minecraft:grass":2,"minecraft:oak_log":14,"minecraft:coal_ore":9,"minecraft:oak_stairs":1,"minecraft:purple_carpet":1,"minecraft:dirt":3,"minecraft:cobweb":11,"minecraft:stone":7,"minecraft:stone_bricks":3,"minecraft:iron_block":2,"minecraft:oak_leaves":1,"minecraft:infested_stone":2},"minecraft:dropped":{"minecraft:bread":12,"minecraft:kelp":1,"minecraft:lilac":1,"minecraft:stone_sword":1,"minecraft:rotten_flesh":1,"minecraft:oak_planks":5,"minecraft:leather_helmet":1,"minecraft:leather_chestplate":1,"minecraft:stone_button":2,"apotheosis:gem":1,"minecraft:oak_sapling":1,"minecraft:leather_leggings":1,"minecraft:stone_bricks":1,"minecraft:stone_pickaxe":1,"minecraft:dandelion":1},"minecraft:killed":{"fight_or_die:springer":4,"undead_revamp2:theswarmer":1,"minecraft:skeleton":1,"minecraft:zombie":1,"minecraft:silverfish":3},"minecraft:used":{"minecraft:wheat_seeds":40,"minecraft:acacia_boat":1,"minecraft:stone_sword":37,"minecraft:stone_pickaxe":57,"minecraft:oak_planks":29,"minecraft:shield":7,"minecraft:wooden_pickaxe":3,"minecraft:iron_sword":12,"minecraft:iron_chestplate":1,"minecraft:dirt":9,"minecraft:oak_slab":18,"minecraft:crafting_table":4,"minecraft:carrot":1,"minecraft:stone_brick_wall":1,"minecraft:bread":10,"minecraft:iron_pickaxe":1,"minecraft:stone_bricks":1,"minecraft:coal_block":2,"minecraft:cobblestone":1,"quark:oak_chest":3,"minecraft:acacia_planks":1,"minecraft:coarse_dirt":3}},"DataVersion":3465}