{"stats":{"minecraft:crafted":{"minecraft:oak_slab":6,"minecraft:oak_planks":16,"minecraft:crafting_table":2,"minecraft:stick":8,"minecraft:wooden_pickaxe":1,"minecraft:stone_pickaxe":1,"minecraft:stone_sword":1,"minecraft:acacia_planks":16,"minecraft:acacia_boat":1,"minecraft:bread":14},"minecraft:picked_up":{"apotheosis:gem":5,"minecraft:raw_iron":30,"minecraft:coarse_dirt":3,"minecraft:wheat":43,"minecraft:acacia_log":4,"minecraft:white_dye":1,"minecraft:oak_log":4,"minecraft:string":10,"minecraft:lapis_lazuli":2,"minecraft:dirt":4,"minecraft:wheat_seeds":120,"minecraft:iron_ingot":2,"minecraft:oak_sapling":1,"minecraft:gold_ingot":1,"minecraft:poppy":1,"alexsmobs:maggot":2,"minecraft:oak_planks":1,"minecraft:coal_block":4,"minecraft:coal":9,"minecraft:cobblestone":7},"minecraft:custom":{"minecraft:time_since_rest":11699,"minecraft:sprint_one_cm":19342,"minecraft:damage_taken":204,"minecraft:walk_one_cm":39680,"minecraft:drop":5,"minecraft:damage_dealt":230,"minecraft:swim_one_cm":31329,"minecraft:interact_with_crafting_table":7,"minecraft:fly_one_cm":28007,"minecraft:open_barrel":3,"minecraft:open_chest":1,"minecraft:crouch_one_cm":3037,"minecraft:play_time":11699,"minecraft:sneak_time":1017,"minecraft:walk_under_water_one_cm":2720,"minecraft:boat_one_cm":22716,"minecraft:jump":208,"minecraft:walk_on_water_one_cm":3389,"minecraft:time_since_death":11699,"minecraft:climb_one_cm":1686,"minecraft:total_world_time":11699,"minecraft:fall_one_cm":2748},"minecraft:mined":{"minecraft:coarse_dirt":3,"minecraft:iron_ore":30,"minecraft:wheat":40,"minecraft:grass":1,"minecraft:acacia_log":4,"minecraft:coal_ore":9,"minecraft:grass_block":1,"minecraft:oak_log":4,"minecraft:oak_stairs":1,"minecraft:white_stained_glass_pane":2,"minecraft:dirt":3,"minecraft:cobweb":11,"minecraft:coal_block":4,"minecraft:stone_bricks":2,"minecraft:oak_planks":1,"minecraft:stone":7,"minecraft:oak_leaves":1,"minecraft:infested_stone":2},"minecraft:dropped":{"minecraft:bread":5},"minecraft:used":{"minecraft:wheat_seeds":40,"minecraft:acacia_boat":1,"minecraft:stone_sword":16,"minecraft:bread":3,"minecraft:stone_pickaxe":51,"minecraft:oak_planks":7,"minecraft:wooden_pickaxe":3,"minecraft:iron_chestplate":1,"minecraft:coal_block":1,"minecraft:dirt":4,"minecraft:cobblestone":1,"minecraft:crafting_table":2,"minecraft:coarse_dirt":3,"minecraft:acacia_planks":1}},"DataVersion":3465}