{"stats":{"minecraft:killed_by":{"minecraft:player":1,"undead_revamp2:thesmoker":1},"minecraft:crafted":{"minecraft:oak_planks":206,"minecraft:coal":9,"spartanshields:wooden_tower_shield":2,"spartanshields:stone_tower_shield":1,"minecraft:bow":1,"minecraft:iron_axe":1,"minecraft:stone_pickaxe":1,"minecraft:wheat":45,"minecraft:coal_block":1,"minecraft:oak_slab":18,"minecraft:crafting_table":8,"spartanshields:iron_tower_shield":1,"minecraft:wooden_pickaxe":1,"minecraft:iron_helmet":1,"minecraft:iron_sword":1,"minecraft:acacia_boat":1,"minecraft:bread":42,"minecraft:air":0,"minecraft:oak_boat":1,"minecraft:shield":1,"minecraft:stick":20,"quark:oak_chest":3,"minecraft:iron_ingot":52,"minecraft:stone_sword":1,"minecraft:iron_leggings":1,"minecraft:acacia_planks":16,"minecraft:torch":16},"minecraft:custom":{"minecraft:mob_kills":48,"minecraft:interact_with_crafting_table":30,"minecraft:open_barrel":5,"minecraft:damage_dealt_resisted":221,"minecraft:time_since_death":35237,"minecraft:climb_one_cm":2779,"minecraft:damage_resisted":11,"minecraft:sprint_one_cm":90043,"minecraft:walk_one_cm":244599,"minecraft:damage_blocked_by_shield":1395,"minecraft:drop":92,"minecraft:play_time":71699,"minecraft:deaths":3,"minecraft:sneak_time":4301,"minecraft:walk_under_water_one_cm":17059,"minecraft:boat_one_cm":93051,"minecraft:jump":1065,"minecraft:walk_on_water_one_cm":32032,"minecraft:total_world_time":71699,"minecraft:interact_with_furnace":10,"spartanshields:shield_bash_hits":5,"minecraft:time_since_rest":35256,"minecraft:damage_taken":2429,"minecraft:damage_absorbed":16,"minecraft:damage_dealt":9817,"minecraft:swim_one_cm":50723,"minecraft:fly_one_cm":136605,"minecraft:player_kills":1,"minecraft:open_chest":20,"minecraft:crouch_one_cm":10217,"minecraft:fall_one_cm":11406},"minecraft:picked_up":{"minecraft:coarse_dirt":3,"minecraft:wheat":93,"minecraft:leather_leggings":1,"minecraft:stone_brick_wall":1,"minecraft:brewing_stand":1,"minecraft:string":14,"minecraft:oak_trapdoor":1,"minecraft:iron_leggings":1,"minecraft:cracked_stone_bricks":1,"minecraft:rose_bush":1,"minecraft:poppy":1,"minecraft:iron_pickaxe":1,"minecraft:coal_block":5,"minecraft:iron_boots":1,"minecraft:raw_iron":31,"apotheosis:gem":10,"minecraft:brown_terracotta":11,"minecraft:copper_ingot":2,"minecraft:acacia_log":4,"minecraft:white_dye":2,"minecraft:stone_button":5,"minecraft:carrot":2,"minecraft:arrow":8,"minecraft:rotten_flesh":32,"minecraft:peony":6,"minecraft:diamond_boots":1,"minecraft:hay_block":5,"minecraft:iron_block":2,"minecraft:gold_ingot":3,"minecraft:white_terracotta":6,"minecraft:cobblestone":51,"fight_or_die:springer_fragment":1,"minecraft:leather_chestplate":1,"minecraft:lilac":2,"minecraft:golden_carrot":1,"minecraft:potato":3,"minecraft:oak_log":58,"minecraft:gunpowder":2,"quark:limestone":2,"minecraft:lapis_lazuli":2,"minecraft:dirt":45,"minecraft:paper":1,"minecraft:bone":7,"minecraft:stone_bricks":3,"minecraft:kelp":1,"minecraft:wheat_seeds":261,"minecraft:iron_ingot":3,"minecraft:mossy_stone_bricks":3,"minecraft:glass_bottle":1,"minecraft:gray_bed":1,"minecraft:oak_planks":74,"minecraft:iron_sword":5,"minecraft:black_terracotta":3,"minecraft:dandelion":2,"minecraft:spider_eye":2,"minecraft:leather_helmet":1,"minecraft:light_gray_terracotta":3,"minecraft:white_concrete_powder":2,"undead_revamp2:beespheromones":1,"minecraft:iron_helmet":1,"minecraft:bread":4,"minecraft:emerald":2,"alexsmobs:maggot":2,"minecraft:oak_sapling":2,"minecraft:coal":12,"minecraft:ender_pearl":1},"minecraft:mined":{"quark:yellow_blossom_leaves":2,"minecraft:black_terracotta":4,"minecraft:brewing_stand":1,"minecraft:acacia_log":4,"minecraft:stone_brick_wall":1,"minecraft:grass_block":6,"minecraft:coal_block":5,"minecraft:white_concrete_powder":2,"minecraft:hay_block":6,"minecraft:iron_ore":30,"minecraft:fire":4,"minecraft:peony":5,"minecraft:dirt_path":1,"quark:limestone":2,"minecraft:oak_stairs":1,"minecraft:purple_carpet":1,"minecraft:stone":47,"minecraft:iron_block":2,"minecraft:stone_brick_slab":1,"minecraft:light_gray_terracotta":4,"minecraft:white_stained_glass_pane":4,"minecraft:rose_bush":2,"minecraft:tall_grass":12,"minecraft:cobblestone":6,"minecraft:oak_planks":1,"minecraft:seagrass":2,"minecraft:white_terracotta":8,"minecraft:coarse_dirt":3,"minecraft:wheat":47,"minecraft:lilac":3,"minecraft:gray_bed":1,"minecraft:grass":9,"minecraft:coal_ore":9,"minecraft:oak_log":48,"minecraft:dirt":4,"minecraft:cobweb":11,"minecraft:brown_terracotta":16,"minecraft:cracked_stone_bricks":2,"minecraft:stone_bricks":6,"minecraft:mossy_stone_bricks":4,"minecraft:oak_leaves":4,"minecraft:infested_stone":2},"minecraft:dropped":{"minecraft:bread":12,"minecraft:iron_sword":3,"minecraft:wheat_seeds":61,"minecraft:lilac":2,"minecraft:iron_helmet":1,"minecraft:cracked_stone_bricks":1,"quark:limestone":2,"minecraft:coal":3,"minecraft:leather_helmet":1,"fight_or_die:springer_fragment":1,"minecraft:dirt":7,"spartanshields:stone_tower_shield":1,"minecraft:stone_button":5,"minecraft:rose_bush":1,"minecraft:iron_leggings":1,"minecraft:brown_terracotta":8,"minecraft:chainmail_leggings":1,"minecraft:paper":6,"minecraft:dandelion":1,"minecraft:bone":1,"minecraft:kelp":1,"minecraft:iron_nugget":2,"minecraft:stone_sword":1,"minecraft:light_gray_terracotta":3,"minecraft:wheat":12,"minecraft:black_terracotta":3,"minecraft:rotten_flesh":5,"minecraft:oak_planks":15,"minecraft:white_terracotta":6,"minecraft:leather_chestplate":1,"minecraft:potato":1,"minecraft:shield":1,"minecraft:peony":6,"minecraft:mossy_stone_bricks":3,"apotheosis:gem":3,"minecraft:oak_sapling":1,"minecraft:leather_leggings":1,"minecraft:stone_bricks":2,"minecraft:spider_eye":2,"minecraft:diamond_boots":1,"minecraft:stone_pickaxe":1},"minecraft:killed":{"fight_or_die:springer":18,"minecraft:spider":3,"undead_revamp2:thesmoker":2,"undead_revamp2:bomber":2,"undead_revamp2:theswarmer":2,"minecraft:skeleton":5,"fight_or_die:shiller":1,"minecraft:silverfish":3,"undead_revamp2:the_moonflower":1,"minecraft:creeper":1,"royalvariations:royal_zombie":2,"minecraft:zombie":4,"minecraft:enderman":2},"minecraft:used":{"minecraft:stone_sword":37,"minecraft:white_concrete_powder":2,"minecraft:shield":7,"minecraft:iron_sword":198,"minecraft:iron_chestplate":1,"minecraft:torch":3,"minecraft:dirt":38,"minecraft:carrot":2,"minecraft:brown_terracotta":3,"minecraft:iron_axe":43,"minecraft:stone_bricks":1,"minecraft:bow":8,"minecraft:acacia_planks":1,"minecraft:wheat_seeds":40,"minecraft:acacia_boat":1,"minecraft:stone_pickaxe":57,"minecraft:oak_planks":70,"minecraft:wooden_pickaxe":3,"spartanshields:iron_tower_shield":30,"minecraft:oak_slab":18,"minecraft:crafting_table":8,"spartanshields:stone_tower_shield":9,"minecraft:stone_brick_wall":1,"minecraft:bread":31,"minecraft:iron_pickaxe":94,"minecraft:coal_block":2,"minecraft:cobblestone":28,"minecraft:oak_boat":1,"quark:oak_chest":3,"minecraft:coarse_dirt":3}},"DataVersion":3465}