{"stats":{"minecraft:killed_by":{"minecraft:player":1,"undead_revamp2:thesmoker":1},"minecraft:crafted":{"minecraft:coal_block":1,"minecraft:oak_planks":116,"minecraft:oak_slab":18,"minecraft:crafting_table":4,"minecraft:iron_helmet":1,"spartanshields:wooden_tower_shield":1,"minecraft:wooden_pickaxe":1,"spartanshields:stone_tower_shield":1,"minecraft:air":0,"minecraft:bread":39,"minecraft:acacia_boat":1,"minecraft:bow":1,"minecraft:shield":1,"minecraft:iron_axe":1,"minecraft:stick":16,"quark:oak_chest":3,"minecraft:iron_ingot":52,"minecraft:stone_pickaxe":1,"minecraft:stone_sword":1,"minecraft:iron_leggings":1,"minecraft:acacia_planks":16,"minecraft:wheat":45},"minecraft:picked_up":{"minecraft:coarse_dirt":3,"minecraft:leather_chestplate":1,"minecraft:wheat":81,"minecraft:lilac":1,"minecraft:leather_leggings":1,"minecraft:potato":3,"minecraft:stone_brick_wall":1,"minecraft:oak_log":29,"minecraft:brewing_stand":1,"minecraft:gunpowder":2,"minecraft:oak_trapdoor":1,"minecraft:lapis_lazuli":2,"minecraft:dirt":30,"minecraft:string":11,"minecraft:paper":1,"minecraft:bone":4,"minecraft:stone_bricks":2,"minecraft:kelp":1,"minecraft:wheat_seeds":186,"minecraft:iron_ingot":2,"minecraft:iron_pickaxe":1,"minecraft:poppy":1,"minecraft:coal_block":4,"minecraft:iron_sword":1,"minecraft:oak_planks":6,"minecraft:raw_iron":31,"apotheosis:gem":9,"minecraft:dandelion":1,"minecraft:acacia_log":4,"minecraft:white_dye":2,"minecraft:stone_button":4,"minecraft:carrot":2,"minecraft:spider_eye":1,"minecraft:leather_helmet":1,"minecraft:arrow":3,"minecraft:rotten_flesh":15,"minecraft:peony":6,"minecraft:hay_block":5,"minecraft:iron_helmet":1,"minecraft:diamond_boots":1,"minecraft:iron_block":2,"minecraft:emerald":2,"minecraft:gold_ingot":3,"minecraft:bread":3,"alexsmobs:maggot":2,"minecraft:oak_sapling":2,"minecraft:coal":12,"minecraft:cobblestone":18},"minecraft:custom":{"minecraft:interact_with_furnace":8,"spartanshields:shield_bash_hits":4,"minecraft:mob_kills":23,"minecraft:interact_with_crafting_table":23,"minecraft:open_barrel":3,"minecraft:damage_dealt_resisted":221,"minecraft:time_since_death":11237,"minecraft:climb_one_cm":1868,"minecraft:damage_resisted":0,"minecraft:time_since_rest":11256,"minecraft:sprint_one_cm":66554,"minecraft:damage_taken":1682,"minecraft:walk_one_cm":169774,"minecraft:damage_blocked_by_shield":425,"minecraft:drop":44,"minecraft:damage_dealt":3740,"minecraft:player_kills":1,"minecraft:swim_one_cm":38353,"minecraft:fly_one_cm":79723,"minecraft:open_chest":13,"minecraft:crouch_one_cm":5120,"minecraft:play_time":47699,"minecraft:deaths":3,"minecraft:sneak_time":1998,"minecraft:walk_under_water_one_cm":7173,"minecraft:boat_one_cm":22716,"minecraft:jump":608,"minecraft:walk_on_water_one_cm":13919,"minecraft:total_world_time":47699,"minecraft:fall_one_cm":8407},"minecraft:mined":{"minecraft:brewing_stand":1,"minecraft:acacia_log":4,"minecraft:grass_block":4,"minecraft:stone_brick_wall":1,"minecraft:white_stained_glass_pane":4,"minecraft:rose_bush":2,"minecraft:coal_block":4,"minecraft:tall_grass":8,"minecraft:oak_planks":1,"minecraft:hay_block":6,"minecraft:coarse_dirt":3,"minecraft:iron_ore":30,"minecraft:wheat":44,"minecraft:peony":5,"minecraft:grass":5,"minecraft:oak_log":23,"minecraft:coal_ore":9,"minecraft:dirt_path":1,"minecraft:oak_stairs":1,"minecraft:purple_carpet":1,"minecraft:dirt":3,"minecraft:cobweb":11,"minecraft:stone":18,"minecraft:stone_bricks":3,"minecraft:iron_block":2,"minecraft:oak_leaves":1,"minecraft:infested_stone":2},"minecraft:dropped":{"minecraft:bread":12,"minecraft:kelp":1,"minecraft:wheat_seeds":2,"minecraft:iron_nugget":2,"minecraft:lilac":1,"minecraft:stone_sword":1,"minecraft:iron_helmet":1,"minecraft:rotten_flesh":1,"minecraft:oak_planks":5,"minecraft:leather_helmet":1,"minecraft:leather_chestplate":1,"minecraft:potato":1,"minecraft:shield":1,"minecraft:peony":6,"minecraft:stone_button":3,"apotheosis:gem":2,"minecraft:oak_sapling":1,"minecraft:spider_eye":1,"minecraft:leather_leggings":1,"minecraft:stone_bricks":1,"minecraft:stone_pickaxe":1,"minecraft:bone":1,"minecraft:dandelion":1},"minecraft:killed":{"fight_or_die:springer":12,"minecraft:spider":1,"undead_revamp2:thesmoker":1,"minecraft:creeper":1,"undead_revamp2:theswarmer":1,"royalvariations:royal_zombie":1,"minecraft:skeleton":1,"minecraft:zombie":1,"minecraft:silverfish":3},"minecraft:used":{"minecraft:wheat_seeds":40,"minecraft:acacia_boat":1,"minecraft:stone_sword":37,"minecraft:stone_pickaxe":57,"minecraft:oak_planks":29,"minecraft:shield":7,"minecraft:wooden_pickaxe":3,"minecraft:iron_sword":57,"minecraft:iron_chestplate":1,"minecraft:dirt":22,"minecraft:oak_slab":18,"minecraft:crafting_table":4,"minecraft:carrot":1,"spartanshields:stone_tower_shield":7,"minecraft:stone_brick_wall":1,"minecraft:iron_axe":10,"minecraft:bread":16,"minecraft:iron_pickaxe":14,"minecraft:stone_bricks":1,"minecraft:coal_block":2,"minecraft:cobblestone":1,"minecraft:bow":2,"quark:oak_chest":3,"minecraft:acacia_planks":1,"minecraft:coarse_dirt":3}},"DataVersion":3465}