{"stats":{"minecraft:killed_by":{"minecraft:player":1,"undead_revamp2:thesmoker":1},"minecraft:crafted":{"minecraft:oak_planks":206,"minecraft:coal":9,"spartanshields:wooden_tower_shield":2,"spartanshields:stone_tower_shield":1,"minecraft:bow":2,"minecraft:iron_axe":1,"minecraft:stone_pickaxe":1,"minecraft:wheat":45,"minecraft:coal_block":1,"minecraft:oak_slab":18,"minecraft:crafting_table":9,"spartanshields:iron_tower_shield":1,"minecraft:wooden_pickaxe":1,"minecraft:iron_helmet":1,"minecraft:iron_sword":1,"minecraft:acacia_boat":1,"minecraft:bread":42,"minecraft:air":0,"minecraft:oak_boat":1,"minecraft:white_wool":4,"minecraft:shield":1,"minecraft:stick":24,"quark:oak_chest":4,"minecraft:iron_ingot":52,"minecraft:iron_block":3,"minecraft:stone_sword":1,"minecraft:iron_leggings":1,"minecraft:anvil":1,"minecraft:white_bed":2,"minecraft:acacia_planks":16,"minecraft:torch":16},"minecraft:custom":{"minecraft:interact_with_anvil":3,"minecraft:mob_kills":55,"minecraft:interact_with_crafting_table":35,"minecraft:open_barrel":5,"minecraft:damage_dealt_resisted":1299,"minecraft:time_since_death":47237,"minecraft:climb_one_cm":2779,"minecraft:damage_resisted":11,"minecraft:sprint_one_cm":92407,"minecraft:walk_one_cm":337842,"minecraft:damage_blocked_by_shield":1420,"minecraft:drop":99,"minecraft:play_time":83699,"minecraft:deaths":3,"minecraft:sneak_time":4325,"minecraft:walk_under_water_one_cm":17059,"minecraft:boat_one_cm":93051,"minecraft:jump":1237,"minecraft:walk_on_water_one_cm":32037,"minecraft:total_world_time":83699,"minecraft:interact_with_furnace":10,"spartanshields:shield_bash_hits":5,"minecraft:sleep_in_bed":4,"minecraft:time_since_rest":2822,"minecraft:damage_taken":2756,"minecraft:damage_absorbed":16,"minecraft:damage_dealt":11322,"minecraft:swim_one_cm":50723,"minecraft:fly_one_cm":140856,"minecraft:player_kills":1,"minecraft:open_chest":23,"minecraft:crouch_one_cm":10353,"minecraft:fall_one_cm":13264},"minecraft:picked_up":{"minecraft:coarse_dirt":3,"minecraft:wheat":93,"extraarmor:bone_chestplate":1,"minecraft:leather_leggings":1,"minecraft:stone_brick_wall":1,"minecraft:brewing_stand":1,"minecraft:string":21,"minecraft:oak_trapdoor":1,"minecraft:iron_leggings":1,"minecraft:cracked_stone_bricks":1,"minecraft:rose_bush":1,"minecraft:poppy":1,"minecraft:iron_pickaxe":1,"minecraft:coal_block":5,"minecraft:iron_boots":1,"minecraft:tipped_arrow":1,"minecraft:raw_iron":31,"apotheosis:gem":11,"minecraft:oak_door":1,"minecraft:brown_terracotta":11,"minecraft:copper_ingot":2,"minecraft:acacia_log":4,"minecraft:porkchop":6,"minecraft:white_dye":2,"farmersdelight:tomato_seeds":3,"minecraft:stone_button":5,"minecraft:carrot":2,"minecraft:arrow":8,"minecraft:rotten_flesh":33,"minecraft:peony":6,"minecraft:diamond_boots":1,"minecraft:hay_block":5,"minecraft:iron_block":2,"minecraft:gold_ingot":3,"minecraft:white_terracotta":6,"minecraft:white_wool":2,"minecraft:cobblestone":51,"fight_or_die:springer_fragment":1,"minecraft:leather_chestplate":1,"minecraft:lilac":2,"minecraft:golden_carrot":1,"minecraft:potato":3,"minecraft:oak_log":58,"minecraft:gunpowder":2,"quark:limestone":2,"minecraft:lapis_lazuli":2,"minecraft:dirt":45,"minecraft:paper":1,"minecraft:purple_carpet":3,"minecraft:bone":8,"minecraft:stone_bricks":3,"minecraft:kelp":1,"minecraft:bow":1,"minecraft:wheat_seeds":262,"minecraft:iron_ingot":3,"minecraft:mossy_stone_bricks":3,"minecraft:glass_bottle":1,"minecraft:gray_bed":2,"minecraft:oak_planks":74,"minecraft:iron_sword":5,"minecraft:black_terracotta":3,"minecraft:dandelion":2,"minecraft:white_bed":1,"minecraft:spider_eye":2,"minecraft:leather_helmet":1,"minecraft:light_gray_terracotta":25,"minecraft:white_concrete_powder":2,"undead_revamp2:beespheromones":1,"minecraft:iron_helmet":1,"minecraft:bread":4,"minecraft:emerald":2,"alexsmobs:maggot":2,"minecraft:oak_sapling":2,"minecraft:coal":12,"minecraft:ender_pearl":1},"minecraft:mined":{"quark:yellow_blossom_leaves":2,"minecraft:black_terracotta":4,"minecraft:brewing_stand":1,"minecraft:acacia_log":4,"minecraft:stone_brick_wall":1,"minecraft:grass_block":6,"minecraft:decorated_pot":1,"minecraft:coal_block":5,"minecraft:white_concrete_powder":2,"minecraft:hay_block":6,"minecraft:iron_ore":30,"minecraft:fire":8,"minecraft:peony":5,"minecraft:vine":1,"minecraft:dirt_path":1,"quark:limestone":2,"minecraft:oak_stairs":1,"minecraft:purple_carpet":1,"minecraft:stone":47,"minecraft:iron_block":2,"minecraft:stone_brick_slab":1,"minecraft:light_gray_terracotta":4,"minecraft:white_stained_glass_pane":4,"minecraft:rose_bush":2,"minecraft:tall_grass":12,"minecraft:cobblestone":6,"minecraft:oak_planks":1,"minecraft:seagrass":2,"minecraft:white_terracotta":8,"minecraft:coarse_dirt":3,"minecraft:wheat":47,"minecraft:lilac":3,"minecraft:gray_bed":2,"minecraft:grass":13,"minecraft:coal_ore":9,"minecraft:oak_log":48,"minecraft:dirt":4,"minecraft:cobweb":11,"minecraft:brown_terracotta":17,"minecraft:cracked_stone_bricks":2,"minecraft:stone_bricks":6,"minecraft:mossy_stone_bricks":4,"minecraft:oak_leaves":4,"minecraft:infested_stone":2},"minecraft:dropped":{"farmersdelight:tomato_seeds":3,"minecraft:bread":12,"minecraft:iron_sword":3,"minecraft:wheat_seeds":62,"minecraft:lilac":2,"minecraft:iron_helmet":1,"minecraft:cracked_stone_bricks":1,"quark:limestone":2,"minecraft:coal":3,"minecraft:leather_helmet":1,"fight_or_die:springer_fragment":1,"minecraft:dirt":7,"spartanshields:stone_tower_shield":1,"minecraft:stone_button":5,"minecraft:rose_bush":1,"minecraft:iron_leggings":1,"minecraft:brown_terracotta":8,"minecraft:chainmail_leggings":1,"minecraft:paper":6,"minecraft:dandelion":1,"minecraft:bone":1,"minecraft:kelp":1,"minecraft:iron_nugget":2,"minecraft:stone_sword":1,"minecraft:light_gray_terracotta":3,"minecraft:wheat":12,"minecraft:black_terracotta":3,"minecraft:rotten_flesh":5,"minecraft:oak_planks":15,"minecraft:white_terracotta":6,"minecraft:white_bed":3,"minecraft:leather_chestplate":1,"minecraft:potato":1,"minecraft:tipped_arrow":1,"minecraft:shield":1,"minecraft:peony":6,"minecraft:mossy_stone_bricks":3,"apotheosis:gem":3,"minecraft:oak_sapling":1,"minecraft:leather_leggings":1,"minecraft:stone_bricks":2,"minecraft:spider_eye":2,"minecraft:diamond_boots":1,"minecraft:bow":1,"minecraft:stone_pickaxe":1},"minecraft:broken":{"minecraft:iron_helmet":1},"minecraft:killed":{"fight_or_die:springer":18,"minecraft:spider":3,"undead_revamp2:thesmoker":2,"undead_revamp2:bomber":2,"undead_revamp2:theswarmer":2,"minecraft:skeleton":6,"fight_or_die:shiller":1,"minecraft:silverfish":3,"minecraft:pig":3,"undead_revamp2:the_moonflower":1,"minecraft:creeper":1,"royalvariations:royal_zombie":2,"minecraft:zombie":4,"alexsmobs:gazelle":2,"minecraft:stray":1,"minecraft:enderman":2},"minecraft:used":{"minecraft:stone_sword":37,"minecraft:white_concrete_powder":2,"minecraft:shield":7,"minecraft:iron_sword":271,"minecraft:oak_door":1,"minecraft:iron_chestplate":1,"minecraft:torch":3,"minecraft:dirt":38,"minecraft:anvil":1,"minecraft:carrot":2,"minecraft:brown_terracotta":3,"minecraft:iron_axe":43,"minecraft:stone_bricks":1,"minecraft:bow":8,"minecraft:gray_bed":2,"minecraft:acacia_planks":1,"minecraft:wheat_seeds":40,"minecraft:acacia_boat":1,"minecraft:stone_pickaxe":57,"minecraft:oak_planks":89,"minecraft:wooden_pickaxe":3,"spartanshields:iron_tower_shield":31,"minecraft:oak_slab":18,"minecraft:crafting_table":9,"spartanshields:stone_tower_shield":9,"minecraft:stone_brick_wall":1,"minecraft:bread":37,"minecraft:iron_pickaxe":96,"minecraft:coal_block":2,"minecraft:cobblestone":39,"minecraft:oak_boat":1,"quark:oak_chest":4,"minecraft:purple_carpet":3,"minecraft:coarse_dirt":3}},"DataVersion":3465}