{"stats":{"minecraft:killed_by":{"minecraft:player":1,"undead_revamp2:thesmoker":1},"minecraft:crafted":{"minecraft:oak_planks":314,"minecraft:coal":9,"spartanshields:wooden_tower_shield":3,"minecraft:furnace":2,"spartanshields:stone_tower_shield":1,"quark:acacia_chest":2,"minecraft:diamond_leggings":1,"minecraft:diamond_helmet":1,"minecraft:bow":2,"minecraft:iron_axe":1,"minecraft:stone_pickaxe":9,"minecraft:diamond_boots":1,"minecraft:wheat":45,"minecraft:coal_block":1,"minecraft:oak_slab":18,"minecraft:diamond_sword":1,"spartanshields:diamond_tower_shield":1,"minecraft:diamond_axe":1,"minecraft:crafting_table":12,"spartanshields:iron_tower_shield":1,"minecraft:wooden_pickaxe":1,"minecraft:iron_helmet":1,"minecraft:iron_sword":1,"minecraft:bread":42,"minecraft:acacia_boat":1,"minecraft:air":0,"minecraft:oak_boat":1,"minecraft:diamond_pickaxe":1,"minecraft:white_wool":4,"minecraft:shield":1,"minecraft:stick":48,"quark:oak_chest":4,"minecraft:iron_pickaxe":1,"minecraft:iron_ingot":57,"minecraft:iron_block":3,"minecraft:stone_sword":1,"minecraft:iron_leggings":1,"minecraft:anvil":1,"minecraft:white_bed":2,"minecraft:acacia_planks":44,"minecraft:torch":20,"minecraft:diamond_chestplate":1},"minecraft:custom":{"minecraft:interact_with_anvil":6,"minecraft:mob_kills":58,"minecraft:interact_with_crafting_table":61,"minecraft:open_barrel":5,"minecraft:damage_dealt_resisted":1299,"minecraft:leave_game":2,"minecraft:time_since_death":25748,"minecraft:climb_one_cm":2779,"minecraft:damage_resisted":11,"minecraft:sprint_one_cm":96825,"minecraft:walk_one_cm":516723,"minecraft:damage_blocked_by_shield":1680,"minecraft:drop":129,"minecraft:play_time":176527,"minecraft:sneak_time":10038,"minecraft:deaths":4,"minecraft:walk_under_water_one_cm":24982,"minecraft:boat_one_cm":93051,"minecraft:jump":1645,"minecraft:walk_on_water_one_cm":33691,"minecraft:total_world_time":176527,"minecraft:interact_with_furnace":24,"spartanshields:shield_bash_hits":6,"minecraft:sleep_in_bed":4,"minecraft:time_since_rest":25797,"minecraft:damage_absorbed":16,"minecraft:damage_taken":3437,"minecraft:damage_dealt":12175,"minecraft:player_kills":1,"minecraft:swim_one_cm":55118,"minecraft:fly_one_cm":146356,"minecraft:open_chest":53,"minecraft:crouch_one_cm":19429,"minecraft:fall_one_cm":15701},"minecraft:picked_up":{"minecraft:coarse_dirt":3,"minecraft:crafting_table":1,"minecraft:wheat":93,"extraarmor:bone_chestplate":1,"minecraft:leather_leggings":3,"minecraft:stone_brick_wall":1,"minecraft:brewing_stand":1,"minecraft:string":21,"minecraft:oak_trapdoor":1,"minecraft:raw_copper":51,"minecraft:iron_leggings":1,"minecraft:item_frame":3,"minecraft:cracked_stone_bricks":1,"minecraft:cobbled_deepslate":251,"minecraft:rose_bush":1,"minecraft:poppy":1,"minecraft:iron_pickaxe":3,"minecraft:coal_block":5,"minecraft:spruce_trapdoor":2,"minecraft:iron_boots":1,"minecraft:furnace":1,"minecraft:tipped_arrow":1,"minecraft:raw_iron":111,"minecraft:stick":1,"apotheosis:gem":38,"minecraft:oak_door":1,"minecraft:brown_terracotta":45,"minecraft:copper_ingot":11,"minecraft:torch":5,"minecraft:acacia_log":11,"minecraft:spruce_stairs":1,"minecraft:porkchop":6,"minecraft:white_dye":2,"farmersdelight:tomato_seeds":3,"minecraft:stone_button":5,"minecraft:carrot":2,"minecraft:redstone":20,"minecraft:arrow":10,"minecraft:rotten_flesh":35,"minecraft:peony":6,"minecraft:diamond_boots":1,"minecraft:hay_block":5,"minecraft:iron_block":2,"alexsmobs:emu_egg":1,"minecraft:gold_ingot":3,"minecraft:white_terracotta":23,"minecraft:white_wool":2,"minecraft:cobblestone":465,"minecraft:leather_chestplate":5,"fight_or_die:springer_fragment":1,"minecraft:lilac":11,"minecraft:golden_carrot":1,"minecraft:potato":3,"minecraft:flint":2,"minecraft:tuff":2,"minecraft:oak_log":85,"minecraft:gunpowder":4,"minecraft:lapis_lazuli":95,"quark:limestone":2,"minecraft:dirt":77,"minecraft:paper":1,"extraarmor:acacia_wood_helmet":1,"minecraft:purple_carpet":8,"minecraft:bone":8,"minecraft:acacia_planks":6,"minecraft:stone_bricks":5,"minecraft:kelp":1,"minecraft:bow":2,"minecraft:wheat_seeds":296,"minecraft:raw_gold":8,"minecraft:iron_ingot":3,"minecraft:mossy_stone_bricks":3,"minecraft:glass_bottle":1,"minecraft:gray_bed":2,"minecraft:iron_sword":5,"minecraft:oak_planks":76,"spartanshields:iron_tower_shield":2,"minecraft:black_terracotta":5,"minecraft:dandelion":4,"minecraft:gravel":27,"minecraft:sand":1,"minecraft:white_bed":1,"minecraft:spider_eye":2,"minecraft:mossy_cobblestone":7,"minecraft:leather_helmet":1,"minecraft:light_gray_terracotta":53,"minecraft:white_concrete_powder":2,"minecraft:diamond":93,"undead_revamp2:beespheromones":1,"minecraft:iron_helmet":1,"minecraft:bread":4,"minecraft:emerald":2,"alexsmobs:maggot":2,"minecraft:oak_sapling":2,"extraarmor:mangrove_wood_chestplate":1,"minecraft:coal":24,"minecraft:ender_pearl":1},"minecraft:mined":{"minecraft:tuff":3,"quark:yellow_blossom_leaves":2,"minecraft:mossy_cobblestone":7,"minecraft:deepslate_diamond_ore":93,"minecraft:black_terracotta":6,"minecraft:brewing_stand":1,"minecraft:stone_brick_wall":1,"minecraft:acacia_log":11,"minecraft:grass_block":6,"minecraft:decorated_pot":1,"minecraft:coal_block":5,"minecraft:white_concrete_powder":2,"minecraft:hay_block":6,"minecraft:redstone_ore":4,"minecraft:iron_ore":102,"minecraft:fire":8,"minecraft:cobbled_deepslate":1,"minecraft:peony":5,"minecraft:dirt_path":1,"minecraft:deepslate_iron_ore":11,"minecraft:vine":1,"minecraft:oak_stairs":1,"quark:limestone":2,"minecraft:purple_carpet":1,"minecraft:stone":415,"minecraft:iron_block":2,"minecraft:kelp_plant":4,"minecraft:stone_brick_slab":1,"minecraft:crafting_table":1,"minecraft:light_gray_terracotta":16,"minecraft:white_stained_glass_pane":4,"minecraft:rose_bush":2,"minecraft:copper_ore":16,"minecraft:tall_grass":12,"minecraft:cobblestone":20,"minecraft:lapis_ore":17,"minecraft:oak_planks":1,"minecraft:wall_torch":4,"minecraft:seagrass":2,"minecraft:white_terracotta":26,"minecraft:coarse_dirt":3,"minecraft:wheat":47,"minecraft:lilac":3,"minecraft:gray_bed":2,"minecraft:grass":18,"minecraft:coal_ore":14,"minecraft:oak_log":48,"minecraft:gravel":11,"minecraft:sand":1,"minecraft:dirt":10,"minecraft:cobweb":11,"minecraft:brown_terracotta":41,"minecraft:cracked_stone_bricks":2,"minecraft:acacia_planks":2,"minecraft:stone_bricks":6,"minecraft:gold_ore":8,"minecraft:mossy_stone_bricks":4,"minecraft:oak_leaves":4,"minecraft:deepslate":319,"minecraft:infested_stone":2},"minecraft:dropped":{"farmersdelight:tomato_seeds":3,"minecraft:bread":12,"minecraft:iron_sword":3,"spartanshields:iron_tower_shield":3,"minecraft:porkchop":6,"minecraft:wheat_seeds":63,"minecraft:lilac":2,"minecraft:iron_helmet":1,"minecraft:cobblestone":6,"minecraft:cracked_stone_bricks":1,"quark:limestone":2,"minecraft:spruce_stairs":1,"minecraft:coal":3,"minecraft:leather_helmet":1,"fight_or_die:springer_fragment":1,"spartanshields:stone_tower_shield":1,"minecraft:dirt":7,"minecraft:stone_button":5,"minecraft:rose_bush":1,"minecraft:brown_terracotta":18,"minecraft:iron_leggings":1,"minecraft:iron_pickaxe":3,"minecraft:chainmail_leggings":1,"minecraft:paper":6,"minecraft:acacia_planks":3,"minecraft:dandelion":1,"minecraft:bone":1,"minecraft:gravel":18,"minecraft:kelp":1,"minecraft:iron_nugget":2,"minecraft:stone_sword":1,"minecraft:cobbled_deepslate":2,"minecraft:light_gray_terracotta":3,"minecraft:tuff":2,"minecraft:wheat":12,"minecraft:black_terracotta":3,"minecraft:rotten_flesh":5,"minecraft:oak_planks":16,"minecraft:white_terracotta":8,"minecraft:white_bed":3,"minecraft:leather_chestplate":2,"minecraft:potato":1,"minecraft:tipped_arrow":1,"minecraft:shield":1,"minecraft:peony":6,"minecraft:mossy_stone_bricks":3,"apotheosis:gem":14,"minecraft:oak_sapling":1,"minecraft:leather_leggings":1,"minecraft:spider_eye":2,"minecraft:stone_bricks":2,"minecraft:diamond_boots":1,"minecraft:bow":2,"minecraft:stone_pickaxe":4},"minecraft:broken":{"minecraft:stone_pickaxe":2,"minecraft:iron_pickaxe":1,"minecraft:iron_helmet":1},"minecraft:killed":{"fight_or_die:springer":18,"minecraft:spider":3,"undead_revamp2:thesmoker":2,"undead_revamp2:bomber":2,"undead_revamp2:theswarmer":2,"minecraft:skeleton":7,"fight_or_die:shiller":1,"minecraft:silverfish":3,"minecraft:pig":3,"undead_revamp2:the_moonflower":2,"minecraft:creeper":2,"royalvariations:royal_zombie":2,"minecraft:zombie":4,"alexsmobs:gazelle":2,"minecraft:stray":1,"minecraft:enderman":2},"minecraft:used":{"minecraft:stone_sword":38,"minecraft:white_concrete_powder":2,"minecraft:white_terracotta":8,"minecraft:shield":7,"minecraft:iron_sword":285,"minecraft:oak_door":1,"minecraft:iron_chestplate":1,"minecraft:torch":17,"minecraft:brewing_stand":1,"minecraft:dirt":70,"minecraft:anvil":1,"minecraft:carrot":4,"minecraft:brown_terracotta":5,"minecraft:iron_axe":52,"minecraft:stone_bricks":1,"minecraft:golden_carrot":1,"minecraft:bow":9,"minecraft:furnace":2,"minecraft:gray_bed":2,"minecraft:cobbled_deepslate":26,"minecraft:acacia_planks":3,"minecraft:wheat_seeds":40,"minecraft:acacia_boat":1,"minecraft:stone_pickaxe":699,"minecraft:oak_planks":93,"minecraft:wooden_pickaxe":3,"spartanshields:iron_tower_shield":47,"minecraft:oak_slab":18,"minecraft:crafting_table":13,"quark:acacia_chest":2,"minecraft:light_gray_terracotta":26,"spartanshields:stone_tower_shield":9,"minecraft:stone_brick_wall":1,"minecraft:bread":41,"minecraft:iron_pickaxe":463,"spartanshields:diamond_tower_shield":4,"minecraft:coal_block":2,"minecraft:cobblestone":50,"quark:oak_chest":4,"minecraft:oak_boat":1,"minecraft:coarse_dirt":3,"minecraft:purple_carpet":3}},"DataVersion":3465}