{"stats":{"minecraft:killed_by":{"minecraft:player":1,"undead_revamp2:thesmoker":1},"minecraft:crafted":{"minecraft:oak_planks":120,"spartanshields:wooden_tower_shield":2,"spartanshields:stone_tower_shield":1,"minecraft:bow":1,"minecraft:iron_axe":1,"minecraft:stone_pickaxe":1,"minecraft:wheat":45,"minecraft:coal_block":1,"minecraft:oak_slab":18,"minecraft:crafting_table":4,"spartanshields:iron_tower_shield":1,"minecraft:wooden_pickaxe":1,"minecraft:iron_helmet":1,"minecraft:iron_sword":1,"minecraft:acacia_boat":1,"minecraft:bread":39,"minecraft:air":0,"minecraft:shield":1,"minecraft:stick":16,"quark:oak_chest":3,"minecraft:iron_ingot":52,"minecraft:stone_sword":1,"minecraft:iron_leggings":1,"minecraft:acacia_planks":16},"minecraft:custom":{"minecraft:mob_kills":39,"minecraft:interact_with_crafting_table":25,"minecraft:open_barrel":5,"minecraft:damage_dealt_resisted":221,"minecraft:time_since_death":23237,"minecraft:climb_one_cm":2779,"minecraft:damage_resisted":0,"minecraft:sprint_one_cm":75068,"minecraft:walk_one_cm":207276,"minecraft:damage_blocked_by_shield":1140,"minecraft:drop":52,"minecraft:play_time":59699,"minecraft:deaths":3,"minecraft:sneak_time":3465,"minecraft:walk_under_water_one_cm":10680,"minecraft:boat_one_cm":22716,"minecraft:jump":805,"minecraft:walk_on_water_one_cm":25444,"minecraft:total_world_time":59699,"minecraft:interact_with_furnace":9,"spartanshields:shield_bash_hits":5,"minecraft:time_since_rest":23256,"minecraft:damage_taken":2143,"minecraft:damage_absorbed":16,"minecraft:damage_dealt":6841,"minecraft:swim_one_cm":42660,"minecraft:fly_one_cm":95325,"minecraft:player_kills":1,"minecraft:open_chest":15,"minecraft:crouch_one_cm":7509,"minecraft:fall_one_cm":10656},"minecraft:picked_up":{"minecraft:coarse_dirt":3,"minecraft:wheat":81,"minecraft:leather_leggings":1,"minecraft:stone_brick_wall":1,"minecraft:brewing_stand":1,"minecraft:string":12,"minecraft:oak_trapdoor":1,"minecraft:poppy":1,"minecraft:iron_pickaxe":1,"minecraft:coal_block":5,"minecraft:raw_iron":31,"apotheosis:gem":9,"minecraft:acacia_log":4,"minecraft:white_dye":2,"minecraft:stone_button":5,"minecraft:carrot":2,"minecraft:arrow":8,"minecraft:rotten_flesh":21,"minecraft:peony":6,"minecraft:diamond_boots":1,"minecraft:hay_block":5,"minecraft:iron_block":2,"minecraft:gold_ingot":3,"minecraft:cobblestone":23,"fight_or_die:springer_fragment":1,"minecraft:leather_chestplate":1,"minecraft:lilac":2,"minecraft:potato":3,"minecraft:oak_log":52,"minecraft:gunpowder":2,"minecraft:lapis_lazuli":2,"minecraft:dirt":31,"minecraft:paper":1,"minecraft:bone":7,"minecraft:stone_bricks":2,"minecraft:kelp":1,"minecraft:wheat_seeds":189,"minecraft:iron_ingot":2,"minecraft:glass_bottle":1,"minecraft:oak_planks":6,"minecraft:iron_sword":2,"minecraft:dandelion":1,"minecraft:spider_eye":2,"minecraft:leather_helmet":1,"minecraft:white_concrete_powder":2,"minecraft:iron_helmet":1,"minecraft:bread":4,"minecraft:emerald":2,"alexsmobs:maggot":2,"minecraft:oak_sapling":2,"minecraft:coal":12},"minecraft:mined":{"minecraft:brewing_stand":1,"minecraft:acacia_log":4,"minecraft:stone_brick_wall":1,"minecraft:grass_block":4,"minecraft:coal_block":5,"minecraft:white_concrete_powder":2,"minecraft:hay_block":6,"minecraft:iron_ore":30,"minecraft:peony":5,"minecraft:dirt_path":1,"minecraft:oak_stairs":1,"minecraft:purple_carpet":1,"minecraft:stone":18,"minecraft:iron_block":2,"minecraft:stone_brick_slab":1,"minecraft:white_stained_glass_pane":4,"minecraft:rose_bush":2,"minecraft:tall_grass":10,"minecraft:cobblestone":5,"minecraft:oak_planks":1,"minecraft:seagrass":1,"minecraft:coarse_dirt":3,"minecraft:wheat":46,"minecraft:lilac":1,"minecraft:grass":6,"minecraft:coal_ore":9,"minecraft:oak_log":48,"minecraft:dirt":3,"minecraft:cobweb":11,"minecraft:stone_bricks":3,"minecraft:oak_leaves":3,"minecraft:infested_stone":2},"minecraft:dropped":{"minecraft:bread":12,"minecraft:wheat_seeds":2,"minecraft:lilac":1,"minecraft:iron_helmet":1,"minecraft:leather_helmet":1,"spartanshields:stone_tower_shield":1,"minecraft:stone_button":5,"minecraft:dandelion":1,"minecraft:bone":1,"minecraft:kelp":1,"minecraft:iron_nugget":2,"minecraft:stone_sword":1,"minecraft:rotten_flesh":5,"minecraft:oak_planks":5,"minecraft:leather_chestplate":1,"minecraft:potato":1,"minecraft:shield":1,"minecraft:peony":6,"apotheosis:gem":2,"minecraft:oak_sapling":1,"minecraft:leather_leggings":1,"minecraft:stone_bricks":1,"minecraft:spider_eye":2,"minecraft:stone_pickaxe":1},"minecraft:killed":{"fight_or_die:springer":17,"minecraft:spider":3,"undead_revamp2:thesmoker":2,"undead_revamp2:bomber":1,"undead_revamp2:theswarmer":1,"minecraft:skeleton":4,"minecraft:silverfish":3,"undead_revamp2:the_moonflower":1,"minecraft:creeper":1,"royalvariations:royal_zombie":1,"minecraft:zombie":3,"minecraft:enderman":1},"minecraft:used":{"minecraft:stone_sword":37,"minecraft:white_concrete_powder":2,"minecraft:shield":7,"minecraft:iron_sword":123,"minecraft:iron_chestplate":1,"minecraft:dirt":31,"minecraft:carrot":2,"minecraft:iron_axe":40,"minecraft:stone_bricks":1,"minecraft:bow":8,"minecraft:acacia_planks":1,"minecraft:wheat_seeds":40,"minecraft:acacia_boat":1,"minecraft:stone_pickaxe":57,"minecraft:oak_planks":51,"minecraft:wooden_pickaxe":3,"spartanshields:iron_tower_shield":21,"minecraft:oak_slab":18,"minecraft:crafting_table":4,"spartanshields:stone_tower_shield":9,"minecraft:stone_brick_wall":1,"minecraft:bread":24,"minecraft:iron_pickaxe":21,"minecraft:coal_block":2,"minecraft:cobblestone":11,"quark:oak_chest":3,"minecraft:coarse_dirt":3}},"DataVersion":3465}