{
  "minecraft:story/shiny_gear": {
    "criteria": {
      "diamond_boots": "2024-07-06 23:36:52 +0000"
    },
    "done": true
  },
  "incendium:technical/using/trailblazer": {
    "criteria": {
      "log_spam_fixer": "2024-07-06 23:05:11 +0000"
    },
    "done": false
  },
  "takesapillage:root": {
    "criteria": {
      "always": "2024-07-06 23:05:09 +0000"
    },
    "done": true
  },
  "incendium:technical/scroll_of_returning": {
    "criteria": {
      "log_spam_fixer": "2024-07-06 23:05:11 +0000"
    },
    "done": false
  },
  "minecraft:story/obtain_armor": {
    "criteria": {
      "iron_leggings": "2024-07-06 23:57:46 +0000"
    },
    "done": true
  },
  "minecraft:adventure/root": {
    "criteria": {
      "killed_something": "2024-07-06 23:14:17 +0000"
    },
    "done": true
  },
  "apotheosis:affix/random": {
    "criteria": {
      "sword": "2024-07-06 23:14:18 +0000"
    },
    "done": true
  },
  "minecraft:adventure/kill_all_mobs": {
    "criteria": {
      "minecraft:skeleton": "2024-07-06 23:14:17 +0000",
      "minecraft:guardian": "2024-07-07 00:09:07 +0000",
      "minecraft:vindicator": "2024-07-06 23:36:23 +0000",
      "minecraft:spider": "2024-07-06 23:14:41 +0000",
      "minecraft:creeper": "2024-07-06 23:28:54 +0000",
      "minecraft:witch": "2024-07-07 00:06:27 +0000",
      "minecraft:zombie": "2024-07-06 23:55:41 +0000"
    },
    "done": false
  },
  "apotheosis:affix/rare_gem": {
    "criteria": {
      "gem": "2024-07-06 23:54:13 +0000"
    },
    "done": true
  },
  "minecraft:all_netherite_smithing": {
    "criteria": {
      "has_the_recipe": "2024-07-06 23:05:09 +0000"
    },
    "done": true
  },
  "alexsmobs:alexsmobs/skelewag": {
    "criteria": {
      "killed_by": "2024-07-07 00:05:42 +0000"
    },
    "done": true
  },
  "minecraft:story/iron_tools": {
    "criteria": {
      "iron_pickaxe": "2024-07-06 23:54:07 +0000"
    },
    "done": true
  },
  "minecraft:adventure/kill_a_mob": {
    "criteria": {
      "minecraft:skeleton": "2024-07-06 23:14:17 +0000"
    },
    "done": true
  },
  "minecraft:adventure/adventuring_time": {
    "criteria": {
      "minecraft:beach": "2024-07-06 23:07:22 +0000",
      "minecraft:mangrove_swamp": "2024-07-06 23:05:11 +0000",
      "minecraft:lukewarm_ocean": "2024-07-07 00:12:36 +0000",
      "minecraft:river": "2024-07-07 00:01:31 +0000",
      "minecraft:windswept_savanna": "2024-07-06 23:07:39 +0000",
      "minecraft:deep_lukewarm_ocean": "2024-07-06 23:10:37 +0000",
      "minecraft:savanna": "2024-07-06 23:09:45 +0000",
      "minecraft:plains": "2024-07-06 23:07:33 +0000"
    },
    "done": false
  },
  "incendium:technical/using/ragnarok": {
    "criteria": {
      "log_spam_fixer": "2024-07-06 23:05:11 +0000"
    },
    "done": false
  },
  "dungeons_arise:wda_root": {
    "criteria": {
      "WDA": "2024-07-06 23:05:09 +0000"
    },
    "done": true
  },
  "apotheosis:affix/rare": {
    "criteria": {
      "sword": "2024-07-06 23:14:18 +0000"
    },
    "done": true
  },
  "undead_revamp2:theundeadchallenges": {
    "criteria": {
      "theundeadchallenges": "2024-07-06 23:05:09 +0000"
    },
    "done": true
  },
  "apotheosis:give_book": {
    "criteria": {
      "tick": "2024-07-06 23:05:09 +0000"
    },
    "done": true
  },
  "apotheosis:affix/root": {
    "criteria": {
      "sword": "2024-07-06 23:12:33 +0000"
    },
    "done": true
  },
  "minecraft:husbandry/balanced_diet": {
    "criteria": {
      "cooked_porkchop": "2024-07-06 23:24:49 +0000",
      "cooked_beef": "2024-07-06 23:14:31 +0000",
      "apple": "2024-07-06 23:14:28 +0000",
      "bread": "2024-07-06 23:18:27 +0000",
      "cooked_chicken": "2024-07-06 23:15:07 +0000"
    },
    "done": false
  },
  "incendium:technical/using/shield": {
    "criteria": {
      "log_spam_fixer": "2024-07-06 23:05:11 +0000"
    },
    "done": false
  },
  "minecraft:story/mine_stone": {
    "criteria": {
      "get_stone": "2024-07-06 23:46:04 +0000"
    },
    "done": true
  },
  "minecraft:all_diamond": {
    "criteria": {
      "has_the_recipe": "2024-07-06 23:05:09 +0000"
    },
    "done": true
  },
  "minecraft:husbandry/root": {
    "criteria": {
      "consumed_item": "2024-07-06 23:11:58 +0000"
    },
    "done": true
  },
  "minecraft:all_wooden": {
    "criteria": {
      "has_the_recipe": "2024-07-06 23:05:09 +0000"
    },
    "done": true
  },
  "farmersdelight:main/root": {
    "criteria": {
      "seeds": "2024-07-06 23:05:09 +0000"
    },
    "done": true
  },
  "minecraft:story/upgrade_tools": {
    "criteria": {
      "stone_pickaxe": "2024-07-06 23:36:14 +0000"
    },
    "done": true
  },
  "alexsmobs:alexsmobs/root": {
    "criteria": {
      "useitem": "2024-07-06 23:11:58 +0000"
    },
    "done": true
  },
  "apotheosis:affix/boss": {
    "criteria": {
      "sword": "2024-07-06 23:36:24 +0000"
    },
    "done": true
  },
  "minecraft:all_stone": {
    "criteria": {
      "has_the_recipe": "2024-07-06 23:05:09 +0000"
    },
    "done": true
  },
  "apotheosis:affix/gem": {
    "criteria": {
      "gem": "2024-07-06 23:54:03 +0000"
    },
    "done": true
  },
  "minecraft:story/form_obsidian": {
    "criteria": {
      "obsidian": "2024-07-06 23:33:09 +0000"
    },
    "done": true
  },
  "incendium:technical/new_player": {
    "criteria": {
      "requirement": "2024-07-06 23:05:09 +0000"
    },
    "done": true
  },
  "minecraft:adventure/shoot_arrow": {
    "criteria": {
      "shot_arrow": "2024-07-06 23:56:58 +0000"
    },
    "done": true
  },
  "minecraft:all_iron": {
    "criteria": {
      "has_the_recipe": "2024-07-06 23:05:09 +0000"
    },
    "done": true
  },
  "minecraft:story/smelt_iron": {
    "criteria": {
      "iron": "2024-07-06 23:29:34 +0000"
    },
    "done": true
  },
  "DataVersion": 3465
}