{
  "incendium:technical/using/trailblazer": {
    "criteria": {
      "log_spam_fixer": "2024-07-06 23:05:11 +0000"
    },
    "done": false
  },
  "takesapillage:root": {
    "criteria": {
      "always": "2024-07-06 23:05:09 +0000"
    },
    "done": true
  },
  "incendium:technical/scroll_of_returning": {
    "criteria": {
      "log_spam_fixer": "2024-07-06 23:05:11 +0000"
    },
    "done": false
  },
  "minecraft:adventure/root": {
    "criteria": {
      "killed_something": "2024-07-06 23:14:17 +0000"
    },
    "done": true
  },
  "apotheosis:affix/random": {
    "criteria": {
      "sword": "2024-07-06 23:14:18 +0000"
    },
    "done": true
  },
  "minecraft:adventure/kill_all_mobs": {
    "criteria": {
      "minecraft:skeleton": "2024-07-06 23:14:17 +0000",
      "minecraft:spider": "2024-07-06 23:14:41 +0000"
    },
    "done": false
  },
  "minecraft:all_netherite_smithing": {
    "criteria": {
      "has_the_recipe": "2024-07-06 23:05:09 +0000"
    },
    "done": true
  },
  "minecraft:adventure/kill_a_mob": {
    "criteria": {
      "minecraft:skeleton": "2024-07-06 23:14:17 +0000"
    },
    "done": true
  },
  "minecraft:adventure/adventuring_time": {
    "criteria": {
      "minecraft:beach": "2024-07-06 23:07:22 +0000",
      "minecraft:mangrove_swamp": "2024-07-06 23:05:11 +0000",
      "minecraft:windswept_savanna": "2024-07-06 23:07:39 +0000",
      "minecraft:deep_lukewarm_ocean": "2024-07-06 23:10:37 +0000",
      "minecraft:savanna": "2024-07-06 23:09:45 +0000",
      "minecraft:plains": "2024-07-06 23:07:33 +0000"
    },
    "done": false
  },
  "incendium:technical/using/ragnarok": {
    "criteria": {
      "log_spam_fixer": "2024-07-06 23:05:11 +0000"
    },
    "done": false
  },
  "dungeons_arise:wda_root": {
    "criteria": {
      "WDA": "2024-07-06 23:05:09 +0000"
    },
    "done": true
  },
  "apotheosis:affix/rare": {
    "criteria": {
      "sword": "2024-07-06 23:14:18 +0000"
    },
    "done": true
  },
  "undead_revamp2:theundeadchallenges": {
    "criteria": {
      "theundeadchallenges": "2024-07-06 23:05:09 +0000"
    },
    "done": true
  },
  "apotheosis:give_book": {
    "criteria": {
      "tick": "2024-07-06 23:05:09 +0000"
    },
    "done": true
  },
  "apotheosis:affix/root": {
    "criteria": {
      "sword": "2024-07-06 23:12:33 +0000"
    },
    "done": true
  },
  "minecraft:husbandry/balanced_diet": {
    "criteria": {
      "cooked_beef": "2024-07-06 23:14:31 +0000",
      "apple": "2024-07-06 23:14:28 +0000",
      "cooked_chicken": "2024-07-06 23:15:07 +0000"
    },
    "done": false
  },
  "incendium:technical/using/shield": {
    "criteria": {
      "log_spam_fixer": "2024-07-06 23:05:11 +0000"
    },
    "done": false
  },
  "minecraft:all_diamond": {
    "criteria": {
      "has_the_recipe": "2024-07-06 23:05:09 +0000"
    },
    "done": true
  },
  "minecraft:husbandry/root": {
    "criteria": {
      "consumed_item": "2024-07-06 23:11:58 +0000"
    },
    "done": true
  },
  "minecraft:all_wooden": {
    "criteria": {
      "has_the_recipe": "2024-07-06 23:05:09 +0000"
    },
    "done": true
  },
  "farmersdelight:main/root": {
    "criteria": {
      "seeds": "2024-07-06 23:05:09 +0000"
    },
    "done": true
  },
  "alexsmobs:alexsmobs/root": {
    "criteria": {
      "useitem": "2024-07-06 23:11:58 +0000"
    },
    "done": true
  },
  "incendium:technical/on_inventory_change": {
    "criteria": {
      "requirement": "2024-07-06 23:17:05 +0000"
    },
    "done": false
  },
  "minecraft:all_stone": {
    "criteria": {
      "has_the_recipe": "2024-07-06 23:05:09 +0000"
    },
    "done": true
  },
  "incendium:technical/new_player": {
    "criteria": {
      "requirement": "2024-07-06 23:05:09 +0000"
    },
    "done": true
  },
  "minecraft:all_iron": {
    "criteria": {
      "has_the_recipe": "2024-07-06 23:05:09 +0000"
    },
    "done": true
  },
  "DataVersion": 3465
}